{
    "openapi": "3.0.0",
    "info": {
        "title": "Xmlpserver Services",
        "version": "1.0.0"
    },
    "servers": [
        {
            "url": "vb-catalog://backends/BipReportService"
        }
    ],
    "paths": {
        "/ExternalReportWSSService": {
            "post": {
                "operationId": "postExternalReportWSSService",
                "requestBody": {
                    "content": {
                        "application/soap+xml; charset=UTF-8": {}
                    }
                },
                "responses": {},
                "x-vb": {
                    "actionHint": "getMany",
                    "headers": {
                        "Content-Type": "application/soap+xml; charset=UTF-8"
                    }
                }
            }
        }
    }
}