{
    "openapi": "3.0.0",
    "info": {
        "version": "01.00.0000",
        "title": "ORDS_GL_CURRENCIES",
        "x-vb": {
            "serviceType": "ics"
        }
    },
    "servers": [
        {
            "url": "vb-catalog://backends/ics/ic/api/integration/v1/flows/rest"
        }
    ],
    "paths": {
        "/STP_PROC_EXT_005_BUYU_PO_CREATE/1.0/GetRequestID": {
            "post": {
                "tags": [
                    "Default Package/STP_PROC_EXT_005_BUYU_PO_CREATE|01.00.0000",
                    "Default Package"
                ],
                "operationId": "postSTP_PROC_EXT_005_BUYU_PO_CREATE1_0GetRequestID",
                "parameters": [],
                "requestBody": {
                    "content": {
                        "application/json": {
                            "schema": {
                                "$ref": "#/components/schemas/request-wrapper-1"
                            }
                        }
                    },
                    "required": false,
                    "x-examples": {
                        "application/json": "{\"REQUESTID\":\" \"}"
                    }
                },
                "responses": {
                    "500": {
                        "description": "Faults",
                        "content": {
                            "application/json": {
                                "schema": {
                                    "$ref": "#/components/schemas/APIInvocationError-2"
                                }
                            }
                        }
                    },
                    "default": {
                        "description": "A sample description of the Response",
                        "content": {
                            "application/json": {
                                "schema": {
                                    "$ref": "#/components/schemas/response-wrapper-2"
                                },
                                "examples": {
                                    "vb": {
                                        "value": "{\"STATUS\":\"ERROR\",\"STATUS MESSAGE\":\"H\"}"
                                    }
                                }
                            }
                        }
                    }
                },
                "security": [
                    {
                        "oauth2Authentication": []
                    },
                    {
                        "basicAuthentication": []
                    }
                ]
            }
        },
        "/STP_PROC_EXT_005_BUYE_PO_UPDATE/1.0/GetRequestID": {
            "post": {
                "tags": [
                    "Default Package/STP_PROC_EXT_005_BUYE_PO_UPDATE|01.00.0000",
                    "Default Package"
                ],
                "operationId": "postSTP_PROC_EXT_005_BUYE_PO_UPDATE1_0GetRequestID",
                "parameters": [],
                "requestBody": {
                    "content": {
                        "application/json": {
                            "schema": {
                                "$ref": "#/components/schemas/request-wrapper-2"
                            }
                        }
                    },
                    "required": false,
                    "x-examples": {
                        "application/json": "{\"REQUESTID\":\" \"}"
                    }
                },
                "responses": {
                    "500": {
                        "description": "Faults",
                        "content": {
                            "application/json": {
                                "schema": {
                                    "$ref": "#/components/schemas/APIInvocationError-3"
                                }
                            }
                        }
                    },
                    "default": {
                        "description": "A sample description of the Response",
                        "content": {
                            "application/json": {
                                "schema": {
                                    "$ref": "#/components/schemas/response-wrapper-3"
                                },
                                "examples": {
                                    "vb": {
                                        "value": "{\"STATUS\":\"ERROR\",\"STATUS MESSAGE\":\"H\"}"
                                    }
                                }
                            }
                        }
                    }
                },
                "security": [
                    {
                        "oauth2Authentication": []
                    },
                    {
                        "basicAuthentication": []
                    }
                ]
            }
        },
        "/STP_PROC_EXT_005_BUYE_PO_CRT_UPD/1.0/GetRequestId": {
            "post": {
                "tags": [
                    "Default Package/STP_PROC_EXT_005_BUYE_PO_CRT_UPD|01.00.0000",
                    "Default Package"
                ],
                "operationId": "postPOCreate",
                "parameters": [],
                "requestBody": {
                    "content": {
                        "application/json": {
                            "schema": {
                                "$ref": "#/components/schemas/request-wrapper-3"
                            },
                            "examples": {
                                "vb": {
                                    "summary": "Example stored by VB User",
                                    "externalValue": "./examples/postSTP_PROC_EXT_005_BUYE_PO_CRT_UPD1_0GetRequestId/request_application_json_vb.json"
                                }
                            }
                        }
                    },
                    "required": false,
                    "x-examples": {
                        "application/json": "{\"RequestId\":\" \"}"
                    }
                },
                "responses": {
                    "500": {
                        "description": "Faults",
                        "content": {
                            "application/json": {
                                "schema": {
                                    "$ref": "#/components/schemas/APIInvocationError-4"
                                }
                            }
                        }
                    },
                    "default": {
                        "description": "A sample description of the Response",
                        "content": {
                            "application/json": {
                                "schema": {
                                    "$ref": "#/components/schemas/response-wrapper-4"
                                },
                                "examples": {
                                    "vb": {
                                        "value": "{\"Status\":\"ERROR\",\"Status_Message\":\"H\"}"
                                    }
                                }
                            }
                        }
                    }
                },
                "security": [
                    {
                        "oauth2Authentication": []
                    },
                    {
                        "basicAuthentication": []
                    }
                ]
            }
        },
        "/STP_PROC_INT_012_V1/1.0/getItemOneCost": {
            "post": {
                "tags": [
                    "Default Package/STP_PROC_INT_012_V1|01.00.0000",
                    "Default Package"
                ],
                "operationId": "postSTP_PROC_INT_012_V1_1_0GetItemOneCost",
                "parameters": [],
                "requestBody": {
                    "content": {
                        "application/json": {
                            "schema": {
                                "$ref": "#/components/schemas/request-wrapper-4"
                            }
                        }
                    },
                    "required": false,
                    "x-examples": {
                        "application/json": "{\"POReceive\":{\"PONumber\":\"\",\"ReceiverID\":\"PRISM_ICCD\",\"ReferenceNumber\":\"5012332627\",\"REQ_BU\":\"EFG\",\"ShipDate\":\"2024-07-02T04:07:01Z\",\"SenderID\":\"MES-ICCD\",\"DocumentStyle\":\"Dell-Standard Purchase Order\",\"TransactionID\":\"5012332627\",\"FromLocation\":\"GHC\",\"POLine\":\"1\",\"Version\":\"1\",\"PRC_BU\":\"EFG\",\"Subinventory\":\"BW2WIP\",\"PartList\":{\"Part\":[{\"Effective_Date\":\"24-01-2024\",\"Mrid\":\"123\",\"VendorID\":\"10023\",\"CIValue\":\"24702.72\",\"Quantity\":\"336\",\"PartID\":\"10000050\",\"VendorLoc\":\"10023\"},{\"Effective_Date\":\"24-01-2024\",\"Mrid\":\"123\",\"VendorID\":\"10023\",\"CIValue\":\"24702.72\",\"Quantity\":\"336\",\"PartID\":\"10000050\",\"VendorLoc\":\"10023\"}]},\"BUYER\":\"EFG\",\"OrganizationCode\":\"EFG\",\"CorrelationID\":\"\",\"MessageTimeStamp\":\"2024-12-19T02:42:50\",\"MessageType\":\"MATERIAL_RECEIPT\",\"MessageID\":\"12347300-1B45-471B-8B82-D82785E667CB\",\"PackingSlip\":\"111109876\",\"ToLocation\":\"EFG\"}}"
                    }
                },
                "responses": {
                    "500": {
                        "description": "Faults",
                        "content": {
                            "application/json": {
                                "schema": {
                                    "$ref": "#/components/schemas/APIInvocationError-5"
                                }
                            }
                        }
                    },
                    "default": {
                        "description": "A sample description of the Response",
                        "content": {
                            "application/json": {
                                "schema": {
                                    "$ref": "#/components/schemas/response-wrapper-5"
                                },
                                "examples": {
                                    "vb": {
                                        "value": "{\"POReceive\":{\"PONumber\":\"\",\"ReceiverID\":\"PRISM_ICCD\",\"ReferenceNumber\":\"5012332627\",\"REQ_BU\":\"EFG\",\"ShipDate\":\"2024-07-02T04:07:01Z\",\"SenderID\":\"MES-ICCD\",\"DocumentStyle\":\"Dell-Standard Purchase Order\",\"TransactionID\":\"5012332627\",\"FromLocation\":\"GHC\",\"POLine\":\"1\",\"Version\":\"1\",\"PRC_BU\":\"EFG\",\"Subinventory\":\"BW2WIP\",\"PartList\":{\"Part\":[{\"OC_STATUS\":\"S\",\"Mrid\":\"123\",\"PRICE\":\"100\",\"ERROR_MESSAGE\":\"ABCDED\",\"VendorID\":\"10023\",\"priceType\":\"O\",\"Quantity\":\"336\",\"VendorLoc\":\"10023\",\"Effective_Date\":\"24-01-2024\",\"STATUS\":\"S\",\"CIValue\":\"24702.72\",\"OC_ERROR_MESSAGE\":\"ABCDED\",\"OC_ERROR_CODE\":\"123\",\"PartID\":\"10000050\"},{\"OC_STATUS\":\"S\",\"Mrid\":\"123\",\"PRICE\":\"100\",\"ERROR_MESSAGE\":\"ABCDED\",\"VendorID\":\"10023\",\"priceType\":\"O\",\"Quantity\":\"336\",\"VendorLoc\":\"10023\",\"Effective_Date\":\"24-01-2024\",\"STATUS\":\"S\",\"CIValue\":\"24702.72\",\"OC_ERROR_MESSAGE\":\"ABCDED\",\"OC_ERROR_CODE\":\"123\",\"PartID\":\"10000050\"}]},\"BUYER\":\"EFG\",\"OrganizationCode\":\"EFG\",\"CorrelationID\":\"\",\"MessageTimeStamp\":\"2024-12-19T02:42:50\",\"MessageType\":\"MATERIAL_RECEIPT\",\"MessageID\":\"12347300-1B45-471B-8B82-D82785E667CB\",\"PackingSlip\":\"111109876\",\"ToLocation\":\"EFG\"}}"
                                    }
                                }
                            }
                        }
                    }
                },
                "security": [
                    {
                        "oauth2Authentication": []
                    }
                ]
            }
        }
    },
    "components": {
        "schemas": {
            "APIInvocationError": {
                "type": "object",
                "required": [
                    "detail",
                    "errorCode",
                    "errorDetails",
                    "title",
                    "type"
                ],
                "properties": {
                    "type": {
                        "type": "string"
                    },
                    "title": {
                        "type": "string"
                    },
                    "detail": {
                        "type": "string"
                    },
                    "errorCode": {
                        "type": "string"
                    },
                    "errorDetails": {
                        "type": "array",
                        "items": {
                            "type": "object",
                            "properties": {
                                "type": {
                                    "type": "string"
                                },
                                "instance": {
                                    "type": "string"
                                },
                                "title": {
                                    "type": "string"
                                },
                                "errorPath": {
                                    "type": "string"
                                },
                                "errorCode": {
                                    "type": "string"
                                }
                            },
                            "required": [
                                "errorCode",
                                "errorPath",
                                "instance",
                                "title",
                                "type"
                            ]
                        },
                        "minItems": 1
                    }
                }
            },
            "response-wrapper": {
                "type": "object",
                "required": [
                    "count",
                    "hasMore",
                    "items",
                    "limit",
                    "links",
                    "offset"
                ],
                "properties": {
                    "items": {
                        "type": "array",
                        "items": {
                            "type": "object",
                            "properties": {
                                "currency_code": {
                                    "type": "string"
                                },
                                "currency_description": {
                                    "type": "string"
                                },
                                "enabled_flag": {
                                    "type": "string"
                                },
                                "start_date_active": {
                                    "type": "string"
                                },
                                "end_date_active": {
                                    "type": "string"
                                },
                                "last_updated_by": {
                                    "type": "string"
                                },
                                "last_update_date": {
                                    "type": "string"
                                }
                            },
                            "required": [
                                "currency_code",
                                "currency_description",
                                "enabled_flag",
                                "end_date_active",
                                "last_update_date",
                                "last_updated_by",
                                "start_date_active"
                            ]
                        },
                        "minItems": 1
                    },
                    "hasMore": {
                        "type": "boolean"
                    },
                    "limit": {
                        "type": "number"
                    },
                    "offset": {
                        "type": "number"
                    },
                    "count": {
                        "type": "number"
                    },
                    "links": {
                        "type": "array",
                        "items": {
                            "type": "object",
                            "properties": {
                                "rel": {
                                    "type": "string"
                                },
                                "href": {
                                    "type": "string"
                                }
                            },
                            "required": [
                                "href",
                                "rel"
                            ]
                        },
                        "minItems": 1
                    }
                },
                "example": "{\"offset\":0,\"hasMore\":true,\"limit\":100,\"count\":100,\"links\":[{\"rel\":\"self\",\"href\":\"https://avwtecqq.adb.me-dubai-1.oraclecloudapps.com/ords/uqxRUDK9/agscm/glcurrencies/1900-01-01T00:00:00\"},{\"rel\":\"describedby\",\"href\":\"https://avwtecqq.adb.me-dubai-1.oraclecloudapps.com/ords/uqxRUDK9/metadata-catalog/agscm/glcurrencies/item\"},{\"rel\":\"first\",\"href\":\"https://avwtecqq.adb.me-dubai-1.oraclecloudapps.com/ords/uqxRUDK9/agscm/glcurrencies/1900-01-01T00:00:00\"},{\"rel\":\"next\",\"href\":\"https://avwtecqq.adb.me-dubai-1.oraclecloudapps.com/ords/uqxRUDK9/agscm/glcurrencies/1900-01-01T00:00:00?offset=100\"}],\"items\":[{\"start_date_active\":null,\"last_updated_by\":\"SEED_DATA_FROM_APPLICATION\",\"currency_description\":\"Colombian Peso\",\"end_date_active\":null,\"currency_code\":\"COP\",\"enabled_flag\":\"Y\",\"last_update_date\":\"2016-03-31T20:44:41.774Z\"},{\"start_date_active\":null,\"last_updated_by\":\"SEED_DATA_FROM_APPLICATION\",\"currency_description\":\"Unidad de Valor Real\",\"end_date_active\":null,\"currency_code\":\"COU\",\"enabled_flag\":\"Y\",\"last_update_date\":\"2016-03-31T20:44:41.794Z\"},{\"start_date_active\":null,\"last_updated_by\":\"SEED_DATA_FROM_APPLICATION\",\"currency_description\":\"Costa Rican Colon\",\"end_date_active\":null,\"currency_code\":\"CRC\",\"enabled_flag\":\"Y\",\"last_update_date\":\"2016-03-31T20:44:41.811Z\"},{\"start_date_active\":null,\"last_updated_by\":\"SEED_DATA_FROM_APPLICATION\",\"currency_description\":\"Koruna\",\"end_date_active\":\"1994-08-12T00:00:00Z\",\"currency_code\":\"CSK\",\"enabled_flag\":\"Y\",\"last_update_date\":\"2015-05-26T21:07:07.976Z\"},{\"start_date_active\":null,\"last_updated_by\":\"SEED_DATA_FROM_APPLICATION\",\"currency_description\":\"Cuban Peso\",\"end_date_active\":null,\"currency_code\":\"CUP\",\"enabled_flag\":\"Y\",\"last_update_date\":\"2016-03-31T20:44:41.841Z\"},{\"start_date_active\":null,\"last_updated_by\":\"SEED_DATA_FROM_APPLICATION\",\"currency_description\":\"Cape Verde Escudo\",\"end_date_active\":null,\"currency_code\":\"CVE\",\"enabled_flag\":\"Y\",\"last_update_date\":\"2016-03-31T20:44:41.864Z\"},{\"start_date_active\":null,\"last_updated_by\":\"SEED_DATA_FROM_APPLICATION\",\"currency_description\":\"Cyprus Pound\",\"end_date_active\":null,\"currency_code\":\"CYP\",\"enabled_flag\":\"Y\",\"last_update_date\":\"2015-05-26T21:07:08.008Z\"},{\"start_date_active\":null,\"last_updated_by\":\"SEED_DATA_FROM_APPLICATION\",\"currency_description\":\"Czech Koruna\",\"end_date_active\":null,\"currency_code\":\"CZK\",\"enabled_flag\":\"Y\",\"last_update_date\":\"2016-03-31T20:44:41.890Z\"},{\"start_date_active\":null,\"last_updated_by\":\"SEED_DATA_FROM_APPLICATION\",\"currency_description\":\"Deutsche Mark\",\"end_date_active\":null,\"currency_code\":\"DEM\",\"enabled_flag\":\"Y\",\"last_update_date\":\"2015-05-26T21:07:08.028Z\"},{\"start_date_active\":null,\"last_updated_by\":\"SEED_DATA_FROM_APPLICATION\",\"currency_description\":\"Djibouti Franc\",\"end_date_active\":null,\"currency_code\":\"DJF\",\"enabled_flag\":\"Y\",\"last_update_date\":\"2016-03-31T20:44:41.911Z\"},{\"start_date_active\":null,\"last_updated_by\":\"SEED_DATA_FROM_APPLICATION\",\"currency_description\":\"Danish Krone\",\"end_date_active\":null,\"currency_code\":\"DKK\",\"enabled_flag\":\"Y\",\"last_update_date\":\"2016-03-31T20:44:41.927Z\"},{\"start_date_active\":null,\"last_updated_by\":\"SEED_DATA_FROM_APPLICATION\",\"currency_description\":\"Dominican Peso\",\"end_date_active\":null,\"currency_code\":\"DOP\",\"enabled_flag\":\"Y\",\"last_update_date\":\"2016-03-31T20:44:41.943Z\"},{\"start_date_active\":null,\"last_updated_by\":\"SEED_DATA_FROM_APPLICATION\",\"currency_description\":\"Algerian Dinar\",\"end_date_active\":null,\"currency_code\":\"DZD\",\"enabled_flag\":\"Y\",\"last_update_date\":\"2016-03-31T20:44:41.960Z\"},{\"start_date_active\":null,\"last_updated_by\":\"SEED_DATA_FROM_APPLICATION\",\"currency_description\":\"Sucre\",\"end_date_active\":null,\"currency_code\":\"ECS\",\"enabled_flag\":\"Y\",\"last_update_date\":\"2015-05-26T21:07:08.080Z\"},{\"start_date_active\":null,\"last_updated_by\":\"SEED_DATA_FROM_APPLICATION\",\"currency_description\":\"Unidad de Valor Constante (UVC)\",\"end_date_active\":null,\"currency_code\":\"ECV\",\"enabled_flag\":\"Y\",\"last_update_date\":\"2015-05-26T21:07:08.088Z\"},{\"start_date_active\":null,\"last_updated_by\":\"SEED_DATA_FROM_APPLICATION\",\"currency_description\":\"Kroon\",\"end_date_active\":null,\"currency_code\":\"EEK\",\"enabled_flag\":\"Y\",\"last_update_date\":\"2015-05-26T21:07:08.096Z\"},{\"start_date_active\":null,\"last_updated_by\":\"SEED_DATA_FROM_APPLICATION\",\"currency_description\":\"Egyptian Pound\",\"end_date_active\":null,\"currency_code\":\"EGP\",\"enabled_flag\":\"Y\",\"last_update_date\":\"2016-03-31T20:44:41.986Z\"},{\"start_date_active\":null,\"last_updated_by\":\"SEED_DATA_FROM_APPLICATION\",\"currency_description\":\"Nakfa\",\"end_date_active\":null,\"currency_code\":\"ERN\",\"enabled_flag\":\"Y\",\"last_update_date\":\"2016-03-31T20:44:42.010Z\"},{\"start_date_active\":null,\"last_updated_by\":\"SEED_DATA_FROM_APPLICATION\",\"currency_description\":\"Convertible Peseta Accounts\",\"end_date_active\":\"1993-12-01T00:00:00Z\",\"currency_code\":\"ESB\",\"enabled_flag\":\"Y\",\"last_update_date\":\"2015-05-26T21:07:08.124Z\"},{\"start_date_active\":null,\"last_updated_by\":\"SEED_DATA_FROM_APPLICATION\",\"currency_description\":\"Spanish Peseta\",\"end_date_active\":null,\"currency_code\":\"ESP\",\"enabled_flag\":\"Y\",\"last_update_date\":\"2015-05-26T21:07:08.132Z\"},{\"start_date_active\":null,\"last_updated_by\":\"SEED_DATA_FROM_APPLICATION\",\"currency_description\":\"Ethiopian Birr\",\"end_date_active\":null,\"currency_code\":\"ETB\",\"enabled_flag\":\"Y\",\"last_update_date\":\"2016-03-31T20:44:42.034Z\"},{\"start_date_active\":null,\"last_updated_by\":\"SEED_DATA_FROM_APPLICATION\",\"currency_description\":\"Pan-European Currency\",\"end_date_active\":null,\"currency_code\":\"EUR\",\"enabled_flag\":\"Y\",\"last_update_date\":\"2016-03-31T20:44:42.050Z\"},{\"start_date_active\":null,\"last_updated_by\":\"SEED_DATA_FROM_APPLICATION\",\"currency_description\":\"Markka\",\"end_date_active\":null,\"currency_code\":\"FIM\",\"enabled_flag\":\"Y\",\"last_update_date\":\"2015-05-26T21:07:08.156Z\"},{\"start_date_active\":null,\"last_updated_by\":\"SEED_DATA_FROM_APPLICATION\",\"currency_description\":\"Uruguay Peso en Unidades Indexadas\",\"end_date_active\":null,\"currency_code\":\"UYI\",\"enabled_flag\":\"Y\",\"last_update_date\":\"2016-03-31T20:44:43.962Z\"},{\"start_date_active\":null,\"last_updated_by\":\"SEED_DATA_FROM_APPLICATION\",\"currency_description\":\"CFP Franc\",\"end_date_active\":null,\"currency_code\":\"XPF\",\"enabled_flag\":\"Y\",\"last_update_date\":\"2016-03-31T20:44:44.283Z\"},{\"start_date_active\":null,\"last_updated_by\":\"SEED_DATA_FROM_APPLICATION\",\"currency_description\":\"Platinum\",\"end_date_active\":null,\"currency_code\":\"XPT\",\"enabled_flag\":\"Y\",\"last_update_date\":\"2016-03-31T20:44:44.298Z\"},{\"start_date_active\":null,\"last_updated_by\":\"SEED_DATA_FROM_APPLICATION\",\"currency_description\":\"Code specifically reserved for testing purposes\",\"end_date_active\":null,\"currency_code\":\"XTS\",\"enabled_flag\":\"Y\",\"last_update_date\":\"2016-03-31T20:44:44.316Z\"},{\"start_date_active\":null,\"last_updated_by\":\"SEED_DATA_FROM_APPLICATION\",\"currency_description\":\"Code assigned for transactions where no currency is involved\",\"end_date_active\":null,\"currency_code\":\"XXX\",\"enabled_flag\":\"Y\",\"last_update_date\":\"2016-03-31T20:44:44.332Z\"},{\"start_date_active\":null,\"last_updated_by\":\"SEED_DATA_FROM_APPLICATION\",\"currency_description\":\"Yemeni Dinar\",\"end_date_active\":\"1994-08-12T00:00:00Z\",\"currency_code\":\"YDD\",\"enabled_flag\":\"Y\",\"last_update_date\":\"2015-05-26T21:07:10.695Z\"},{\"start_date_active\":null,\"last_updated_by\":\"SEED_DATA_FROM_APPLICATION\",\"currency_description\":\"Yemeni Rial\",\"end_date_active\":null,\"currency_code\":\"YER\",\"enabled_flag\":\"Y\",\"last_update_date\":\"2016-03-31T20:44:44.353Z\"},{\"start_date_active\":null,\"last_updated_by\":\"SEED_DATA_FROM_APPLICATION\",\"currency_description\":\"New Yugoslavian Dinar\",\"end_date_active\":\"1994-08-12T00:00:00Z\",\"currency_code\":\"YUD\",\"enabled_flag\":\"Y\",\"last_update_date\":\"2015-05-26T21:07:10.715Z\"},{\"start_date_active\":null,\"last_updated_by\":\"SEED_DATA_FROM_APPLICATION\",\"currency_description\":\"Yugoslavian Dinar\",\"end_date_active\":null,\"currency_code\":\"YUM\",\"enabled_flag\":\"Y\",\"last_update_date\":\"2015-05-26T21:07:10.735Z\"},{\"start_date_active\":null,\"last_updated_by\":\"SEED_DATA_FROM_APPLICATION\",\"currency_description\":\"Yugoslavian Dinar (Obsolete)\",\"end_date_active\":null,\"currency_code\":\"YUN\",\"enabled_flag\":\"Y\",\"last_update_date\":\"2015-05-26T21:07:10.755Z\"},{\"start_date_active\":null,\"last_updated_by\":\"SEED_DATA_FROM_APPLICATION\",\"currency_description\":\"Financial Rand\",\"end_date_active\":null,\"currency_code\":\"ZAL\",\"enabled_flag\":\"Y\",\"last_update_date\":\"2015-05-26T21:07:10.775Z\"},{\"start_date_active\":null,\"last_updated_by\":\"SEED_DATA_FROM_APPLICATION\",\"currency_description\":\"Rand\",\"end_date_active\":null,\"currency_code\":\"ZAR\",\"enabled_flag\":\"Y\",\"last_update_date\":\"2016-03-31T20:44:44.386Z\"},{\"start_date_active\":null,\"last_updated_by\":\"SEED_DATA_FROM_APPLICATION\",\"currency_description\":\"Zambian Kwacha (Obsolete)\",\"end_date_active\":\"2013-06-30T00:00:00Z\",\"currency_code\":\"ZMK\",\"enabled_flag\":\"Y\",\"last_update_date\":\"2016-10-14T13:18:25.967Z\"},{\"start_date_active\":null,\"last_updated_by\":\"SEED_DATA_FROM_APPLICATION\",\"currency_description\":\"New Zaire\",\"end_date_active\":null,\"currency_code\":\"ZRN\",\"enabled_flag\":\"Y\",\"last_update_date\":\"2015-05-26T21:07:10.815Z\"},{\"start_date_active\":null,\"last_updated_by\":\"SEED_DATA_FROM_APPLICATION\",\"currency_description\":\"Zaire\",\"end_date_active\":\"1994-08-12T00:00:00Z\",\"currency_code\":\"ZRZ\",\"enabled_flag\":\"Y\",\"last_update_date\":\"2015-05-26T21:07:10.835Z\"},{\"start_date_active\":null,\"last_updated_by\":\"SEED_DATA_FROM_APPLICATION\",\"currency_description\":\"Zimbabwe Dollar (Obsolete Much Earlier)\",\"end_date_active\":\"2008-08-01T00:00:00Z\",\"currency_code\":\"ZWD\",\"enabled_flag\":\"Y\",\"last_update_date\":\"2021-01-14T19:02:22.753Z\"},{\"start_date_active\":null,\"last_updated_by\":\"SEED_DATA_FROM_APPLICATION\",\"currency_description\":\"Uruguayan Peso\",\"end_date_active\":\"1994-08-12T00:00:00Z\",\"currency_code\":\"UYP\",\"enabled_flag\":\"Y\",\"last_update_date\":\"2015-05-26T21:07:10.245Z\"},{\"start_date_active\":null,\"last_updated_by\":\"SEED_DATA_FROM_APPLICATION\",\"currency_description\":\"Peso Uruguayo\",\"end_date_active\":null,\"currency_code\":\"UYU\",\"enabled_flag\":\"Y\",\"last_update_date\":\"2016-03-31T20:44:43.981Z\"},{\"start_date_active\":null,\"last_updated_by\":\"SEED_DATA_FROM_APPLICATION\",\"currency_description\":\"Uzbekistan Sum\",\"end_date_active\":null,\"currency_code\":\"UZS\",\"enabled_flag\":\"Y\",\"last_update_date\":\"2016-03-31T20:44:43.997Z\"},{\"start_date_active\":null,\"last_updated_by\":\"SEED_DATA_FROM_APPLICATION\",\"currency_description\":\"Bolivar\",\"end_date_active\":\"2007-12-31T00:00:00Z\",\"currency_code\":\"VEB\",\"enabled_flag\":\"Y\",\"last_update_date\":\"2015-05-26T21:07:10.305Z\"},{\"start_date_active\":\"2008-01-01\",\"last_updated_by\":\"SEED_DATA_FROM_APPLICATION\",\"currency_description\":\"Bolivar Fuerte\",\"end_date_active\":\"2018-08-03T00:00:00Z\",\"currency_code\":\"VEF\",\"enabled_flag\":\"Y\",\"last_update_date\":\"2019-01-17T20:18:35Z\"},{\"start_date_active\":null,\"last_updated_by\":\"SEED_DATA_FROM_APPLICATION\",\"currency_description\":\"Dong\",\"end_date_active\":null,\"currency_code\":\"VND\",\"enabled_flag\":\"Y\",\"last_update_date\":\"2016-03-31T20:44:44.031Z\"},{\"start_date_active\":null,\"last_updated_by\":\"SEED_DATA_FROM_APPLICATION\",\"currency_description\":\"Vatu\",\"end_date_active\":null,\"currency_code\":\"VUV\",\"enabled_flag\":\"Y\",\"last_update_date\":\"2016-03-31T20:44:44.046Z\"},{\"start_date_active\":null,\"last_updated_by\":\"SEED_DATA_FROM_APPLICATION\",\"currency_description\":\"Norwegian Krone\",\"end_date_active\":null,\"currency_code\":\"NOK\",\"enabled_flag\":\"Y\",\"last_update_date\":\"2016-03-31T20:44:43.180Z\"},{\"start_date_active\":null,\"last_updated_by\":\"SEED_DATA_FROM_APPLICATION\",\"currency_description\":\"Nepalese Rupee\",\"end_date_active\":null,\"currency_code\":\"NPR\",\"enabled_flag\":\"Y\",\"last_update_date\":\"2016-03-31T20:44:43.196Z\"},{\"start_date_active\":null,\"last_updated_by\":\"SEED_DATA_FROM_APPLICATION\",\"currency_description\":\"New Zealand Dollar\",\"end_date_active\":null,\"currency_code\":\"NZD\",\"enabled_flag\":\"Y\",\"last_update_date\":\"2016-03-31T20:44:43.212Z\"},{\"start_date_active\":null,\"last_updated_by\":\"SEED_DATA_FROM_APPLICATION\",\"currency_description\":\"Rial Omani\",\"end_date_active\":null,\"currency_code\":\"OMR\",\"enabled_flag\":\"Y\",\"last_update_date\":\"2016-03-31T20:44:43.227Z\"},{\"start_date_active\":null,\"last_updated_by\":\"SEED_DATA_FROM_APPLICATION\",\"currency_description\":\"Balboa\",\"end_date_active\":null,\"currency_code\":\"PAB\",\"enabled_flag\":\"Y\",\"last_update_date\":\"2016-03-31T20:44:43.244Z\"},{\"start_date_active\":null,\"last_updated_by\":\"SEED_DATA_FROM_APPLICATION\",\"currency_description\":\"Inti\",\"end_date_active\":\"1994-08-12T00:00:00Z\",\"currency_code\":\"PEI\",\"enabled_flag\":\"Y\",\"last_update_date\":\"2015-05-26T21:07:09.308Z\"},{\"start_date_active\":null,\"last_updated_by\":\"SEED_DATA_FROM_APPLICATION\",\"currency_description\":\"Nuevo Sol\",\"end_date_active\":null,\"currency_code\":\"PEN\",\"enabled_flag\":\"Y\",\"last_update_date\":\"2016-03-31T20:44:43.263Z\"},{\"start_date_active\":null,\"last_updated_by\":\"SEED_DATA_FROM_APPLICATION\",\"currency_description\":\"Kina\",\"end_date_active\":null,\"currency_code\":\"PGK\",\"enabled_flag\":\"Y\",\"last_update_date\":\"2016-03-31T20:44:43.280Z\"},{\"start_date_active\":null,\"last_updated_by\":\"SEED_DATA_FROM_APPLICATION\",\"currency_description\":\"Philippine Peso\",\"end_date_active\":null,\"currency_code\":\"PHP\",\"enabled_flag\":\"Y\",\"last_update_date\":\"2016-03-31T20:44:43.296Z\"},{\"start_date_active\":null,\"last_updated_by\":\"SEED_DATA_FROM_APPLICATION\",\"currency_description\":\"Pakistan Rupee\",\"end_date_active\":null,\"currency_code\":\"PKR\",\"enabled_flag\":\"Y\",\"last_update_date\":\"2016-03-31T20:44:43.316Z\"},{\"start_date_active\":null,\"last_updated_by\":\"SEED_DATA_FROM_APPLICATION\",\"currency_description\":\"Zloty\",\"end_date_active\":null,\"currency_code\":\"PLN\",\"enabled_flag\":\"Y\",\"last_update_date\":\"2016-03-31T20:44:43.332Z\"},{\"start_date_active\":null,\"last_updated_by\":\"SEED_DATA_FROM_APPLICATION\",\"currency_description\":\"Zloty (Obsolete)\",\"end_date_active\":null,\"currency_code\":\"PLZ\",\"enabled_flag\":\"Y\",\"last_update_date\":\"2015-05-26T21:07:09.388Z\"},{\"start_date_active\":null,\"last_updated_by\":\"SEED_DATA_FROM_APPLICATION\",\"currency_description\":\"Portuguese Escudo\",\"end_date_active\":null,\"currency_code\":\"PTE\",\"enabled_flag\":\"Y\",\"last_update_date\":\"2015-05-26T21:07:09.408Z\"},{\"start_date_active\":null,\"last_updated_by\":\"SEED_DATA_FROM_APPLICATION\",\"currency_description\":\"Guarani\",\"end_date_active\":null,\"currency_code\":\"PYG\",\"enabled_flag\":\"Y\",\"last_update_date\":\"2016-03-31T20:44:43.354Z\"},{\"start_date_active\":null,\"last_updated_by\":\"SEED_DATA_FROM_APPLICATION\",\"currency_description\":\"Qatari Rial\",\"end_date_active\":null,\"currency_code\":\"QAR\",\"enabled_flag\":\"Y\",\"last_update_date\":\"2016-03-31T20:44:43.370Z\"},{\"start_date_active\":null,\"last_updated_by\":\"SEED_DATA_FROM_APPLICATION\",\"currency_description\":\"Leu\",\"end_date_active\":\"2006-12-31T00:00:00Z\",\"currency_code\":\"ROL\",\"enabled_flag\":\"Y\",\"last_update_date\":\"2015-05-26T21:07:09.441Z\"},{\"start_date_active\":null,\"last_updated_by\":\"SEED_DATA_FROM_APPLICATION\",\"currency_description\":\"Bahraini Dinar\",\"end_date_active\":null,\"currency_code\":\"BHD\",\"enabled_flag\":\"Y\",\"last_update_date\":\"2016-03-31T20:44:41.383Z\"},{\"start_date_active\":null,\"last_updated_by\":\"SEED_DATA_FROM_APPLICATION\",\"currency_description\":\"Burundi Franc\",\"end_date_active\":null,\"currency_code\":\"BIF\",\"enabled_flag\":\"Y\",\"last_update_date\":\"2016-03-31T20:44:41.400Z\"},{\"start_date_active\":null,\"last_updated_by\":\"SEED_DATA_FROM_APPLICATION\",\"currency_description\":\"Bermudian Dollar\",\"end_date_active\":null,\"currency_code\":\"BMD\",\"enabled_flag\":\"Y\",\"last_update_date\":\"2017-07-06T23:47:53.173Z\"},{\"start_date_active\":null,\"last_updated_by\":\"SEED_DATA_FROM_APPLICATION\",\"currency_description\":\"Brunei Dollar\",\"end_date_active\":null,\"currency_code\":\"BND\",\"enabled_flag\":\"Y\",\"last_update_date\":\"2016-03-31T20:44:41.439Z\"},{\"start_date_active\":null,\"last_updated_by\":\"SEED_DATA_FROM_APPLICATION\",\"currency_description\":\"Boliviano\",\"end_date_active\":null,\"currency_code\":\"BOB\",\"enabled_flag\":\"Y\",\"last_update_date\":\"2016-03-31T20:44:41.464Z\"},{\"start_date_active\":null,\"last_updated_by\":\"SEED_DATA_FROM_APPLICATION\",\"currency_description\":\"Mvdol\",\"end_date_active\":null,\"currency_code\":\"BOV\",\"enabled_flag\":\"Y\",\"last_update_date\":\"2016-03-31T20:44:41.481Z\"},{\"start_date_active\":null,\"last_updated_by\":\"SEED_DATA_FROM_APPLICATION\",\"currency_description\":\"Cruzado\",\"end_date_active\":\"1994-08-12T00:00:00Z\",\"currency_code\":\"BRC\",\"enabled_flag\":\"Y\",\"last_update_date\":\"2015-05-26T21:07:07.762Z\"},{\"start_date_active\":null,\"last_updated_by\":\"SEED_DATA_FROM_APPLICATION\",\"currency_description\":\"Brazilian Real\",\"end_date_active\":null,\"currency_code\":\"BRL\",\"enabled_flag\":\"Y\",\"last_update_date\":\"2016-03-31T20:44:41.500Z\"},{\"start_date_active\":null,\"last_updated_by\":\"SEED_DATA_FROM_APPLICATION\",\"currency_description\":\"Bahamian Dollar\",\"end_date_active\":null,\"currency_code\":\"BSD\",\"enabled_flag\":\"Y\",\"last_update_date\":\"2016-03-31T20:44:41.516Z\"},{\"start_date_active\":null,\"last_updated_by\":\"SEED_DATA_FROM_APPLICATION\",\"currency_description\":\"Ngultrum\",\"end_date_active\":null,\"currency_code\":\"BTN\",\"enabled_flag\":\"Y\",\"last_update_date\":\"2016-03-31T20:44:41.532Z\"},{\"start_date_active\":null,\"last_updated_by\":\"SEED_DATA_FROM_APPLICATION\",\"currency_description\":\"Kyat\",\"end_date_active\":\"1994-08-12T00:00:00Z\",\"currency_code\":\"BUK\",\"enabled_flag\":\"Y\",\"last_update_date\":\"2015-05-26T21:07:07.804Z\"},{\"start_date_active\":null,\"last_updated_by\":\"SEED_DATA_FROM_APPLICATION\",\"currency_description\":\"Pula\",\"end_date_active\":null,\"currency_code\":\"BWP\",\"enabled_flag\":\"Y\",\"last_update_date\":\"2016-03-31T20:44:41.551Z\"},{\"start_date_active\":null,\"last_updated_by\":\"SEED_DATA_FROM_APPLICATION\",\"currency_description\":\"The currency of Belarus withdrawn in year 2000 and replaced with BYR\",\"end_date_active\":\"2000-12-31T00:00:00Z\",\"currency_code\":\"BYB\",\"enabled_flag\":\"Y\",\"last_update_date\":\"2018-07-13T02:43:01Z\"},{\"start_date_active\":null,\"last_updated_by\":\"SEED_DATA_FROM_APPLICATION\",\"currency_description\":\"The currency of Belarus withdrawn in year 2016 and replaced with BYN\",\"end_date_active\":\"2016-12-31T00:00:00Z\",\"currency_code\":\"BYR\",\"enabled_flag\":\"Y\",\"last_update_date\":\"2018-07-13T02:43:01.355Z\"},{\"start_date_active\":null,\"last_updated_by\":\"SEED_DATA_FROM_APPLICATION\",\"currency_description\":\"Belize Dollar\",\"end_date_active\":null,\"currency_code\":\"BZD\",\"enabled_flag\":\"Y\",\"last_update_date\":\"2016-03-31T20:44:41.606Z\"},{\"start_date_active\":null,\"last_updated_by\":\"SEED_DATA_FROM_APPLICATION\",\"currency_description\":\"Canadian Dollars\",\"end_date_active\":null,\"currency_code\":\"CAD\",\"enabled_flag\":\"Y\",\"last_update_date\":\"2016-03-31T20:44:41.622Z\"},{\"start_date_active\":null,\"last_updated_by\":\"SEED_DATA_FROM_APPLICATION\",\"currency_description\":\"Franc Congolais\",\"end_date_active\":null,\"currency_code\":\"CDF\",\"enabled_flag\":\"Y\",\"last_update_date\":\"2016-03-31T20:44:41.647Z\"},{\"start_date_active\":null,\"last_updated_by\":\"SEED_DATA_FROM_APPLICATION\",\"currency_description\":\"WIR Euro\",\"end_date_active\":null,\"currency_code\":\"CHE\",\"enabled_flag\":\"Y\",\"last_update_date\":\"2016-03-31T20:44:41.664Z\"},{\"start_date_active\":null,\"last_updated_by\":\"SEED_DATA_FROM_APPLICATION\",\"currency_description\":\"Swiss Franc\",\"end_date_active\":null,\"currency_code\":\"CHF\",\"enabled_flag\":\"Y\",\"last_update_date\":\"2016-03-31T20:44:41.681Z\"},{\"start_date_active\":null,\"last_updated_by\":\"SEED_DATA_FROM_APPLICATION\",\"currency_description\":\"WIR Franc\",\"end_date_active\":null,\"currency_code\":\"CHW\",\"enabled_flag\":\"Y\",\"last_update_date\":\"2016-03-31T20:44:41.704Z\"},{\"start_date_active\":null,\"last_updated_by\":\"SEED_DATA_FROM_APPLICATION\",\"currency_description\":\"Unidad de Fomento\",\"end_date_active\":null,\"currency_code\":\"CLF\",\"enabled_flag\":\"Y\",\"last_update_date\":\"2016-03-31T20:44:41.721Z\"},{\"start_date_active\":null,\"last_updated_by\":\"SEED_DATA_FROM_APPLICATION\",\"currency_description\":\"Chilean Peso\",\"end_date_active\":null,\"currency_code\":\"CLP\",\"enabled_flag\":\"Y\",\"last_update_date\":\"2016-03-31T20:44:41.739Z\"},{\"start_date_active\":null,\"last_updated_by\":\"SEED_DATA_FROM_APPLICATION\",\"currency_description\":\"Yuan Renminbi\",\"end_date_active\":null,\"currency_code\":\"CNY\",\"enabled_flag\":\"Y\",\"last_update_date\":\"2016-03-31T20:44:41.757Z\"},{\"start_date_active\":null,\"last_updated_by\":\"SEED_DATA_FROM_APPLICATION\",\"currency_description\":\"Fiji Dollar\",\"end_date_active\":null,\"currency_code\":\"FJD\",\"enabled_flag\":\"Y\",\"last_update_date\":\"2016-03-31T20:44:42.071Z\"},{\"start_date_active\":null,\"last_updated_by\":\"SEED_DATA_FROM_APPLICATION\",\"currency_description\":\"Falkland Islands Pound\",\"end_date_active\":null,\"currency_code\":\"FKP\",\"enabled_flag\":\"Y\",\"last_update_date\":\"2016-03-31T20:44:42.091Z\"},{\"start_date_active\":null,\"last_updated_by\":\"SEED_DATA_FROM_APPLICATION\",\"currency_description\":\"French Franc\",\"end_date_active\":null,\"currency_code\":\"FRF\",\"enabled_flag\":\"Y\",\"last_update_date\":\"2015-05-26T21:07:08.180Z\"},{\"start_date_active\":null,\"last_updated_by\":\"SEED_DATA_FROM_APPLICATION\",\"currency_description\":\"Pound Sterling\",\"end_date_active\":null,\"currency_code\":\"GBP\",\"enabled_flag\":\"Y\",\"last_update_date\":\"2016-03-31T20:44:42.111Z\"},{\"start_date_active\":null,\"last_updated_by\":\"SEED_DATA_FROM_APPLICATION\",\"currency_description\":\"Georgian Coupon\",\"end_date_active\":null,\"currency_code\":\"GEK\",\"enabled_flag\":\"Y\",\"last_update_date\":\"2015-05-26T21:07:08.213Z\"},{\"start_date_active\":null,\"last_updated_by\":\"SEED_DATA_FROM_APPLICATION\",\"currency_description\":\"Lari\",\"end_date_active\":null,\"currency_code\":\"GEL\",\"enabled_flag\":\"Y\",\"last_update_date\":\"2016-03-31T20:44:42.132Z\"},{\"start_date_active\":null,\"last_updated_by\":\"SEED_DATA_FROM_APPLICATION\",\"currency_description\":\"Ghana Cedi (old)\",\"end_date_active\":null,\"currency_code\":\"GHC\",\"enabled_flag\":\"Y\",\"last_update_date\":\"2015-05-26T21:07:08.236Z\"},{\"start_date_active\":null,\"last_updated_by\":\"SEED_DATA_FROM_APPLICATION\",\"currency_description\":\"Ghana Cedi\",\"end_date_active\":null,\"currency_code\":\"GHS\",\"enabled_flag\":\"Y\",\"last_update_date\":\"2016-03-31T20:44:42.151Z\"},{\"start_date_active\":null,\"last_updated_by\":\"SEED_DATA_FROM_APPLICATION\",\"currency_description\":\"Gibraltar Pound\",\"end_date_active\":null,\"currency_code\":\"GIP\",\"enabled_flag\":\"Y\",\"last_update_date\":\"2016-03-31T20:44:42.173Z\"},{\"start_date_active\":null,\"last_updated_by\":\"SEED_DATA_FROM_APPLICATION\",\"currency_description\":\"Dalasi\",\"end_date_active\":null,\"currency_code\":\"GMD\",\"enabled_flag\":\"Y\",\"last_update_date\":\"2016-03-31T20:44:42.188Z\"},{\"start_date_active\":null,\"last_updated_by\":\"SEED_DATA_FROM_APPLICATION\",\"currency_description\":\"Guinea Franc\",\"end_date_active\":null,\"currency_code\":\"GNF\",\"enabled_flag\":\"Y\",\"last_update_date\":\"2016-03-31T20:44:42.202Z\"},{\"start_date_active\":null,\"last_updated_by\":\"SEED_DATA_FROM_APPLICATION\",\"currency_description\":\"Drachma\",\"end_date_active\":null,\"currency_code\":\"GRD\",\"enabled_flag\":\"Y\",\"last_update_date\":\"2015-05-26T21:07:08.313Z\"},{\"start_date_active\":null,\"last_updated_by\":\"SEED_DATA_FROM_APPLICATION\",\"currency_description\":\"Quetzal\",\"end_date_active\":null,\"currency_code\":\"GTQ\",\"enabled_flag\":\"Y\",\"last_update_date\":\"2016-03-31T20:44:42.222Z\"},{\"start_date_active\":null,\"last_updated_by\":\"SEED_DATA_FROM_APPLICATION\",\"currency_description\":\"Guinea-Bissau Peso\",\"end_date_active\":null,\"currency_code\":\"GWP\",\"enabled_flag\":\"Y\",\"last_update_date\":\"2015-05-26T21:07:08.336Z\"},{\"start_date_active\":null,\"last_updated_by\":\"SEED_DATA_FROM_APPLICATION\",\"currency_description\":\"Guyana Dollar\",\"end_date_active\":null,\"currency_code\":\"GYD\",\"enabled_flag\":\"Y\",\"last_update_date\":\"2016-03-31T20:44:42.241Z\"}]}"
            },
            "request-wrapper": {
                "type": "object",
                "required": [
                    "BUDGET_YEAR",
                    "CODE_COMBINATION_ID",
                    "P_PERIOD_NAME"
                ],
                "properties": {
                    "BUDGET_YEAR": {
                        "type": "string"
                    },
                    "CODE_COMBINATION_ID": {
                        "type": "string"
                    },
                    "P_PERIOD_NAME": {
                        "type": "string"
                    }
                },
                "example": "{\"P_PERIOD_NAME\":\"Sep-24\",\"BUDGET_YEAR\":\"2024\",\"CODE_COMBINATION_ID\":\"12.00000.0000000.6130002.00000.000000.0000.0000\"}"
            },
            "APIInvocationError-1": {
                "type": "object",
                "required": [
                    "detail",
                    "errorCode",
                    "errorDetails",
                    "title",
                    "type"
                ],
                "properties": {
                    "type": {
                        "type": "string"
                    },
                    "title": {
                        "type": "string"
                    },
                    "detail": {
                        "type": "string"
                    },
                    "errorCode": {
                        "type": "string"
                    },
                    "errorDetails": {
                        "type": "array",
                        "items": {
                            "type": "object",
                            "properties": {
                                "type": {
                                    "type": "string"
                                },
                                "instance": {
                                    "type": "string"
                                },
                                "title": {
                                    "type": "string"
                                },
                                "errorPath": {
                                    "type": "string"
                                },
                                "errorCode": {
                                    "type": "string"
                                }
                            },
                            "required": [
                                "errorCode",
                                "errorPath",
                                "instance",
                                "title",
                                "type"
                            ]
                        },
                        "minItems": 1
                    }
                }
            },
            "response-wrapper-1": {
                "type": "object",
                "required": [
                    "BUDGET_YEAR",
                    "FUNDS_AVAILABLE_AMOUNT"
                ],
                "properties": {
                    "BUDGET_YEAR": {
                        "type": "number"
                    },
                    "FUNDS_AVAILABLE_AMOUNT": {
                        "type": "number"
                    }
                },
                "example": "{\"BUDGET_YEAR\":2024,\"FUNDS_AVAILABLE_AMOUNT\":1000000}"
            },
            "PostFIN_BUDGET_CTRL_RPT_SCHED1_0FinGetFundsAvlRequest": {
                "type": "object",
                "properties": {
                    "P_PERIOD_NAME": {
                        "type": "string"
                    },
                    "BUDGET_YEAR": {
                        "type": "string"
                    }
                }
            },
            "request-wrapper-1": {
                "type": "object",
                "required": [
                    "REQUESTID"
                ],
                "properties": {
                    "REQUESTID": {
                        "type": "string"
                    }
                },
                "example": "{\"REQUESTID\":\" \"}"
            },
            "APIInvocationError-2": {
                "type": "object",
                "required": [
                    "detail",
                    "errorCode",
                    "errorDetails",
                    "title",
                    "type"
                ],
                "properties": {
                    "type": {
                        "type": "string"
                    },
                    "title": {
                        "type": "string"
                    },
                    "detail": {
                        "type": "string"
                    },
                    "errorCode": {
                        "type": "string"
                    },
                    "errorDetails": {
                        "type": "array",
                        "items": {
                            "type": "object",
                            "properties": {
                                "type": {
                                    "type": "string"
                                },
                                "instance": {
                                    "type": "string"
                                },
                                "title": {
                                    "type": "string"
                                },
                                "errorPath": {
                                    "type": "string"
                                },
                                "errorCode": {
                                    "type": "string"
                                }
                            },
                            "required": [
                                "errorCode",
                                "errorPath",
                                "instance",
                                "title",
                                "type"
                            ]
                        },
                        "minItems": 1
                    }
                }
            },
            "response-wrapper-2": {
                "type": "object",
                "required": [
                    "STATUS",
                    "STATUS_0x737063_MESSAGE"
                ],
                "properties": {
                    "STATUS": {
                        "type": "string"
                    },
                    "STATUS_0x737063_MESSAGE": {
                        "type": "string"
                    }
                },
                "example": "{\"STATUS\":\"ERROR\",\"STATUS MESSAGE\":\"H\"}"
            },
            "request-wrapper-2": {
                "type": "object",
                "required": [
                    "REQUESTID"
                ],
                "properties": {
                    "REQUESTID": {
                        "type": "string"
                    }
                },
                "example": "{\"REQUESTID\":\" \"}"
            },
            "APIInvocationError-3": {
                "type": "object",
                "required": [
                    "detail",
                    "errorCode",
                    "errorDetails",
                    "title",
                    "type"
                ],
                "properties": {
                    "type": {
                        "type": "string"
                    },
                    "title": {
                        "type": "string"
                    },
                    "detail": {
                        "type": "string"
                    },
                    "errorCode": {
                        "type": "string"
                    },
                    "errorDetails": {
                        "type": "array",
                        "items": {
                            "type": "object",
                            "properties": {
                                "type": {
                                    "type": "string"
                                },
                                "instance": {
                                    "type": "string"
                                },
                                "title": {
                                    "type": "string"
                                },
                                "errorPath": {
                                    "type": "string"
                                },
                                "errorCode": {
                                    "type": "string"
                                }
                            },
                            "required": [
                                "errorCode",
                                "errorPath",
                                "instance",
                                "title",
                                "type"
                            ]
                        },
                        "minItems": 1
                    }
                }
            },
            "response-wrapper-3": {
                "type": "object",
                "required": [
                    "STATUS",
                    "STATUS_0x737063_MESSAGE"
                ],
                "properties": {
                    "STATUS": {
                        "type": "string"
                    },
                    "STATUS_0x737063_MESSAGE": {
                        "type": "string"
                    }
                },
                "example": "{\"STATUS\":\"ERROR\",\"STATUS MESSAGE\":\"H\"}"
            },
            "request-wrapper-3": {
                "type": "object",
                "required": [
                    "RequestId"
                ],
                "properties": {
                    "RequestId": {
                        "type": "string"
                    }
                },
                "example": "{\"RequestId\":\" \"}"
            },
            "APIInvocationError-4": {
                "type": "object",
                "required": [
                    "detail",
                    "errorCode",
                    "errorDetails",
                    "title",
                    "type"
                ],
                "properties": {
                    "type": {
                        "type": "string"
                    },
                    "title": {
                        "type": "string"
                    },
                    "detail": {
                        "type": "string"
                    },
                    "errorCode": {
                        "type": "string"
                    },
                    "errorDetails": {
                        "type": "array",
                        "items": {
                            "type": "object",
                            "properties": {
                                "type": {
                                    "type": "string"
                                },
                                "instance": {
                                    "type": "string"
                                },
                                "title": {
                                    "type": "string"
                                },
                                "errorPath": {
                                    "type": "string"
                                },
                                "errorCode": {
                                    "type": "string"
                                }
                            },
                            "required": [
                                "errorCode",
                                "errorPath",
                                "instance",
                                "title",
                                "type"
                            ]
                        },
                        "minItems": 1
                    }
                }
            },
            "response-wrapper-4": {
                "type": "object",
                "required": [
                    "Status",
                    "Status_Message"
                ],
                "properties": {
                    "Status": {
                        "type": "string"
                    },
                    "Status_Message": {
                        "type": "string"
                    }
                },
                "example": "{\"Status\":\"ERROR\",\"Status_Message\":\"H\"}"
            },
            "request-wrapper-4": {
                "type": "object",
                "required": [
                    "POReceive"
                ],
                "properties": {
                    "POReceive": {
                        "type": "object",
                        "properties": {
                            "MessageID": {
                                "type": "string"
                            },
                            "MessageTimeStamp": {
                                "type": "string"
                            },
                            "SenderID": {
                                "type": "string"
                            },
                            "ReceiverID": {
                                "type": "string"
                            },
                            "MessageType": {
                                "type": "string"
                            },
                            "CorrelationID": {
                                "type": "string"
                            },
                            "TransactionID": {
                                "type": "string"
                            },
                            "PONumber": {
                                "type": "string"
                            },
                            "POLine": {
                                "type": "string"
                            },
                            "PackingSlip": {
                                "type": "string"
                            },
                            "Version": {
                                "type": "string"
                            },
                            "ReferenceNumber": {
                                "type": "string"
                            },
                            "FromLocation": {
                                "type": "string"
                            },
                            "ToLocation": {
                                "type": "string"
                            },
                            "PRC_BU": {
                                "type": "string"
                            },
                            "REQ_BU": {
                                "type": "string"
                            },
                            "BUYER": {
                                "type": "string"
                            },
                            "DocumentStyle": {
                                "type": "string"
                            },
                            "ShipDate": {
                                "type": "string"
                            },
                            "OrganizationCode": {
                                "type": "string"
                            },
                            "Subinventory": {
                                "type": "string"
                            },
                            "PartList": {
                                "type": "object",
                                "properties": {
                                    "Part": {
                                        "type": "array",
                                        "items": {
                                            "type": "object",
                                            "properties": {
                                                "PartID": {
                                                    "type": "string"
                                                },
                                                "Effective_Date": {
                                                    "type": "string"
                                                },
                                                "VendorID": {
                                                    "type": "string"
                                                },
                                                "VendorLoc": {
                                                    "type": "string"
                                                },
                                                "Quantity": {
                                                    "type": "string"
                                                },
                                                "Mrid": {
                                                    "type": "string"
                                                },
                                                "CIValue": {
                                                    "type": "string"
                                                }
                                            },
                                            "required": [
                                                "CIValue",
                                                "Effective_Date",
                                                "Mrid",
                                                "PartID",
                                                "Quantity",
                                                "VendorID",
                                                "VendorLoc"
                                            ]
                                        },
                                        "minItems": 1
                                    }
                                }
                            }
                        }
                    }
                },
                "example": "{\"POReceive\":{\"PONumber\":\"\",\"ReceiverID\":\"PRISM_ICCD\",\"ReferenceNumber\":\"5012332627\",\"REQ_BU\":\"EFG\",\"ShipDate\":\"2024-07-02T04:07:01Z\",\"SenderID\":\"MES-ICCD\",\"DocumentStyle\":\"Dell-Standard Purchase Order\",\"TransactionID\":\"5012332627\",\"FromLocation\":\"GHC\",\"POLine\":\"1\",\"Version\":\"1\",\"PRC_BU\":\"EFG\",\"Subinventory\":\"BW2WIP\",\"PartList\":{\"Part\":[{\"Effective_Date\":\"24-01-2024\",\"Mrid\":\"123\",\"VendorID\":\"10023\",\"CIValue\":\"24702.72\",\"Quantity\":\"336\",\"PartID\":\"10000050\",\"VendorLoc\":\"10023\"},{\"Effective_Date\":\"24-01-2024\",\"Mrid\":\"123\",\"VendorID\":\"10023\",\"CIValue\":\"24702.72\",\"Quantity\":\"336\",\"PartID\":\"10000050\",\"VendorLoc\":\"10023\"}]},\"BUYER\":\"EFG\",\"OrganizationCode\":\"EFG\",\"CorrelationID\":\"\",\"MessageTimeStamp\":\"2024-12-19T02:42:50\",\"MessageType\":\"MATERIAL_RECEIPT\",\"MessageID\":\"12347300-1B45-471B-8B82-D82785E667CB\",\"PackingSlip\":\"111109876\",\"ToLocation\":\"EFG\"}}"
            },
            "APIInvocationError-5": {
                "type": "object",
                "required": [
                    "detail",
                    "errorCode",
                    "errorDetails",
                    "title",
                    "type"
                ],
                "properties": {
                    "type": {
                        "type": "string"
                    },
                    "title": {
                        "type": "string"
                    },
                    "detail": {
                        "type": "string"
                    },
                    "errorCode": {
                        "type": "string"
                    },
                    "errorDetails": {
                        "type": "array",
                        "items": {
                            "type": "object",
                            "properties": {
                                "type": {
                                    "type": "string"
                                },
                                "instance": {
                                    "type": "string"
                                },
                                "title": {
                                    "type": "string"
                                },
                                "errorPath": {
                                    "type": "string"
                                },
                                "errorCode": {
                                    "type": "string"
                                }
                            },
                            "required": [
                                "errorCode",
                                "errorPath",
                                "instance",
                                "title",
                                "type"
                            ]
                        },
                        "minItems": 1
                    }
                }
            },
            "response-wrapper-5": {
                "type": "object",
                "required": [
                    "POReceive"
                ],
                "properties": {
                    "POReceive": {
                        "type": "object",
                        "properties": {
                            "MessageID": {
                                "type": "string"
                            },
                            "MessageTimeStamp": {
                                "type": "string"
                            },
                            "SenderID": {
                                "type": "string"
                            },
                            "ReceiverID": {
                                "type": "string"
                            },
                            "MessageType": {
                                "type": "string"
                            },
                            "CorrelationID": {
                                "type": "string"
                            },
                            "TransactionID": {
                                "type": "string"
                            },
                            "PONumber": {
                                "type": "string"
                            },
                            "POLine": {
                                "type": "string"
                            },
                            "PackingSlip": {
                                "type": "string"
                            },
                            "Version": {
                                "type": "string"
                            },
                            "ReferenceNumber": {
                                "type": "string"
                            },
                            "FromLocation": {
                                "type": "string"
                            },
                            "ToLocation": {
                                "type": "string"
                            },
                            "BUYER": {
                                "type": "string"
                            },
                            "PRC_BU": {
                                "type": "string"
                            },
                            "REQ_BU": {
                                "type": "string"
                            },
                            "DocumentStyle": {
                                "type": "string"
                            },
                            "ShipDate": {
                                "type": "string"
                            },
                            "OrganizationCode": {
                                "type": "string"
                            },
                            "Subinventory": {
                                "type": "string"
                            },
                            "PartList": {
                                "type": "object",
                                "properties": {
                                    "Part": {
                                        "type": "array",
                                        "items": {
                                            "type": "object",
                                            "properties": {
                                                "PartID": {
                                                    "type": "string"
                                                },
                                                "Effective_Date": {
                                                    "type": "string"
                                                },
                                                "VendorID": {
                                                    "type": "string"
                                                },
                                                "VendorLoc": {
                                                    "type": "string"
                                                },
                                                "Quantity": {
                                                    "type": "string"
                                                },
                                                "Mrid": {
                                                    "type": "string"
                                                },
                                                "CIValue": {
                                                    "type": "string"
                                                },
                                                "priceType": {
                                                    "type": "string"
                                                },
                                                "PRICE": {
                                                    "type": "string"
                                                },
                                                "STATUS": {
                                                    "type": "string"
                                                },
                                                "ERROR_MESSAGE": {
                                                    "type": "string"
                                                },
                                                "OC_STATUS": {
                                                    "type": "string"
                                                },
                                                "OC_ERROR_CODE": {
                                                    "type": "string"
                                                },
                                                "OC_ERROR_MESSAGE": {
                                                    "type": "string"
                                                }
                                            },
                                            "required": [
                                                "CIValue",
                                                "ERROR_MESSAGE",
                                                "Effective_Date",
                                                "Mrid",
                                                "OC_ERROR_CODE",
                                                "OC_ERROR_MESSAGE",
                                                "OC_STATUS",
                                                "PRICE",
                                                "PartID",
                                                "Quantity",
                                                "STATUS",
                                                "VendorID",
                                                "VendorLoc",
                                                "priceType"
                                            ]
                                        },
                                        "minItems": 1
                                    }
                                }
                            }
                        }
                    }
                },
                "example": "{\"POReceive\":{\"PONumber\":\"\",\"ReceiverID\":\"PRISM_ICCD\",\"ReferenceNumber\":\"5012332627\",\"REQ_BU\":\"EFG\",\"ShipDate\":\"2024-07-02T04:07:01Z\",\"SenderID\":\"MES-ICCD\",\"DocumentStyle\":\"Dell-Standard Purchase Order\",\"TransactionID\":\"5012332627\",\"FromLocation\":\"GHC\",\"POLine\":\"1\",\"Version\":\"1\",\"PRC_BU\":\"EFG\",\"Subinventory\":\"BW2WIP\",\"PartList\":{\"Part\":[{\"OC_STATUS\":\"S\",\"Mrid\":\"123\",\"PRICE\":\"100\",\"ERROR_MESSAGE\":\"ABCDED\",\"VendorID\":\"10023\",\"priceType\":\"O\",\"Quantity\":\"336\",\"VendorLoc\":\"10023\",\"Effective_Date\":\"24-01-2024\",\"STATUS\":\"S\",\"CIValue\":\"24702.72\",\"OC_ERROR_MESSAGE\":\"ABCDED\",\"OC_ERROR_CODE\":\"123\",\"PartID\":\"10000050\"},{\"OC_STATUS\":\"S\",\"Mrid\":\"123\",\"PRICE\":\"100\",\"ERROR_MESSAGE\":\"ABCDED\",\"VendorID\":\"10023\",\"priceType\":\"O\",\"Quantity\":\"336\",\"VendorLoc\":\"10023\",\"Effective_Date\":\"24-01-2024\",\"STATUS\":\"S\",\"CIValue\":\"24702.72\",\"OC_ERROR_MESSAGE\":\"ABCDED\",\"OC_ERROR_CODE\":\"123\",\"PartID\":\"10000050\"}]},\"BUYER\":\"EFG\",\"OrganizationCode\":\"EFG\",\"CorrelationID\":\"\",\"MessageTimeStamp\":\"2024-12-19T02:42:50\",\"MessageType\":\"MATERIAL_RECEIPT\",\"MessageID\":\"12347300-1B45-471B-8B82-D82785E667CB\",\"PackingSlip\":\"111109876\",\"ToLocation\":\"EFG\"}}"
            },
            "request-wrapper-5": {
                "type": "object",
                "required": [
                    "ocPriceCallRequest"
                ],
                "properties": {
                    "ocPriceCallRequest": {
                        "type": "object",
                        "properties": {
                            "messageID": {
                                "type": "string"
                            },
                            "organizationCode": {
                                "type": "string"
                            },
                            "documentStyle": {
                                "type": "string"
                            },
                            "checkSourcingLaneFlag": {
                                "type": "string"
                            },
                            "itemList": {
                                "type": "object",
                                "properties": {
                                    "item": {
                                        "type": "array",
                                        "items": {
                                            "type": "object",
                                            "properties": {
                                                "itemNumber": {
                                                    "type": "string"
                                                },
                                                "supplierNumber": {
                                                    "type": "string"
                                                },
                                                "supplierSiteId": {
                                                    "type": "string"
                                                },
                                                "effectiveDate": {
                                                    "type": "string"
                                                }
                                            },
                                            "required": [
                                                "effectiveDate",
                                                "itemNumber",
                                                "supplierNumber",
                                                "supplierSiteId"
                                            ]
                                        },
                                        "minItems": 1
                                    }
                                }
                            }
                        }
                    }
                },
                "example": "{\"ocPriceCallRequest\":{\"organizationCode\":\"EMF\",\"checkSourcingLaneFlag\":\"N\",\"messageID\":\"100023\",\"itemList\":{\"item\":[{\"itemNumber\":\"10000020\",\"supplierNumber\":\"10454\",\"supplierSiteId\":\"A00022\",\"effectiveDate\":\"2025-02-19T00:00:00.000+00:00\"},{\"itemNumber\":\"10000020\",\"supplierNumber\":\"10454\",\"supplierSiteId\":\"A00022\",\"effectiveDate\":\"2025-02-19T00:00:00.000+00:00\"}]},\"documentStyle\":\"Dell-Standard Purchase Order\"}}"
            },
            "APIInvocationError-6": {
                "type": "object",
                "required": [
                    "detail",
                    "errorCode",
                    "errorDetails",
                    "title",
                    "type"
                ],
                "properties": {
                    "type": {
                        "type": "string"
                    },
                    "title": {
                        "type": "string"
                    },
                    "detail": {
                        "type": "string"
                    },
                    "errorCode": {
                        "type": "string"
                    },
                    "errorDetails": {
                        "type": "array",
                        "items": {
                            "type": "object",
                            "properties": {
                                "type": {
                                    "type": "string"
                                },
                                "instance": {
                                    "type": "string"
                                },
                                "title": {
                                    "type": "string"
                                },
                                "errorPath": {
                                    "type": "string"
                                },
                                "errorCode": {
                                    "type": "string"
                                }
                            },
                            "required": [
                                "errorCode",
                                "errorPath",
                                "instance",
                                "title",
                                "type"
                            ]
                        },
                        "minItems": 1
                    }
                }
            },
            "response-wrapper-6": {
                "type": "object",
                "required": [
                    "ocPriceCallRequest"
                ],
                "properties": {
                    "ocPriceCallRequest": {
                        "type": "array",
                        "items": {
                            "type": "object",
                            "properties": {
                                "supplierNumber": {
                                    "type": "string"
                                },
                                "supplierSiteId": {
                                    "type": "string"
                                },
                                "partdetails": {
                                    "type": "array",
                                    "items": {
                                        "type": "object",
                                        "properties": {
                                            "itemNumber": {
                                                "type": "string"
                                            },
                                            "effectiveDate": {
                                                "type": "string"
                                            }
                                        },
                                        "required": [
                                            "effectiveDate",
                                            "itemNumber"
                                        ]
                                    },
                                    "minItems": 1
                                }
                            },
                            "required": [
                                "partdetails",
                                "supplierNumber",
                                "supplierSiteId"
                            ]
                        },
                        "minItems": 1
                    }
                },
                "example": "{\"ocPriceCallRequest\":[{\"partdetails\":[{\"itemNumber\":\"10000020\",\"effectiveDate\":\"2025-02-19T00:00:00.000+00:00\"}],\"supplierNumber\":\"10454\",\"supplierSiteId\":\"A00022\"}]}"
            }
        }
    }
}