{
    "items": [
        {
            "SupplierId": 300000002823245,
            "Supplier": "Australian Taxation Office",
            "SupplierNumber": "10004",
            "AlternateName": null
        },
        {
            "SupplierId": 300000002823279,
            "Supplier": "COMPAL ELECTRONICS INC",
            "SupplierNumber": "10011",
            "AlternateName": null
        },
        {
            "SupplierId": 300000002823389,
            "Supplier": "INGRAM MICRO TRADING (SHANGHAI) CO\t",
            "SupplierNumber": "10020",
            "AlternateName": null
        },
        {
            "SupplierId": 300000002452721,
            "Supplier": "Dell Corporation Ltd",
            "SupplierNumber": "10024",
            "AlternateName": null
        },
        {
            "SupplierId": 300000003277342,
            "Supplier": "Dell Intl Services IN Private Ltd - ICC",
            "SupplierNumber": "10033",
            "AlternateName": null
        },
        {
            "SupplierId": 300000006097051,
            "Supplier": "CZ10 DELL Computer, spol. s r.o.",
            "SupplierNumber": "10072",
            "AlternateName": null
        },
        {
            "SupplierId": 300000006097056,
            "Supplier": "CZ20 Dell Bank International Designated Activity Company",
            "SupplierNumber": "10073",
            "AlternateName": null
        },
        {
            "SupplierId": 300000006097061,
            "Supplier": "DK10 Dell A/S",
            "SupplierNumber": "10074",
            "AlternateName": null
        },
        {
            "SupplierId": 300000006097066,
            "Supplier": "EE10 EMC Computer Systems Austria GmbH",
            "SupplierNumber": "10075",
            "AlternateName": null
        },
        {
            "SupplierId": 300000006097071,
            "Supplier": "EE11 Dell Products Unlimited Company Eesti filiaal",
            "SupplierNumber": "10076",
            "AlternateName": null
        },
        {
            "SupplierId": 300000006097076,
            "Supplier": "EG10 EMC Egypt Service Center Limited",
            "SupplierNumber": "10077",
            "AlternateName": null
        },
        {
            "SupplierId": 300000006097081,
            "Supplier": "EG11 Dell Technologies Egypt Limited",
            "SupplierNumber": "10078",
            "AlternateName": null
        },
        {
            "SupplierId": 300000006097086,
            "Supplier": "ES10 Dell Computer SAU",
            "SupplierNumber": "10079",
            "AlternateName": null
        },
        {
            "SupplierId": 300000006097091,
            "Supplier": "ES20 Dell Bank International Designated Activity Company",
            "SupplierNumber": "10080",
            "AlternateName": null
        },
        {
            "SupplierId": 300000006097096,
            "Supplier": "FI10 Oy Dell Ab",
            "SupplierNumber": "10081",
            "AlternateName": null
        },
        {
            "SupplierId": 300000006097101,
            "Supplier": "FR10 Dell SAS France",
            "SupplierNumber": "10082",
            "AlternateName": null
        },
        {
            "SupplierId": 300000006097106,
            "Supplier": "GB10 Dell Corporation Limited",
            "SupplierNumber": "10083",
            "AlternateName": null
        },
        {
            "SupplierId": 300000006097111,
            "Supplier": "GB12 EMC Europe Limited",
            "SupplierNumber": "10084",
            "AlternateName": null
        },
        {
            "SupplierId": 300000006097116,
            "Supplier": "GB19 VCE Solutions Limited",
            "SupplierNumber": "10085",
            "AlternateName": null
        },
        {
            "SupplierId": 300000006097121,
            "Supplier": "GB33 Dell International Holdings Limited",
            "SupplierNumber": "10086",
            "AlternateName": null
        },
        {
            "SupplierId": 300000006097126,
            "Supplier": "GB34 EMC Computer Systems (U.K.) Limited",
            "SupplierNumber": "10087",
            "AlternateName": null
        },
        {
            "SupplierId": 300000006097131,
            "Supplier": "GB36 Dell International Holdings II Limited",
            "SupplierNumber": "10088",
            "AlternateName": null
        },
        {
            "SupplierId": 300000002327630,
            "Supplier": "Direction Générale des Finances Publiques",
            "SupplierNumber": "10007",
            "AlternateName": null
        },
        {
            "SupplierId": 300000002327696,
            "Supplier": "The Office of the Revenue Commissioners",
            "SupplierNumber": "10009",
            "AlternateName": null
        },
        {
            "SupplierId": 300000002327715,
            "Supplier": "National Tax Agency",
            "SupplierNumber": "10010",
            "AlternateName": null
        },
        {
            "SupplierId": 300000002327855,
            "Supplier": "Inland Revenue Authority of Singapore",
            "SupplierNumber": "10015",
            "AlternateName": null
        },
        {
            "SupplierId": 300000002327928,
            "Supplier": "Internal Revenue Service (IRS)",
            "SupplierNumber": "10018",
            "AlternateName": null
        },
        {
            "SupplierId": 300000002866566,
            "Supplier": "Dell International Inc. (Korea)",
            "SupplierNumber": "10034",
            "AlternateName": null
        },
        {
            "SupplierId": 300000002866596,
            "Supplier": "Dell International Holdings Ltd",
            "SupplierNumber": "10037",
            "AlternateName": null
        },
        {
            "SupplierId": 300000002866616,
            "Supplier": "Dell (Chengdu) Company Ltd",
            "SupplierNumber": "10039",
            "AlternateName": null
        },
        {
            "SupplierId": 300000006097136,
            "Supplier": "GB40 Dell Emerging Markets (EMEA) Limited",
            "SupplierNumber": "10089",
            "AlternateName": null
        },
        {
            "SupplierId": 300000006097141,
            "Supplier": "GB52 Bracknell Blvd Management Company Ltd",
            "SupplierNumber": "10090",
            "AlternateName": null
        },
        {
            "SupplierId": 300000006097146,
            "Supplier": "GB53 Dell Technologies DFS Holdings Limited",
            "SupplierNumber": "10091",
            "AlternateName": null
        },
        {
            "SupplierId": 300000006097151,
            "Supplier": "GR10 Dell Technology Products And Services Single Member S.A.",
            "SupplierNumber": "10092",
            "AlternateName": null
        },
        {
            "SupplierId": 300000006097156,
            "Supplier": "GT10 Dell Guatemala, Ltda.",
            "SupplierNumber": "10093",
            "AlternateName": null
        },
        {
            "SupplierId": 300000006097161,
            "Supplier": "HK10 Dell Hong Kong Limited",
            "SupplierNumber": "10094",
            "AlternateName": null
        },
        {
            "SupplierId": 300000006097166,
            "Supplier": "HK11 EMC Information Systems Management Limited",
            "SupplierNumber": "10095",
            "AlternateName": null
        },
        {
            "SupplierId": 300000006097171,
            "Supplier": "HR10 DELL EMERGING MARKETS (EMEA) LIMITED za usluge, Podružnica Zagreb",
            "SupplierNumber": "10096",
            "AlternateName": null
        },
        {
            "SupplierId": 300000006097176,
            "Supplier": "HU10 Dell Hungary Technology Solutions Trade LLC",
            "SupplierNumber": "10097",
            "AlternateName": null
        },
        {
            "SupplierId": 300000006097181,
            "Supplier": "HU20 Dell International Holdings Kft",
            "SupplierNumber": "10098",
            "AlternateName": null
        },
        {
            "SupplierId": 300000006097186,
            "Supplier": "HU21 Dell DFS Holdings Kft",
            "SupplierNumber": "10099",
            "AlternateName": null
        },
        {
            "SupplierId": 300000006097191,
            "Supplier": "HU22 Dell Systems TSI (Hungary)",
            "SupplierNumber": "10100",
            "AlternateName": null
        },
        {
            "SupplierId": 300000006097196,
            "Supplier": "ID10 PT Dell Indonesia",
            "SupplierNumber": "10101",
            "AlternateName": null
        },
        {
            "SupplierId": 300000006097201,
            "Supplier": "IL11 EMC Israel Advanced Information Technologies Ltd.",
            "SupplierNumber": "10102",
            "AlternateName": null
        },
        {
            "SupplierId": 300000002789966,
            "Supplier": "Dell Australia Pty Ltd",
            "SupplierNumber": "10003",
            "AlternateName": null
        },
        {
            "SupplierId": 300000002327564,
            "Supplier": "Canada Revenue Agency",
            "SupplierNumber": "10005",
            "AlternateName": null
        },
        {
            "SupplierId": 300000002327597,
            "Supplier": "The State Taxation Administration",
            "SupplierNumber": "10006",
            "AlternateName": null
        },
        {
            "SupplierId": 300000002327663,
            "Supplier": "Federal Central Tax Office (BZSt)",
            "SupplierNumber": "10008",
            "AlternateName": null
        },
        {
            "SupplierId": 300000002327750,
            "Supplier": "National Tax Service",
            "SupplierNumber": "10012",
            "AlternateName": null
        },
        {
            "SupplierId": 300000002327961,
            "Supplier": "General Department of Taxation",
            "SupplierNumber": "10019",
            "AlternateName": null
        },
        {
            "SupplierId": 300000002823461,
            "Supplier": "INGRAM MICROS TRADING (US) CO",
            "SupplierNumber": "10021",
            "AlternateName": null
        },
        {
            "SupplierId": 300000002452516,
            "Supplier": "Dell Canada Inc.",
            "SupplierNumber": "10022",
            "AlternateName": null
        },
        {
            "SupplierId": 300000002452580,
            "Supplier": "Dell (CN) Company Ltd",
            "SupplierNumber": "10023",
            "AlternateName": null
        },
        {
            "SupplierId": 300000002866466,
            "Supplier": "Dell GmbH",
            "SupplierNumber": "10027",
            "AlternateName": null
        },
        {
            "SupplierId": 300000002866530,
            "Supplier": "Dell Computadores do Brasil Ltda.",
            "SupplierNumber": "10028",
            "AlternateName": null
        },
        {
            "SupplierId": 300000003277282,
            "Supplier": "Dell Sp. z o.o.",
            "SupplierNumber": "10030",
            "AlternateName": null
        },
        {
            "SupplierId": 300000002866546,
            "Supplier": "Dell Asia Pacific Sdn. Bhd.",
            "SupplierNumber": "10031",
            "AlternateName": null
        },
        {
            "SupplierId": 300000006097206,
            "Supplier": "IL30 Dell Technology & Solutions Israel Ltd",
            "SupplierNumber": "10103",
            "AlternateName": null
        },
        {
            "SupplierId": 300000006097211,
            "Supplier": "IL40 Edge Capri",
            "SupplierNumber": "10104",
            "AlternateName": null
        },
        {
            "SupplierId": 300000006097216,
            "Supplier": "IN10 Dell International Services India Private Limited",
            "SupplierNumber": "10105",
            "AlternateName": null
        },
        {
            "SupplierId": 300000006097221,
            "Supplier": "IN12 Dell Intl Services India Private Ltd - PUNE SEZ",
            "SupplierNumber": "10106",
            "AlternateName": null
        },
        {
            "SupplierId": 300000006097226,
            "Supplier": "IN14 EMC IT Solutions India Private Limited",
            "SupplierNumber": "10107",
            "AlternateName": null
        },
        {
            "SupplierId": 300000006097231,
            "Supplier": "IN21 EMC Technology India Private Limited",
            "SupplierNumber": "10108",
            "AlternateName": null
        },
        {
            "SupplierId": 300000006097236,
            "Supplier": "IT10 Dell S.p.A.",
            "SupplierNumber": "10109",
            "AlternateName": null
        },
        {
            "SupplierId": 300000006097241,
            "Supplier": "IT20 Dell Soluzioni Finanziarie S.r.l.",
            "SupplierNumber": "10110",
            "AlternateName": null
        },
        {
            "SupplierId": 300000006097246,
            "Supplier": "JO10 EMC Computer Systems Austria GmbH",
            "SupplierNumber": "10111",
            "AlternateName": null
        },
        {
            "SupplierId": 300000002789957,
            "Supplier": "Dell Financial Services International",
            "SupplierNumber": "10002",
            "AlternateName": null
        },
        {
            "SupplierId": 300000002327783,
            "Supplier": "Inland Revenue Board of Malaysia",
            "SupplierNumber": "10013",
            "AlternateName": null
        },
        {
            "SupplierId": 300000002327820,
            "Supplier": "Krajowa Administracja Skarbowa, KAS",
            "SupplierNumber": "10014",
            "AlternateName": null
        },
        {
            "SupplierId": 300000002327890,
            "Supplier": "The Thai Revenue Department",
            "SupplierNumber": "10016",
            "AlternateName": null
        },
        {
            "SupplierId": 300000002327909,
            "Supplier": "His Majesty’s Revenue and Customs (HMRC)",
            "SupplierNumber": "10017",
            "AlternateName": null
        },
        {
            "SupplierId": 300000002452792,
            "Supplier": "Dell Products LP",
            "SupplierNumber": "10025",
            "AlternateName": null
        },
        {
            "SupplierId": 300000002452849,
            "Supplier": "Dell Asia Holdings Pte. LTD",
            "SupplierNumber": "10026",
            "AlternateName": null
        },
        {
            "SupplierId": 300000002866556,
            "Supplier": "Dell Technologies Japan Inc.",
            "SupplierNumber": "10032",
            "AlternateName": null
        },
        {
            "SupplierId": 300000002866576,
            "Supplier": "EMC Ireland Holdings UnLtd Company",
            "SupplierNumber": "10035",
            "AlternateName": null
        },
        {
            "SupplierId": 300000002866586,
            "Supplier": "Dell (PS) Ltd",
            "SupplierNumber": "10036",
            "AlternateName": null
        },
        {
            "SupplierId": 300000002866606,
            "Supplier": "SecureWorks SAS",
            "SupplierNumber": "10038",
            "AlternateName": null
        },
        {
            "SupplierId": 300000004447141,
            "Supplier": "Test Supplier",
            "SupplierNumber": "10044",
            "AlternateName": null
        },
        {
            "SupplierId": 300000006008921,
            "Supplier": "AE10 EMC Middle East",
            "SupplierNumber": "10046",
            "AlternateName": null
        },
        {
            "SupplierId": 300000006008926,
            "Supplier": "AE12 EMC Computer Systems Austria GmbH",
            "SupplierNumber": "10047",
            "AlternateName": null
        },
        {
            "SupplierId": 300000006008931,
            "Supplier": "AE20 Dell FZ-LLC",
            "SupplierNumber": "10048",
            "AlternateName": null
        },
        {
            "SupplierId": 300000006008936,
            "Supplier": "AE21 Dell FZ-LLC",
            "SupplierNumber": "10049",
            "AlternateName": null
        },
        {
            "SupplierId": 300000006008941,
            "Supplier": "AE22 Dell PS Limited",
            "SupplierNumber": "10050",
            "AlternateName": null
        },
        {
            "SupplierId": 300000006008946,
            "Supplier": "AE30 Dell Technologies and Solutions L.L.C – OPC",
            "SupplierNumber": "10051",
            "AlternateName": null
        },
        {
            "SupplierId": 300000006008951,
            "Supplier": "AR10 Dell America Latina Corp.,  Sucursal Argentina",
            "SupplierNumber": "10052",
            "AlternateName": null
        },
        {
            "SupplierId": 300000006008956,
            "Supplier": "AR19 EMC Computer Systems Argentina S.A.",
            "SupplierNumber": "10053",
            "AlternateName": null
        },
        {
            "SupplierId": 300000006008961,
            "Supplier": "AT10 EMC Computer Systems Austria GmbH",
            "SupplierNumber": "10054",
            "AlternateName": null
        },
        {
            "SupplierId": 300000006008966,
            "Supplier": "AT20 DELL Gesellschaft mbH",
            "SupplierNumber": "10055",
            "AlternateName": null
        },
        {
            "SupplierId": 300000002789938,
            "Supplier": "Dell Technologies Dubai LLC",
            "SupplierNumber": "10001",
            "AlternateName": null
        },
        {
            "SupplierId": 300000003277266,
            "Supplier": "Dell Corporation (Thailand) Co, LTD",
            "SupplierNumber": "10029",
            "AlternateName": null
        },
        {
            "SupplierId": 300000003577021,
            "Supplier": "TPV INTERNATIONAL (USA) INC",
            "SupplierNumber": "10040",
            "AlternateName": null
        },
        {
            "SupplierId": 300000004366564,
            "Supplier": "ABC Logistics",
            "SupplierNumber": "10042",
            "AlternateName": "ABC物流"
        },
        {
            "SupplierId": 300000004350110,
            "Supplier": "Office Depot",
            "SupplierNumber": "10043",
            "AlternateName": null
        },
        {
            "SupplierId": 300000004455163,
            "Supplier": "MJ Cool Inc",
            "SupplierNumber": "10045",
            "AlternateName": null
        },
        {
            "SupplierId": 300000006008971,
            "Supplier": "AZ10 Dell Emerging Markets (EMEA) Limited, Azerbaijan RO",
            "SupplierNumber": "10056",
            "AlternateName": null
        },
        {
            "SupplierId": 300000006008976,
            "Supplier": "BD10 Dell Global B.V.",
            "SupplierNumber": "10057",
            "AlternateName": null
        },
        {
            "SupplierId": 300000006008981,
            "Supplier": "BG10 Dell Emerging Markets (EMEA) Limited, Bulgaria RO",
            "SupplierNumber": "10058",
            "AlternateName": null
        },
        {
            "SupplierId": 300000006008986,
            "Supplier": "BG20 Dell Technologies Bulgaria EOOD",
            "SupplierNumber": "10059",
            "AlternateName": null
        },
        {
            "SupplierId": 300000006008991,
            "Supplier": "BH20 Dell FZ-LLC",
            "SupplierNumber": "10060",
            "AlternateName": null
        },
        {
            "SupplierId": 300000006008996,
            "Supplier": "BM12 EMC Group 2",
            "SupplierNumber": "10061",
            "AlternateName": null
        }
    ],
    "count": 100,
    "hasMore": true,
    "limit": 100,
    "offset": 0,
    "links": [
        {
            "rel": "self",
            "href": "https://iawmqy-dev2.fa.ocs.oraclecloud.com:443/fscmRestApi/resources/11.13.18.05/suppliers",
            "name": "suppliers",
            "kind": "collection"
        }
    ]
}