{ "LineNumber" : 1, "LineType" : "Goods", "Item" : "10000175", "Category" : "Goods", "Description" : "Webcam_Resolution_FHD HDR, Webcam_Details_Temporal Noise Reduction", "Quantity" : 10, "Price" : 200, "UOM" : "EA", "schedules" : [ { "ScheduleNumber" : 1, "Quantity" : 10, "ShipToLocation" : "EL PASO AIO AND DCS", "ShipToOrganizationCode" : "BW2", "ReceiptCloseTolerancePercent" : 0, "InvoiceMatchOptionCode" : "P", "EarlyReceiptToleranceDays" : 0, "InvoiceCloseTolerancePercent" : 0, "LateReceiptToleranceDays" : 0, "AccrueAtReceiptFlag" : true, "InspectionRequiredFlag" : true, "ReceiptRequiredFlag" : false, "ReceiptRoutingId" : 3, "DestinationTypeCode" : "INVENTORY", "Carrier" : null, "RequestedDeliveryDate" : "", "distributions" : [ { "DistributionNumber" : 1, "DeliverToLocation" : "EL PASO AIO AND DCS", "Quantity" : 10 } ] } ] }