{
  "GROUP_ID": 111,
  "ACCESS_SET_ID": 222,
  "CHART_OF_ACCOUNT_ID": 5555,
  "LEDGER_ID": 333,
  "LEDGER_NAME": "Ledger 2",
  "ACCOUNTING_DATE": null,
  "CURRENCY_CODE": null,
  "PERIOD_NAME": null,
  "BATCH_NAME": null,
  "BUDGET_VERSION_ID": null,
  "USER_JE_SOURCE_NAME": null,
  "USER_JE_CATEGORY_NAME": null,
  "JUSTIFICATION": null,
  "BALANCE_TYPE_GROUP": null,
  "DATABASE": null,
  "INTERFACE_FLAG": null,
  "OBJECT_VERSION_NUM": 1,
  "CREATION_DATE": "2024-10-15T15:38:54",
  "CREATED_BY": null,
  "LAST_UPDATE_DATE": "2024-10-15T15:38:54",
  "LAST_UPDATED_BY": null,
  "ACTUAL_FLAG": null,
  "JE_BATCH_ID": null,
  "ADB_FLAG": null,
  "BUDGET_ENTITY_ID": null,
 
  "ATTRIBUTE1": null,
  "ATTRIBUTE2": null,
  "ORGANIZATION": null,
  "FIN_YEAR": null,
  "VENDOR_ID": null,
  "VENDOR_NAME": null,
  "PCS_INSTANCE_ID": null,
  "STATUS": "DRAFT",
  "ERROR_MESSAGE": null,
  "lines": [
    {
   
      "GROUP_ID": null,
      "FROM_ACCOUNT": "Account 1",
      "FROM_ACCOUNT_ID": null,
      "TO_ACCOUNT": "Account 7",
      "TO_ACCOUNT_ID": null,
      "TRANSFER_AMOUNT": null,
      "JUSTIFICATION": null,
      "COMMENTS": null,
      "BALANCE_TYPE_GROUP": null,
      "DATABASE": null,
      "INTERFACE_FLAG": null,
      "BUDGET_ENTITY_ID": null,
   
      "ATTRIBUTE1": null,
      "ATTRIBUTE2": null,
      "CURRENCY_CONVERSION_DATE": null,
      "CURRENCY_CONVERSION_RATE": null,
      "ORGANIZATION": null,
      "VENDOR_ID": null,
      "VENDOR_NAME": "FROM VENDROR_2",
      "TO_VENDOR_ID": null,
      "TO_VENDOR_NAME": "TO VENDROR_2",
      "STATUS": null,
      "OBJECT_VERSION_NUM": 1,
      "CREATED_BY": "-1",
      "CREATION_DATE": "2024-10-15T15:43:58.000000Z",
      "LAST_UPDATED_BY": "-1",
      "LAST_UPDATE_DATE": "2024-10-15T15:43:58.000000Z",
      "LAST_UPDATE_LOGIN": "-1",
      "ERROR_MESSAGE": null
    },
    {
 
      "GROUP_ID": null,
      "FROM_ACCOUNT": "Account 4",
      "FROM_ACCOUNT_ID": null,
      "TO_ACCOUNT": "Account 7",
      "TO_ACCOUNT_ID": null,
      "TRANSFER_AMOUNT": null,
      "JUSTIFICATION": null,
      "COMMENTS": null,
      "BALANCE_TYPE_GROUP": null,
      "DATABASE": null,
      "INTERFACE_FLAG": null,
      "BUDGET_ENTITY_ID": null,
     
      "ATTRIBUTE1": null,
      "ATTRIBUTE2": null,
      "CURRENCY_CONVERSION_DATE": null,
      "CURRENCY_CONVERSION_RATE": null,
      "ORGANIZATION": null,
      "VENDOR_ID": null,
      "VENDOR_NAME": "FROM VENDROR_5",
      "TO_VENDOR_ID": null,
      "TO_VENDOR_NAME": "TO VENDROR_5",
      "STATUS": null,
      "OBJECT_VERSION_NUM": 1,
      "CREATED_BY": "-1",
      "CREATION_DATE": "2024-10-15T15:41:56.000000Z",
      "LAST_UPDATED_BY": "-1",
      "LAST_UPDATE_DATE": "2024-10-15T15:41:56.000000Z",
      "LAST_UPDATE_LOGIN": "-1",
      "ERROR_MESSAGE": null
    },
    {
    
      "GROUP_ID": null,
      "FROM_ACCOUNT": "Account 5",
      "FROM_ACCOUNT_ID": null,
      "TO_ACCOUNT": "Account 7",
      "TO_ACCOUNT_ID": null,
      "TRANSFER_AMOUNT": null,
      "JUSTIFICATION": null,
      "COMMENTS": null,
      "BALANCE_TYPE_GROUP": null,
      "DATABASE": null,
      "INTERFACE_FLAG": null,
      "BUDGET_ENTITY_ID": null,
  
      "ATTRIBUTE1": null,
      "ATTRIBUTE2": null,
      "CURRENCY_CONVERSION_DATE": null,
      "CURRENCY_CONVERSION_RATE": null,
      "ORGANIZATION": null,
      "VENDOR_ID": null,
      "VENDOR_NAME": "FROM VENDROR_6",
      "TO_VENDOR_ID": null,
      "TO_VENDOR_NAME": "TO VENDROR_6",
      "STATUS": null,
      "OBJECT_VERSION_NUM": 1,
      "CREATED_BY": "-1",
      "CREATION_DATE": "2024-10-15T15:43:59.000000Z",
      "LAST_UPDATED_BY": "-1",
      "LAST_UPDATE_DATE": "2024-10-15T15:43:59.000000Z",
      "LAST_UPDATE_LOGIN": "-1",
      "ERROR_MESSAGE": null
    }
  ]
}