{
    "roleMapping": {
        "idcsHostUrl": "https://idcs-09b68ff6f5a84782934af375c162ed01.identity.oraclecloud.com:443",
        "roles": {
            "Acess": {
                "base_configuration": {
                    "users": [
                        {
                            "id": "56c4fb3b413d48cfa8201c8b9f0b25de",
                            "displayName": "Akshay, Jangam",
                            "userName": "1405185"
                        },
                        {
                            "id": "f26fa682ef4f42c1b7aceae9a0c91714",
                            "displayName": "Namrata Sambare",
                            "userName": "1410213"
                        },
                        {
                            "id": "5e3dff6a78ad46709243c6602c0a78cc",
                            "displayName": "Karan Vignesh",
                            "userName": "1416104"
                        },
                        {
                            "id": "d93aa0fd545b44d9aaccfc276a707840",
                            "displayName": "Rahul Raju",
                            "userName": "1418065"
                        },
                        {
                            "id": "9a2cc639685247428834e906551d08ec",
                            "displayName": "Dell Int User",
                            "userName": "dell_int_user"
                        }
                    ],
                    "groups": [
                        {
                            "id": "99469440c16447f7838c29cecc2036e4",
                            "displayName": "dell_external_buyer_shell_role"
                        }
                    ]
                }
            }
        }
    }
}