{
    "items": [
        {
            "s_number": 1,
            "slot_id": 9,
            "slot_number": "UF10015",
            "pd_qtr": "2026-W15",
            "platform": "Zero-Pin Sub Category",
            "system": "Zero-Pin Sub Category 24 Slot",
            "slot_type": "Non-Operational Slot",
            "slot_status": "Open",
            "customer": "Samsung",
            "part_number": 70359,
            "part_description": "Desc 70359",
            "quantity": 4,
            "promise_date": null,
            "sales_order": "996585",
            "planning_organization": "STS",
            "mfr": "Flex",
            "mfr_site": "Penang",
            "actual_date": "2025-12-26T00:00:00Z",
            "forecast_name": "Lotus_Forecast_5",
            "revenue": "120000",
            "config_number": "CFG-9209",
            "request_number": "REQ109",
            "customer_date": "17-12-23",
            "marketing_comments": "Non-op due to issue.",
            "operations_comments": "Pending review.",
            "sub_division": "SubDivE",
            "rfc_type": "Non-Operational Slot",
            "system_count": "System05",
            "revenue_system_count": 140,
            "system_count_adj": 7,
            "revenue_adj": 240,
            "cogs_adj": 16,
            "revenue_qtr": "2025-12-26T00:00:00Z",
            "adjustment_comment": "Adj comment 5",
            "finance_comments": "Finance comment 5"
        },
        {
            "s_number": 2,
            "slot_id": 10,
            "slot_number": "UF10016",
            "pd_qtr": "2026-W16",
            "platform": "Instruments Sub Category",
            "system": "Instruments Sub Category 12 Slot",
            "slot_type": "Revenue",
            "slot_status": "Identified",
            "customer": "AMD",
            "part_number": 6783,
            "part_description": "Desc 06783",
            "quantity": 10,
            "promise_date": null,
            "sales_order": "996586",
            "planning_organization": "STS",
            "mfr": "Flex",
            "mfr_site": "Penang",
            "actual_date": "2025-12-27T00:00:00Z",
            "forecast_name": "Lotus_Forecast_6",
            "revenue": "200000",
            "config_number": "CFG-9210",
            "request_number": "REQ110",
            "customer_date": "18-12-23",
            "marketing_comments": "Another revenue slot.",
            "operations_comments": "On track.",
            "sub_division": "SubDivF",
            "rfc_type": "Revenue",
            "system_count": "System06",
            "revenue_system_count": 150,
            "system_count_adj": 3,
            "revenue_adj": 250,
            "cogs_adj": 11,
            "revenue_qtr": "2025-12-27T00:00:00Z",
            "adjustment_comment": "Adj comment 6",
            "finance_comments": "Finance comment 6"
        },
        {
            "s_number": 3,
            "slot_id": 11,
            "slot_number": "UF10017",
            "pd_qtr": "2026-W17",
            "platform": "UltraFLEX",
            "system": "UltraFLEX 8 Slot",
            "slot_type": "Tuse",
            "slot_status": "Booked",
            "customer": "Texas Instruments",
            "part_number": 3488,
            "part_description": "Desc 3488",
            "quantity": 1,
            "promise_date": null,
            "sales_order": "996587",
            "planning_organization": "STS",
            "mfr": "Flex",
            "mfr_site": "Penang",
            "actual_date": "2025-12-28T00:00:00Z",
            "forecast_name": "Lotus_Forecast_7",
            "revenue": "175000",
            "config_number": "CFG-9211",
            "request_number": "REQ111",
            "customer_date": "19-12-23",
            "marketing_comments": "Tuse special run.",
            "operations_comments": "Reschedule needed.",
            "sub_division": "SubDivG",
            "rfc_type": "Tuse",
            "system_count": "System07",
            "revenue_system_count": 160,
            "system_count_adj": 8,
            "revenue_adj": 260,
            "cogs_adj": 18,
            "revenue_qtr": "2025-12-28T00:00:00Z",
            "adjustment_comment": "Adj comment 7",
            "finance_comments": "Finance comment 7"
        },
        {
            "s_number": 4,
            "slot_id": 12,
            "slot_number": "UF10018",
            "pd_qtr": "2026-W18",
            "platform": "UltraFLEX+",
            "system": "UltraFLEX+ 24 Slot",
            "slot_type": "Upside",
            "slot_status": "Shipped",
            "customer": "Micron Technology",
            "part_number": 440902,
            "part_description": "Desc 440902",
            "quantity": 1,
            "promise_date": null,
            "sales_order": "996588",
            "planning_organization": "STS",
            "mfr": "Flex",
            "mfr_site": "Penang",
            "actual_date": "2025-12-29T00:00:00Z",
            "forecast_name": "Lotus_Forecast_8",
            "revenue": "180000",
            "config_number": "CFG-9200",
            "request_number": "REQ105",
            "customer_date": "13-12-23",
            "marketing_comments": "Launch slot for major new customer.",
            "operations_comments": "Ensure material is in stock.",
            "sub_division": "SubDivH",
            "rfc_type": "Upside",
            "system_count": "System08",
            "revenue_system_count": 170,
            "system_count_adj": 9,
            "revenue_adj": 270,
            "cogs_adj": 14,
            "revenue_qtr": "2025-12-29T00:00:00Z",
            "adjustment_comment": "Adj comment 8",
            "finance_comments": "Finance comment 8"
        },
        {
            "s_number": 5,
            "slot_id": 13,
            "slot_number": "UF10019",
            "pd_qtr": "2026-W19",
            "platform": "J750",
            "system": "J750 6 Slot",
            "slot_type": "Hot-Lot",
            "slot_status": "Open",
            "customer": "Infineon",
            "part_number": 12525,
            "part_description": "Desc 101",
            "quantity": 1,
            "promise_date": null,
            "sales_order": "996589",
            "planning_organization": "STS",
            "mfr": "Flex",
            "mfr_site": "Penang",
            "actual_date": "2025-12-30T00:00:00Z",
            "forecast_name": "Lotus_Forecast_9",
            "revenue": "185000",
            "config_number": "CFG-9213",
            "request_number": "REQ113",
            "customer_date": "21-12-23",
            "marketing_comments": "Upside coverage.",
            "operations_comments": "Monitored.",
            "sub_division": "SubDivI",
            "rfc_type": "Hot-Lot",
            "system_count": "System09",
            "revenue_system_count": 180,
            "system_count_adj": 10,
            "revenue_adj": 280,
            "cogs_adj": 19,
            "revenue_qtr": "2025-12-30T00:00:00Z",
            "adjustment_comment": "Adj comment 9",
            "finance_comments": "Finance comment 9"
        }
    ],
    "hasMore": false,
    "limit": 1000,
    "offset": 0,
    "count": 5,
    "links": [
        {
            "rel": "self",
            "href": "https://g399b9d54c076b5-fusionpaasdev.adb.us-ashburn-1.oraclecloudapps.com/ords/terext/slotplanning/getexportsearchdetails"
        },
        {
            "rel": "describedby",
            "href": "https://g399b9d54c076b5-fusionpaasdev.adb.us-ashburn-1.oraclecloudapps.com/ords/terext/metadata-catalog/slotplanning/item"
        },
        {
            "rel": "first",
            "href": "https://g399b9d54c076b5-fusionpaasdev.adb.us-ashburn-1.oraclecloudapps.com/ords/terext/slotplanning/getexportsearchdetails"
        }
    ]
}