{
    "items": [
        {
            "ShippingMethod": "Fedex Air-Air-Air",
            "OrganizationCode": "C6P"
        },
        {
            "ShippingMethod": "Fedex Air-Air-Air",
            "OrganizationCode": "BW2"
        },
        {
            "ShippingMethod": "Fedex Air-Air-Air",
            "OrganizationCode": "DDK"
        },
        {
            "ShippingMethod": "Fedex Air-Air-Air",
            "OrganizationCode": "SC3"
        },
        {
            "ShippingMethod": "Fedex Air-Air-Air",
            "OrganizationCode": "FMP"
        },
        {
            "ShippingMethod": "Fedex Air-Air-Air",
            "OrganizationCode": "RS3"
        },
        {
            "ShippingMethod": "Fedex Air-Air-Air",
            "OrganizationCode": "C7P"
        },
        {
            "ShippingMethod": "Fedex Air-Air-Air",
            "OrganizationCode": "EXD"
        },
        {
            "ShippingMethod": "Fedex Air-Air-Air",
            "OrganizationCode": "PUF"
        },
        {
            "ShippingMethod": "Fedex Air-Air-Air",
            "OrganizationCode": "EPI"
        },
        {
            "ShippingMethod": "Fedex Air-Air-Air",
            "OrganizationCode": "PLD"
        },
        {
            "ShippingMethod": "Fedex Air-Air-Air",
            "OrganizationCode": "ELA"
        },
        {
            "ShippingMethod": "Fedex Air-Air-Air",
            "OrganizationCode": "SY2"
        },
        {
            "ShippingMethod": "Fedex Air-Air-Air",
            "OrganizationCode": "SY1"
        },
        {
            "ShippingMethod": "Fedex Air-Air-Air",
            "OrganizationCode": "SPR"
        },
        {
            "ShippingMethod": "Fedex Air-Air-Air",
            "OrganizationCode": "SMT"
        },
        {
            "ShippingMethod": "Fedex Air-Air-Air",
            "OrganizationCode": "TLD"
        },
        {
            "ShippingMethod": "Fedex Air-Air-Air",
            "OrganizationCode": "CC4"
        },
        {
            "ShippingMethod": "Fedex Air-Air-Air",
            "OrganizationCode": "TL3"
        },
        {
            "ShippingMethod": "Fedex Air-Air-Air",
            "OrganizationCode": "TEI"
        },
        {
            "ShippingMethod": "Fedex Air-Air-Air",
            "OrganizationCode": "TCD"
        },
        {
            "ShippingMethod": "Fedex Air-Air-Air",
            "OrganizationCode": "APM"
        },
        {
            "ShippingMethod": "Fedex Air-Air-Air",
            "OrganizationCode": "KWE"
        },
        {
            "ShippingMethod": "Fedex Air-Air-Air",
            "OrganizationCode": "CEV"
        },
        {
            "ShippingMethod": "Fedex Air-Air-Air",
            "OrganizationCode": "GIM"
        },
        {
            "ShippingMethod": "Fedex Air-Air-Air",
            "OrganizationCode": "PA3"
        },
        {
            "ShippingMethod": "Fedex Air-Air-Air",
            "OrganizationCode": "EG3"
        },
        {
            "ShippingMethod": "Fedex Air-Air-Air",
            "OrganizationCode": "NV3"
        },
        {
            "ShippingMethod": "Fedex Air-Air-Air",
            "OrganizationCode": "EFG"
        },
        {
            "ShippingMethod": "Fedex Air-Air-Air",
            "OrganizationCode": "BJE"
        },
        {
            "ShippingMethod": "Fedex Air-Air-Air",
            "OrganizationCode": "NFG"
        },
        {
            "ShippingMethod": "Fedex Air-Air-Air",
            "OrganizationCode": "DSH"
        },
        {
            "ShippingMethod": "Fedex Air-Air-Air",
            "OrganizationCode": "LCK"
        }
    ],
    "count": 33,
    "hasMore": false,
    "limit": 100,
    "offset": 0,
    "links": [
        {
            "rel": "self",
            "href": "https://iawmqy-dev2.fa.ocs.oraclecloud.com:443/fscmRestApi/resources/11.13.18.05/partsShippingMethodsLOV",
            "name": "partsShippingMethodsLOV",
            "kind": "collection"
        }
    ]
}