{
    "items": [
        {
            "AssignmentId": 300000004366224,
            "ClientBUId": 300000004286169,
            "ClientBU": "IE_PL_USD_BU_EMC",
            "BillToBUId": 300000004286169,
            "BillToBU": "IE_PL_USD_BU_EMC",
            "ShipToLocationId": null,
            "ShipToLocation": null,
            "ShipToLocationCode": null,
            "BillToLocationId": null,
            "BillToLocation": null,
            "BillToLocationCode": null,
            "UseWithholdingTaxFlag": null,
            "WithholdingTaxGroupId": null,
            "WithholdingTaxGroup": null,
            "ChartOfAccountsId": 2001,
            "LiabilityDistributionId": null,
            "LiabilityDistribution": null,
            "PrepaymentDistributionId": null,
            "PrepaymentDistribution": null,
            "BillPayableDistributionId": null,
            "BillPayableDistribution": null,
            "DistributionSetId": null,
            "DistributionSet": null,
            "InactiveDate": null,
            "Status": "ACTIVE",
            "CreationDate": "2024-10-17T12:56:34.509+00:00",
            "CreatedBy": "1411482",
            "LastUpdateDate": "2024-10-17T12:56:37.294+00:00",
            "LastUpdatedBy": "1411482"
        },
        {
            "AssignmentId": 300000002864736,
            "ClientBUId": 300000002422119,
            "ClientBU": "PL_PL_PLN_BU",
            "BillToBUId": 300000002422119,
            "BillToBU": "PL_PL_PLN_BU",
            "ShipToLocationId": null,
            "ShipToLocation": null,
            "ShipToLocationCode": null,
            "BillToLocationId": null,
            "BillToLocation": null,
            "BillToLocationCode": null,
            "UseWithholdingTaxFlag": null,
            "WithholdingTaxGroupId": null,
            "WithholdingTaxGroup": null,
            "ChartOfAccountsId": 2001,
            "LiabilityDistributionId": null,
            "LiabilityDistribution": null,
            "PrepaymentDistributionId": null,
            "PrepaymentDistribution": null,
            "BillPayableDistributionId": null,
            "BillPayableDistribution": null,
            "DistributionSetId": null,
            "DistributionSet": null,
            "InactiveDate": null,
            "Status": "ACTIVE",
            "CreationDate": "2024-08-21T11:37:14.453+00:00",
            "CreatedBy": "1405164",
            "LastUpdateDate": "2024-08-21T14:19:48.290+00:00",
            "LastUpdatedBy": "1405164"
        },
        {
            "AssignmentId": 300000002864744,
            "ClientBUId": 300000002788040,
            "ClientBU": "NL_PL_USD_BU",
            "BillToBUId": 300000002788040,
            "BillToBU": "NL_PL_USD_BU",
            "ShipToLocationId": null,
            "ShipToLocation": null,
            "ShipToLocationCode": null,
            "BillToLocationId": null,
            "BillToLocation": null,
            "BillToLocationCode": null,
            "UseWithholdingTaxFlag": null,
            "WithholdingTaxGroupId": null,
            "WithholdingTaxGroup": null,
            "ChartOfAccountsId": 2001,
            "LiabilityDistributionId": null,
            "LiabilityDistribution": null,
            "PrepaymentDistributionId": null,
            "PrepaymentDistribution": null,
            "BillPayableDistributionId": null,
            "BillPayableDistribution": null,
            "DistributionSetId": null,
            "DistributionSet": null,
            "InactiveDate": null,
            "Status": "ACTIVE",
            "CreationDate": "2024-08-21T11:37:14.466+00:00",
            "CreatedBy": "1405164",
            "LastUpdateDate": "2024-08-21T14:19:48.290+00:00",
            "LastUpdatedBy": "1405164"
        },
        {
            "AssignmentId": 300000002864734,
            "ClientBUId": 300000002788053,
            "ClientBU": "NL_PL_USD_BU2",
            "BillToBUId": 300000002788053,
            "BillToBU": "NL_PL_USD_BU2",
            "ShipToLocationId": null,
            "ShipToLocation": null,
            "ShipToLocationCode": null,
            "BillToLocationId": null,
            "BillToLocation": null,
            "BillToLocationCode": null,
            "UseWithholdingTaxFlag": null,
            "WithholdingTaxGroupId": null,
            "WithholdingTaxGroup": null,
            "ChartOfAccountsId": 2001,
            "LiabilityDistributionId": null,
            "LiabilityDistribution": null,
            "PrepaymentDistributionId": null,
            "PrepaymentDistribution": null,
            "BillPayableDistributionId": null,
            "BillPayableDistribution": null,
            "DistributionSetId": null,
            "DistributionSet": null,
            "InactiveDate": null,
            "Status": "ACTIVE",
            "CreationDate": "2024-08-21T11:37:14.450+00:00",
            "CreatedBy": "1405164",
            "LastUpdateDate": "2024-08-21T14:19:48.290+00:00",
            "LastUpdatedBy": "1405164"
        },
        {
            "AssignmentId": 300000004366222,
            "ClientBUId": 300000004286053,
            "ClientBU": "IT_PL_EUR_BU",
            "BillToBUId": 300000004286053,
            "BillToBU": "IT_PL_EUR_BU",
            "ShipToLocationId": null,
            "ShipToLocation": null,
            "ShipToLocationCode": null,
            "BillToLocationId": null,
            "BillToLocation": null,
            "BillToLocationCode": null,
            "UseWithholdingTaxFlag": null,
            "WithholdingTaxGroupId": null,
            "WithholdingTaxGroup": null,
            "ChartOfAccountsId": 2001,
            "LiabilityDistributionId": null,
            "LiabilityDistribution": null,
            "PrepaymentDistributionId": null,
            "PrepaymentDistribution": null,
            "BillPayableDistributionId": null,
            "BillPayableDistribution": null,
            "DistributionSetId": null,
            "DistributionSet": null,
            "InactiveDate": null,
            "Status": "ACTIVE",
            "CreationDate": "2024-10-17T12:56:34.506+00:00",
            "CreatedBy": "1411482",
            "LastUpdateDate": "2024-10-17T12:56:37.294+00:00",
            "LastUpdatedBy": "1411482"
        },
        {
            "AssignmentId": 300000002864728,
            "ClientBUId": 300000002324044,
            "ClientBU": "GB_PL_GBP_BU",
            "BillToBUId": 300000002324044,
            "BillToBU": "GB_PL_GBP_BU",
            "ShipToLocationId": null,
            "ShipToLocation": null,
            "ShipToLocationCode": null,
            "BillToLocationId": null,
            "BillToLocation": null,
            "BillToLocationCode": null,
            "UseWithholdingTaxFlag": null,
            "WithholdingTaxGroupId": null,
            "WithholdingTaxGroup": null,
            "ChartOfAccountsId": 2001,
            "LiabilityDistributionId": null,
            "LiabilityDistribution": null,
            "PrepaymentDistributionId": null,
            "PrepaymentDistribution": null,
            "BillPayableDistributionId": null,
            "BillPayableDistribution": null,
            "DistributionSetId": null,
            "DistributionSet": null,
            "InactiveDate": null,
            "Status": "ACTIVE",
            "CreationDate": "2024-08-21T11:37:14.440+00:00",
            "CreatedBy": "1405164",
            "LastUpdateDate": "2024-08-21T14:19:48.290+00:00",
            "LastUpdatedBy": "1405164"
        },
        {
            "AssignmentId": 300000002864730,
            "ClientBUId": 300000002314149,
            "ClientBU": "AE_PL_AED_BU",
            "BillToBUId": 300000002314149,
            "BillToBU": "AE_PL_AED_BU",
            "ShipToLocationId": null,
            "ShipToLocation": null,
            "ShipToLocationCode": null,
            "BillToLocationId": null,
            "BillToLocation": null,
            "BillToLocationCode": null,
            "UseWithholdingTaxFlag": null,
            "WithholdingTaxGroupId": null,
            "WithholdingTaxGroup": null,
            "ChartOfAccountsId": 2001,
            "LiabilityDistributionId": null,
            "LiabilityDistribution": null,
            "PrepaymentDistributionId": null,
            "PrepaymentDistribution": null,
            "BillPayableDistributionId": null,
            "BillPayableDistribution": null,
            "DistributionSetId": null,
            "DistributionSet": null,
            "InactiveDate": null,
            "Status": "ACTIVE",
            "CreationDate": "2024-08-21T11:37:14.443+00:00",
            "CreatedBy": "1405164",
            "LastUpdateDate": "2024-08-21T14:19:48.289+00:00",
            "LastUpdatedBy": "1405164"
        },
        {
            "AssignmentId": 300000002864732,
            "ClientBUId": 300000002314163,
            "ClientBU": "AE_PL_USD_BU",
            "BillToBUId": 300000002314163,
            "BillToBU": "AE_PL_USD_BU",
            "ShipToLocationId": null,
            "ShipToLocation": null,
            "ShipToLocationCode": null,
            "BillToLocationId": null,
            "BillToLocation": null,
            "BillToLocationCode": null,
            "UseWithholdingTaxFlag": null,
            "WithholdingTaxGroupId": null,
            "WithholdingTaxGroup": null,
            "ChartOfAccountsId": 2001,
            "LiabilityDistributionId": null,
            "LiabilityDistribution": null,
            "PrepaymentDistributionId": null,
            "PrepaymentDistribution": null,
            "BillPayableDistributionId": null,
            "BillPayableDistribution": null,
            "DistributionSetId": null,
            "DistributionSet": null,
            "InactiveDate": null,
            "Status": "ACTIVE",
            "CreationDate": "2024-08-21T11:37:14.446+00:00",
            "CreatedBy": "1405164",
            "LastUpdateDate": "2024-08-21T14:19:48.289+00:00",
            "LastUpdatedBy": "1405164"
        },
        {
            "AssignmentId": 300000002864746,
            "ClientBUId": 300000002768984,
            "ClientBU": "IE_PL_USD_BU2",
            "BillToBUId": 300000002768984,
            "BillToBU": "IE_PL_USD_BU2",
            "ShipToLocationId": null,
            "ShipToLocation": null,
            "ShipToLocationCode": null,
            "BillToLocationId": null,
            "BillToLocation": null,
            "BillToLocationCode": null,
            "UseWithholdingTaxFlag": null,
            "WithholdingTaxGroupId": null,
            "WithholdingTaxGroup": null,
            "ChartOfAccountsId": 2001,
            "LiabilityDistributionId": null,
            "LiabilityDistribution": null,
            "PrepaymentDistributionId": null,
            "PrepaymentDistribution": null,
            "BillPayableDistributionId": null,
            "BillPayableDistribution": null,
            "DistributionSetId": null,
            "DistributionSet": null,
            "InactiveDate": null,
            "Status": "ACTIVE",
            "CreationDate": "2024-08-21T11:37:14.469+00:00",
            "CreatedBy": "1405164",
            "LastUpdateDate": "2024-08-21T14:19:48.290+00:00",
            "LastUpdatedBy": "1405164"
        },
        {
            "AssignmentId": 300000002864740,
            "ClientBUId": 300000002422077,
            "ClientBU": "FR_PL_EUR_BU",
            "BillToBUId": 300000002422077,
            "BillToBU": "FR_PL_EUR_BU",
            "ShipToLocationId": null,
            "ShipToLocation": null,
            "ShipToLocationCode": null,
            "BillToLocationId": null,
            "BillToLocation": null,
            "BillToLocationCode": null,
            "UseWithholdingTaxFlag": null,
            "WithholdingTaxGroupId": null,
            "WithholdingTaxGroup": null,
            "ChartOfAccountsId": 2001,
            "LiabilityDistributionId": null,
            "LiabilityDistribution": null,
            "PrepaymentDistributionId": null,
            "PrepaymentDistribution": null,
            "BillPayableDistributionId": null,
            "BillPayableDistribution": null,
            "DistributionSetId": null,
            "DistributionSet": null,
            "InactiveDate": null,
            "Status": "ACTIVE",
            "CreationDate": "2024-08-21T11:37:14.459+00:00",
            "CreatedBy": "1405164",
            "LastUpdateDate": "2024-08-21T14:19:48.290+00:00",
            "LastUpdatedBy": "1405164"
        },
        {
            "AssignmentId": 300000002864724,
            "ClientBUId": 300000002603194,
            "ClientBU": "IE_PL_USD_BU",
            "BillToBUId": 300000002603194,
            "BillToBU": "IE_PL_USD_BU",
            "ShipToLocationId": null,
            "ShipToLocation": null,
            "ShipToLocationCode": null,
            "BillToLocationId": null,
            "BillToLocation": null,
            "BillToLocationCode": null,
            "UseWithholdingTaxFlag": null,
            "WithholdingTaxGroupId": null,
            "WithholdingTaxGroup": null,
            "ChartOfAccountsId": 2001,
            "LiabilityDistributionId": null,
            "LiabilityDistribution": null,
            "PrepaymentDistributionId": null,
            "PrepaymentDistribution": null,
            "BillPayableDistributionId": null,
            "BillPayableDistribution": null,
            "DistributionSetId": null,
            "DistributionSet": null,
            "InactiveDate": null,
            "Status": "ACTIVE",
            "CreationDate": "2024-08-21T11:37:14.347+00:00",
            "CreatedBy": "1405164",
            "LastUpdateDate": "2024-08-21T14:19:48.290+00:00",
            "LastUpdatedBy": "1405164"
        },
        {
            "AssignmentId": 300000002864742,
            "ClientBUId": 300000002603290,
            "ClientBU": "GB_PL_USD_BU",
            "BillToBUId": 300000002603290,
            "BillToBU": "GB_PL_USD_BU",
            "ShipToLocationId": null,
            "ShipToLocation": null,
            "ShipToLocationCode": null,
            "BillToLocationId": null,
            "BillToLocation": null,
            "BillToLocationCode": null,
            "UseWithholdingTaxFlag": null,
            "WithholdingTaxGroupId": null,
            "WithholdingTaxGroup": null,
            "ChartOfAccountsId": 2001,
            "LiabilityDistributionId": null,
            "LiabilityDistribution": null,
            "PrepaymentDistributionId": null,
            "PrepaymentDistribution": null,
            "BillPayableDistributionId": null,
            "BillPayableDistribution": null,
            "DistributionSetId": null,
            "DistributionSet": null,
            "InactiveDate": null,
            "Status": "ACTIVE",
            "CreationDate": "2024-08-21T11:37:14.463+00:00",
            "CreatedBy": "1405164",
            "LastUpdateDate": "2024-08-21T14:19:48.290+00:00",
            "LastUpdatedBy": "1405164"
        },
        {
            "AssignmentId": 300000002864726,
            "ClientBUId": 300000002301212,
            "ClientBU": "DE_PL_EUR_BU",
            "BillToBUId": 300000002301212,
            "BillToBU": "DE_PL_EUR_BU",
            "ShipToLocationId": null,
            "ShipToLocation": null,
            "ShipToLocationCode": null,
            "BillToLocationId": null,
            "BillToLocation": null,
            "BillToLocationCode": null,
            "UseWithholdingTaxFlag": null,
            "WithholdingTaxGroupId": null,
            "WithholdingTaxGroup": null,
            "ChartOfAccountsId": 2001,
            "LiabilityDistributionId": null,
            "LiabilityDistribution": null,
            "PrepaymentDistributionId": null,
            "PrepaymentDistribution": null,
            "BillPayableDistributionId": null,
            "BillPayableDistribution": null,
            "DistributionSetId": null,
            "DistributionSet": null,
            "InactiveDate": null,
            "Status": "ACTIVE",
            "CreationDate": "2024-08-21T11:37:14.436+00:00",
            "CreatedBy": "1405164",
            "LastUpdateDate": "2024-08-21T14:19:48.289+00:00",
            "LastUpdatedBy": "1405164"
        },
        {
            "AssignmentId": 300000002864738,
            "ClientBUId": 300000002422036,
            "ClientBU": "IE_PL_EUR_BU",
            "BillToBUId": 300000002422036,
            "BillToBU": "IE_PL_EUR_BU",
            "ShipToLocationId": null,
            "ShipToLocation": null,
            "ShipToLocationCode": null,
            "BillToLocationId": null,
            "BillToLocation": null,
            "BillToLocationCode": null,
            "UseWithholdingTaxFlag": null,
            "WithholdingTaxGroupId": null,
            "WithholdingTaxGroup": null,
            "ChartOfAccountsId": 2001,
            "LiabilityDistributionId": null,
            "LiabilityDistribution": null,
            "PrepaymentDistributionId": null,
            "PrepaymentDistribution": null,
            "BillPayableDistributionId": null,
            "BillPayableDistribution": null,
            "DistributionSetId": null,
            "DistributionSet": null,
            "InactiveDate": null,
            "Status": "ACTIVE",
            "CreationDate": "2024-08-21T11:37:14.456+00:00",
            "CreatedBy": "1405164",
            "LastUpdateDate": "2024-08-21T14:19:48.290+00:00",
            "LastUpdatedBy": "1405164"
        }
    ],
    "count": 14,
    "hasMore": false,
    "limit": 25,
    "offset": 0,
    "links": [
        {
            "rel": "self",
            "href": "https://iawmqy-dev2.fa.ocs.oraclecloud.com:443/fscmRestApi/resources/11.13.18.05/suppliers/300000002823279/child/sites/300000002864721/child/assignments",
            "name": "assignments",
            "kind": "collection"
        }
    ]
}