{
    "openapi": "3.0.0",
    "info": {
        "title": "Ics",
        "version": "1.0.0"
    },
    "servers": [
        {
            "url": "vb-catalog://backends/ics",
            "description": "Ics"
        }
    ],
    "paths": {
        "/ic/api/integration/v1/flows/rest/TEREXT_SLOT_BULK_UPLOAD_VALIDA/1.0/postValidateBulkUploadData": {
            "post": {
                "operationId": "postValidateBulkUploadData",
                "parameters": [],
                "requestBody": {
                    "content": {
                        "multipart/form-data": {
                            "schema": {
                                "$ref": "#/components/schemas/PostIcApiIntegrationV1FlowsRestTEREXT_SLOT_BULK_UPLOAD_VALIDA1_0PostValidateBulkUploadDataRequest"
                            }
                     }
                    }
                },
                "responses": {
                    "default": {
                        "description": "Default response",
                        "content": {
                            "application/json": {
                                "schema": {
                                    "$ref": "#/components/schemas/PostIcApiIntegrationV1FlowsRestTEREXT_SLOT_BULK_UPLOAD_VALIDA1_0PostValidateBulkUploadDataResponse"
                                },
                                "examples": {
                                    "vb": {
                                        "externalValue": "./examples/postValidateBulkUploadData/response_default_application_json_vb.json"
                                    }
                                }
                            }
                        }
                    }
               },
                "x-vb": {
                    "actionHint": "getMany"
                }
            }
        }
    },
    "components": {
        "schemas": {
            "PostIcApiIntegrationV1FlowsRestTEREXT_SLOT_BULK_UPLOAD_VALIDA1_0PostValidateBulkUploadDataRequest": {
                "type": "object",
                "properties": {
                    "files": {
                        "type": "string",
                        "format": "binary"
                    }
                }
            },
            "PostIcApiIntegrationV1FlowsRestTEREXT_SLOT_BULK_UPLOAD_VALIDA1_0PostValidateBulkUploadDataResponse": {
                "type": "object",
                "properties": {
                    "Status": {
                        "nullable": true
                    }
                }
            }
        }
    }
}