{
  "title": "main",
  "description": "",
  "variables": {
    "customerNameLovSDP": {
      "type": "vb/ServiceDataProvider",
      "defaultValue": {
        "responseType": "getGetcustomernamelov",
        "itemsPath": "items",
        "keyAttributes": "customer_name",
        "transformsContext": {
          "vb-textFilterAttributes": [
            "customer_name"
          ]
        },
        "fetchChain": "getGetcustomernamelovFetch"
      }
    },
    "deleteKeyVar": {
      "type": "any"
    },
    "exportADP": {
      "type": "vb/ArrayDataProvider2",
      "defaultValue": {
        "itemType": "getGetexportdetails",
        "keyAttributes": "slot_id"
      }
    },
    "exportFilenameVar": {
      "type": "string"
    },
    "quarterSDP": {
      "type": "vb/ServiceDataProvider",
      "defaultValue": {
        "responseType": "getGetquarterdetails",
        "itemsPath": "items",
        "keyAttributes": "quarter",
        "transformsContext": {
          "vb-textFilterAttributes": [
            "quarter"
          ]
        },
        "fetchChain": "getGetquarterdetailsFetch"
      }
    },
    "quarterVar": {
      "type": "string"
    },
    "table_columns_export": {
      "type": "object[]",
      "defaultValue": [
        {

          "headerText": "Slot Number",
          "field": "slot_number"
        },
        {

          "headerText": "Platform",
          "field": "platform"
        },
        {

          "headerText": "System",
          "field": "system"
        },
        {
          "headerText": "Slot Type",
          "field": "slot_type"
        },
        {
          "headerText": "Slot Status",
          "field": "slot_status"
        }        ,
        {
          "headerText": "Customer",
          "field": "customer"
        }        ,
        {
          "headerText": "Part Number",
          "field": "part_number"
        }        ,
        {
          "headerText": "Forecast Name",
          "field": "forecast_name"
        }        ,
        {
          "headerText": "Config Number",
          "field": "config_number"
        }        ,
        {
          "headerText": "Request Number",
          "field": "request_number"
        }        ,
        {
          "headerText": "Revenue Qtr",
          "field": "revenue_qtr"
        }        ,
        {
          "headerText": "Marketing Comments",
          "field": "marketing_comments"
        }        ,
        {
          "headerText": "Operations Comments",
          "field": "operations_comments"
        }        ,
        {
          "headerText": "Adjustment Comment",
          "field": "adjustment_comment"
        }        ,
        {
          "headerText": "Finance Comments",
          "field": "finance_comments"
        }
      ]
    },
    "Filter_Obj": {
      "type": {
        "customer_name": "string",
        "period": "string",
        "product_type": "string",
        "slot_number": "string",
        "slot_type": "string",
        "status": "string"
      }
    },
    "openDrawer": {
      "type": "boolean",
      "defaultValue": false
    },
    "periodLovSDP": {
      "type": "vb/ServiceDataProvider",
      "defaultValue": {
        "responseType": "getGetperiodlov",
        "itemsPath": "items",
        "keyAttributes": "period",
        "transformsContext": {
          "vb-textFilterAttributes": [
            "period"
          ]
        },
        "fetchChain": "getGetperiodlovFetch"
      }
    },
    "productTypeLovSDP": {
      "type": "vb/ServiceDataProvider",
      "defaultValue": {
        "responseType": "getGetproducttypelov",
        "itemsPath": "items",
        "keyAttributes": "product_type",
        "transformsContext": {
          "vb-textFilterAttributes": [
            "product_type"
          ]
        },
        "fetchChain": "getGetproducttypelovFetch"
      }
    },
"Search_obj": {
      "type": {
        "search_value": "string"
      }
    },
    "Search_table_ADP": {
      "type": "vb/ArrayDataProvider2",
      "defaultValue": {
        "itemType": "getGetsearchtable",
        "keyAttributes": "slot_number"
      }
    },
    "searchtable": {
      "type": "any"
    },
      "Dashboard_Count_obj": {
      "type": {
        "BookedSlots": "number",
        "IdentifiedSlots": "number",
        "OpenSlots": "number",
        "ShippedSlots": "number",
        "TotalSlots": "number"
      },
      "defaultValue": {

        "IdentifiedSlots": 0,
        "OpenSlots": 0,
        "ShippedSlots": 0,
        "TotalSlots": 0,
        "BookedSlots": 0
      }
    },
      "searchColumn": {
      "type": "object[]",
      "defaultValue": [
        {
          "headerText": "Slot Number",
          "field": "slot_number",
          "resizable": "enabled",
          "frozenEdge": "start"
        },
        {
          "headerText": "Product Type",
          "field": "platform",
          "resizable": "enabled",
          "frozenEdge": "start"
        },
        {
          "headerText": "Product Model",
          "field": "system",
          "resizable": "enabled",
          "frozenEdge": "start"
        },
        {
          "headerText": "Slot Type",
          "field": "slot_type",
          "resizable": "enabled"
        },
        {
          "headerText": "Period",
          "field": "pd_qtr",
          "resizable": "enabled"
        },
        {
          "headerText": "Status",
          "field": "slot_status",
          "template": "status",
          "resizable": "enabled"
        },
        {
          "headerText": "Action",
          "template": "Edit",
          "sortable": "disabled",
          "width": 170
        }
      ]
    },
    "slotNumberLovSDP": {
      "type": "vb/ServiceDataProvider",
      "defaultValue": {
        "responseType": "getGetslotnumberlov",
        "itemsPath": "items",
        "keyAttributes": "slot_number",
        "transformsContext": {
          "vb-textFilterAttributes": [
            "slot_number"
          ]
        },
        "fetchChain": "getGetslotnumberlovFetch"
      }
    },
    "slotTypeLovSDP": {
      "type": "vb/ServiceDataProvider",
      "defaultValue": {
        "responseType": "getGetslottypelov",
        "itemsPath": "items",
        "keyAttributes": "slot_type",
        "transformsContext": {
          "vb-textFilterAttributes": [
            "slot_type"
          ]
        },
        "fetchChain": "getGetslottypelovFetch"
      }
    },
    "StatusLovSDP": {
      "type": "vb/ServiceDataProvider",
      "defaultValue": {
        "responseType": "getGetslotstatuslov",
        "itemsPath": "items",
        "fetchChain": "getGetslotstatuslovFetch",
        "keyAttributes": "status",
        "transformsContext": {
          "vb-textFilterAttributes": [
            "status"
          ]
        }
      }
    }

  },
  "metadata": {},
  "types": {
    "@decorators.getGetcustomernamelov": {
      "endpoint": "getGetcustomernamelov",
      "service": "SlotPlanningModule",
      "path": "response"
    },
    "@decorators.getGetexportdetails": {
      "endpoint": "getGetexportdetails",
      "service": "SlotPlanningModule",
      "path": "response"
    },
    "@decorators.getGetperiodlov": {
      "endpoint": "getGetperiodlov",
      "service": "SlotPlanningModule",
      "path": "response"
    },
    "@decorators.getGetproducttypelov": {
      "endpoint": "getGetproducttypelov",
      "service": "SlotPlanningModule",
      "path": "response"
    },
    "@decorators.getGetquarterdetails": {
      "endpoint": "getGetquarterdetails",
      "service": "SlotPlanningModule",
      "path": "response"
    },
    "@decorators.getGetsearchtable": {
      "endpoint": "getGetsearchtable",
      "service": "SlotPlanningModule",
      "path": "response"
    },
    "@decorators.getGetslotnumberlov": {
      "endpoint": "getGetslotnumberlov",
      "service": "SlotPlanningModule",
      "path": "response"
    },
    "@decorators.getGetslotstatuslov": {
      "endpoint": "getGetslotstatuslov",
      "service": "SlotPlanningModule",
      "path": "response"
    },
    "@decorators.getGetslottypelov": {
      "endpoint": "getGetslottypelov",
      "service": "SlotPlanningModule",
      "path": "response"
    },
    "getGetcustomernamelov": {
      "items": [
        {
          "customer_name": "string"
        }
      ]
    },
    "getGetexportdetails": {
          "actual_date": "string",
          "adjustment_comment": "string",
          "cogs_adj": "number",
          "config_number": "string",
          "customer": "string",
          "customer_date": "string",
          "finance_comments": "string",
          "forecast_name": "string",
          "marketing_comments": "string",
          "mfr": "string",
          "mfr_site": "string",
          "operations_comments": "string",
          "part_description": "string",
          "part_number": "number",
          "pd_qtr": "string",
          "planning_organization": "string",
          "platform": "string",
          "promise_date": "any",
          "quantity": "number",
          "request_number": "string",
          "revenue": "string",
          "revenue_adj": "number",
          "revenue_qtr": "string",
          "revenue_system_count": "number",
          "rfc_type": "string",
          "s_number": "number",
          "sales_order": "string",
          "slot_id": "number",
          "slot_number": "string",
          "slot_status": "string",
          "slot_type": "string",
          "sub_division": "string",
          "system": "string",
          "system_count": "string",
          "system_count_adj": "number"
    },
    "getGetperiodlov": {
      "items": [
        {
          "period": "string"
        }
      ]
    },
    "getGetproducttypelov": {
      "items": [
        {
          "product_type": "string"
        }
      ]
    },
    "getGetquarterdetails": {
      "items": [
        {
          "quarter": "string"
        }
      ]
    },
    "getGetsearchtable": {
          "bi_flag": "string",
          "config_number": "number",
          "created_by": "string",
          "created_date": "string",
          "customer": "string",
          "customer_id": "number",
          "customer_site_id": "number",
          "demand_class": "string",
          "mrp_qtr": "string",
          "notication_flag": "string",
          "partial_flag": "string",
          "pd_qtr": "string",
          "platform": "string",
          "promised_date": "string",
          "read_only": "string",
          "schedule_date": "string",
          "sf_flag": "string",
          "slot_id": "number",
          "slot_number": "string",
          "slot_status": "string",
          "slot_type": "string",
          "source": "string",
          "system": "string",
          "updated_by": "string",
          "updated_date": "string"
    },
    "getGetslotnumberlov": {
      "items": [
        {
          "slot_number": "string"
        }
      ]
    },
    "getGetslotstatuslov": {
      "items": [
        {
          "status": "string"
        }
      ]
    },
    "getGetslottypelov": {
      "items": [
        {
          "slot_type": "string"
        }
      ]
    }

  },
  "eventListeners": {
    "buttonAction": {
      "chains": [
        {
          "chain": "onSearchButtonAction",
          "parameters": {
            "event": "{{$event}}",
            "originalEvent": "{{$event.detail.originalEvent}}"
          }
        }
      ]
    },
    "buttonAction2": {
      "chains": [
        {
          "chain": "onClickResetButton",
          "parameters": {
            "event": "{{$event}}",
            "originalEvent": "{{$event.detail.originalEvent}}"
          }
        }
      ]
    },
    "buttonAction3": {
      "chains": [
        {
          "chain": "onClickFilterSearch",
          "parameters": {
            "event": "{{$event}}",
            "originalEvent": "{{$event.detail.originalEvent}}"
          }
        }
      ]
    },
    "buttonAction4": {
      "chains": [
        {
          "chain": "onFilterSearchButton",
          "parameters": {
            "event": "{{$event}}",
            "originalEvent": "{{$event.detail.originalEvent}}"
          }
        }
      ]
    },
    "buttonAction5": {
      "chains": [
        {
          "chain": "onClickCancelButton",
          "parameters": {
            "event": "{{$event}}",
            "originalEvent": "{{$event.detail.originalEvent}}"
          }
        }
      ]
    },
    "buttonAction6": {
      "chains": [
        {
          "chain": "onClickDeletebutton",
          "parameters": {
            "event": "{{$event}}",
            "originalEvent": "{{$event.detail.originalEvent}}",
            "key": "{{ $current.key }}",
            "index": "{{ $current.index }}",
            "current": "{{ $current }}"
          }
        }
      ]
    },
    "buttonAction7": {
      "chains": [
        {
          "chain": "onClickdeletepopupbutton",
          "parameters": {
            "event": "{{$event}}",
            "originalEvent": "{{$event.detail.originalEvent}}"
          }
        }
      ]
    },
    "buttonAction8": {
      "chains": [
        {
          "chain": "onClickdeletebuttonpopup",
          "parameters": {
            "event": "{{$event}}",
            "originalEvent": "{{$event.detail.originalEvent}}"
          }
        }
      ]
    },
    "navigationSelection": {
      "chains": [
        {
          "chain": "navigationListSelectionChangeChain",
          "parameters": {
            "event": "{{$event}}",
            "previousValue": "{{$event.detail.previousValue}}",
            "value": "{{$event.detail.value}}",
            "updatedFrom": "{{$event.detail.updatedFrom}}",
            "selection": "{{ $event.detail.value }}"
          }
        }
      ]
    },
    "selectValueItem": {
      "chains": [
        {
          "chain": "onClickQuarterActionChain",
          "parameters": {
            "event": "{{$event}}",
            "previousValue": "{{$event.detail.previousValue}}",
            "value": "{{$event.detail.value}}",
            "updatedFrom": "{{$event.detail.updatedFrom}}",
            "key": "{{$event.detail.value.key}}",
            "data": "{{$event.detail.value.data}}",
            "metadata": "{{$event.detail.value.metadata}}",
            "valueItem": "{{ $event.detail.value }}"
          }
        }
      ]
    },
    "toggleNavListButtonAction": {
      "chains": [
        {
          "chain": "ToggleeNavListActionChain",
          "parameters": {
            "event": "{{$event}}",
            "originalEvent": "{{$event.detail.originalEvent}}"
          }
        }
      ]
    },
    "vbEnter": {
      "chains": [
        {
          "parameters": {},
          "chain": "vbEnterListener"
        }
      ]
    }

  },
  "imports": {
    "components": {
      "oj-avatar": {
        "path": "ojs/ojavatar"
      },
      "oj-button": {
        "path": "ojs/ojbutton"
      },
      "oj-dialog": {
        "path": "ojs/ojdialog"
      },
      "oj-drawer-layout": {
        "path": "ojs/ojdrawerlayout"
      },
      "oj-form-layout": {
        "path": "ojs/ojformlayout"
      },
      "oj-highlight-text": {
        "path": "ojs/ojhighlighttext"
      },
      "oj-input-date": {
        "path": "ojs/ojdatetimepicker"
      },
      "oj-input-date-time": {
        "path": "ojs/ojdatetimepicker"
      },
      "oj-input-number": {
        "path": "ojs/ojinputnumber"
      },
      "oj-input-search": {
        "path": "ojs/ojinputsearch"
      },
      "oj-input-text": {
        "path": "ojs/ojinputtext"
      },
      "oj-label": {
        "path": "ojs/ojlabel"
      },
      "oj-label-value": {
        "path": "ojs/ojlabelvalue"
      },
      "oj-list-view": {
        "path": "ojs/ojlistview"
      },
      "oj-navigation-list": {
        "path": "ojs/ojnavigationlist"
      },
      "oj-paging-control": {
        "path": "ojs/ojpagingcontrol"
      },
      "oj-progress-bar": {
        "path": "ojs/ojprogress-bar"
      },
      "oj-sample-export-data": {
        "path": "oj-sample/export-data/loader"
      },
      "oj-select-single": {
        "path": "ojs/ojselectsingle"
      },
      "oj-table": {
        "path": "ojs/ojtable"
      },
      "oj-text-area": {
        "path": "ojs/ojinputtext"
      },
      "oj-validation-group": {
        "path": "ojs/ojvalidationgroup"
      }

   },
    "modules": {
      "ojConverterNumber": {
        "path": "ojs/ojconverter-number"
      },
      "ojValidationDateTime": {
        "path": "ojs/ojvalidation-datetime"
      },
      "ojValidationNumber": {
        "path": "ojs/ojvalidation-number"
      }
    }
  }
}