{
  "title": "Slot Creation",
  "description": "",
  "variables": {
    "configNumberADP": {
      "type": "vb/ArrayDataProvider2",
      "defaultValue": {
        "itemType": "getConfigNumber",
        "keyAttributes": "@value",
        "textFilterAttributes": [
          "CONFIG_NUM"
        ]
      }
    },
    "creationSlotVariables": {
      "type": {
        "configNumber": "string",
        "demandClass": "string",
        "manufacture": "any",
        "manufactureSite": "any",
        "marketingComments": "any",
        "mrpQtr": "string",
        "operationComments": "any",
        "pdQtr": "string",
        "planningOrganization": "any",
        "platform": "string",
        "promisedDate": "string",
        "scheduledDate": "string",
        "slotNumber": "string",
        "slotStatus": "string",
        "slotType": "string",
        "system": "string"

      },
      "defaultValue": {
        "slotStatus": "Open"
      }
    },
    "demandClassADP": {
      "type": "vb/ArrayDataProvider2",
      "defaultValue": {
        "itemType": "getDemandLookupType",
        "keyAttributes": "LookupCode",
        "textFilterAttributes": [
          "LookupCode"
        ]
      }
    },
    "planningOrganizationADP": {
      "type": "vb/ArrayDataProvider2",
      "defaultValue": {
        "itemType": "getPlanningOrganization",
        "keyAttributes": "@value",
        "textFilterAttributes": [
          "organizationName"
        ]
      }
    },
    "platformADP": {
      "type": "vb/ArrayDataProvider2",
      "defaultValue": {
        "itemType": "getPlatform",
        "keyAttributes": "@value",
        "textFilterAttributes": [
          "categoryName"
        ]
      }
    },
    "promiseDateVar": {
      "type": "any"
    },
    "scheduleDateVar": {
      "type": "any"
    },
    "slotTypeADP": {
      "type": "vb/ArrayDataProvider2",
      "defaultValue": {
        "itemType": "getGetSlotType",
        "keyAttributes": "@value",
        "textFilterAttributes": [
          "slot_type"
        ]
      }
    },
    "systemADP": {
      "type": "vb/ArrayDataProvider2",
      "defaultValue": {
        "itemType": "getSystem",
        "keyAttributes": "@value",
        "textFilterAttributes": [
          "itemNumber"
        ]
      }
    }

  },
  "metadata": {},
  "types": {

    "@decorators.getDemandLookupType": {
      "endpoint": "getDemandLookup",
      "service": "fusionService",
      "path": "response-_-items[0]"
    },
    "@decorators.getGetSlotType": {
      "endpoint": "getGetslottypelov",
      "service": "SlotPlanningModule",
      "path": "response-_-items[0]"
    },
    "getConfigNumber": {
      "config_num": "any"
    },
    "getDemandLookupType": {
      "LookupCode": "string"
    },
    "getGetSlotType": {
      "slot_type": "string"
    },
    "getPlanningOrganization": {
      "organizationName": "any"
    },
    "getPlatform": {
      "categoryName": "any"
    },
    "getSystem": {
      "itemNumber": "any"
    }

  },
  "eventListeners": {
    "backButtonAction": {
      "chains": [
        {
          "chain": "backButtonActionChain",
          "parameters": {
            "event": "{{$event}}",
            "originalEvent": "{{$event.detail.originalEvent}}"
          }
        }
      ]
    },
    "configNumSelectValueItem": {
      "chains": [
        {
          "chain": "configNumSelectValueItemChangeChain",
          "parameters": {
            "event": "{{$event}}",
            "previousValue": "{{$event.detail.previousValue}}",
            "value": "{{$event.detail.value}}",
            "updatedFrom": "{{$event.detail.updatedFrom}}",
            "key": "{{$event.detail.value.key}}",
            "data": "{{$event.detail.value.data}}",
            "metadata": "{{$event.detail.value.metadata}}",
            "valueItem": "{{ $event.detail.value }}"
          }
        }
      ]
    },
    "demandClassSelectValueItem": {
      "chains": [
        {
          "chain": "demandClassSelectValueItemChangeChain",
          "parameters": {
            "event": "{{$event}}",
            "previousValue": "{{$event.detail.previousValue}}",
            "value": "{{$event.detail.value}}",
            "updatedFrom": "{{$event.detail.updatedFrom}}",
            "key": "{{$event.detail.value.key}}",
            "data": "{{$event.detail.value.data}}",
            "metadata": "{{$event.detail.value.metadata}}",
            "valueItem": "{{ $event.detail.value }}"
          }
        }
      ]
    },
    "platformSelectValueItem": {
      "chains": [
        {
          "chain": "platformSelectValueItemChangeChain",
          "parameters": {
            "event": "{{$event}}",
            "previousValue": "{{$event.detail.previousValue}}",
            "value": "{{$event.detail.value}}",
            "updatedFrom": "{{$event.detail.updatedFrom}}",
            "key": "{{$event.detail.value.key}}",
            "data": "{{$event.detail.value.data}}",
            "metadata": "{{$event.detail.value.metadata}}",
            "valueItem": "{{ $event.detail.value }}"
          }
        }
      ]
    },
    "promiseDateValue": {
      "chains": [
        {
          "chain": "promiseDateValueChangeChain",
          "parameters": {
            "event": "{{$event}}",
            "previousValue": "{{$event.detail.previousValue}}",
            "value": "{{ $event.detail.value }}",
            "updatedFrom": "{{$event.detail.updatedFrom}}"
          }
        }
      ]
    },
    "saveSlotAction": {
      "chains": [
        {
          "chain": "saveSlotButtonActionChain",
          "parameters": {
            "event": "{{$event}}",
            "originalEvent": "{{$event.detail.originalEvent}}"
          }
        }
      ]
    },
    "scheduleDateValue": {
      "chains": [
        {
          "chain": "scheduleDateValueChangeChain",
          "parameters": {
            "event": "{{$event}}",
            "previousValue": "{{$event.detail.previousValue}}",
            "value": "{{ $event.detail.value }}",
            "updatedFrom": "{{$event.detail.updatedFrom}}"
          }
        }
      ]
    },
    "slotTypeSelectValueItem": {
      "chains": [
        {
          "chain": "slotTypeSelectValueItemChangeChain",
          "parameters": {
            "event": "{{$event}}",
            "previousValue": "{{$event.detail.previousValue}}",
            "value": "{{$event.detail.value}}",
            "updatedFrom": "{{$event.detail.updatedFrom}}",
            "key": "{{$event.detail.value.key}}",
            "data": "{{$event.detail.value.data}}",
            "metadata": "{{$event.detail.value.metadata}}",
            "valueItem": "{{ $event.detail.value }}"
          }
        }
      ]
    },
    "slotNumberInputTextValue": {
      "chains": [
        {
          "chain": "slotNumberInputTextValueChangeChain",
          "parameters": {
            "event": "{{$event}}",
            "previousValue": "{{$event.detail.previousValue}}",
            "value": "{{ $event.detail.value }}",
            "updatedFrom": "{{$event.detail.updatedFrom}}"
          }
        }
      ]
    },
    "systemSelectValueItem": {
      "chains": [
        {
          "chain": "systemSelectValueItemChangeChain",
          "parameters": {
            "event": "{{$event}}",
            "previousValue": "{{$event.detail.previousValue}}",
            "value": "{{$event.detail.value}}",
            "updatedFrom": "{{$event.detail.updatedFrom}}",
            "key": "{{$event.detail.value.key}}",
            "data": "{{$event.detail.value.data}}",
            "metadata": "{{$event.detail.value.metadata}}",
            "valueItem": "{{ $event.detail.value }}"
          }
        }
      ]
    },
    "vbEnter": {
      "chains": [
        {
          "parameters": {},
          "chain": "vbEnterListener"
        }
      ]
    }
  },
  "imports": {
    "components": {
      "oj-button": {
        "path": "ojs/ojbutton"
      },
      "oj-c-progress-bar": {
        "path": "oj-c/progress-bar"
      },
      "oj-c-progress-circle": {
        "path": "oj-c/progress-circle"
      },
      "oj-combobox-one": {
        "path": "ojs/ojselectcombobox"
      },
      "oj-dialog": {
        "path": "ojs/ojdialog"
      },
      "oj-form-layout": {
        "path": "ojs/ojformlayout"
      },
      "oj-input-date": {
        "path": "ojs/ojdatetimepicker"
      },
      "oj-input-text": {
        "path": "ojs/ojinputtext"
      },
      "oj-label": {
        "path": "ojs/ojlabel"
      },
      "oj-label-value": {
        "path": "ojs/ojlabelvalue"
      },
      "oj-select-single": {
        "path": "ojs/ojselectsingle"
      },
      "oj-text-area": {
        "path": "ojs/ojinputtext"
      },
      "oj-validation-group": {
        "path": "ojs/ojvalidationgroup"
      }
    },
    "modules": {
      "ojValidationDateTime": {
        "path": "ojs/ojvalidation-datetime"
      }
    }
  }
}