{
  "title": "slot finance",
  "description": "",
  "variables": {},
  "metadata": {},
  "types": {},
  "eventListeners": {},
  "imports": {
    "components": {
      "oj-button": {
        "path": "ojs/ojbutton"
      },
      "oj-c-progress-bar": {
        "path": "oj-c/progress-bar"
      },
      "oj-dialog": {
        "path": "ojs/ojdialog"
      },
      "oj-form-layout": {
        "path": "ojs/ojformlayout"
      },
      "oj-input-date": {
        "path": "ojs/ojdatetimepicker"
      },
      "oj-input-text": {
        "path": "ojs/ojinputtext"
      },
      "oj-label": {
        "path": "ojs/ojlabel"
      },
      "oj-label-value": {
        "path": "ojs/ojlabelvalue"
      },
      "oj-select-single": {
        "path": "ojs/ojselectsingle"
      },
      "oj-text-area": {
        "path": "ojs/ojinputtext"
      }
   },
    "modules": {
      "ojValidationDateTime": {
        "path": "ojs/ojvalidation-datetime"
      }
    }
  }
}