{
    "items": [
        {
            "style_id": 300000002724538,
            "style_name": "Dell-BSOM Style",
            "description": "Dell BSOM Purchasing Document Style",
            "display_name": "Dell-BSOM Blanket Purchase Order",
            "created_by": "Aaa",
            "creation_date": "2025-02-25T10:46:15Z",
            "updated_date": "2025-02-25T10:46:15Z",
            "updated_by": null,
            "object_version": 1
        },
        {
            "style_id": 300000002724537,
            "style_name": "Dell-Standard Style",
            "description": "Dell Standard document style",
            "display_name": "Dell-Blanket Purchase Order",
            "created_by": "Aaa",
            "creation_date": "2025-02-25T10:46:44Z",
            "updated_date": "2025-02-25T10:46:44Z",
            "updated_by": null,
            "object_version": 1
        }
    ],
    "hasMore": false,
    "limit": 25,
    "offset": 0,
    "count": 2,
    "links": [
        {
            "rel": "self",
            "href": "https://g1e975c32298168-dellextatpdev2.adb.us-phoenix-1.oraclecloudapps.com/ords/stp_ext/buyer-document"
        },
        {
            "rel": "edit",
            "href": "https://g1e975c32298168-dellextatpdev2.adb.us-phoenix-1.oraclecloudapps.com/ords/stp_ext/buyer-document"
        },
        {
            "rel": "describedby",
            "href": "https://g1e975c32298168-dellextatpdev2.adb.us-phoenix-1.oraclecloudapps.com/ords/stp_ext/metadata-catalog/item"
        },
        {
            "rel": "first",
            "href": "https://g1e975c32298168-dellextatpdev2.adb.us-phoenix-1.oraclecloudapps.com/ords/stp_ext/buyer-document"
        }
    ]
}