{
    "items": [
        {
            "quarter": "All"
        },
        {
            "quarter": "2026-Q2"
        },
        {
            "quarter": "2026-Q1"
        }
    ],
    "hasMore": false,
    "limit": 1000,
    "offset": 0,
    "count": 3,
    "links": [
        {
            "rel": "self",
            "href": "https://g399b9d54c076b5-fusionpaasdev.adb.us-ashburn-1.oraclecloudapps.com/ords/terext/slotplanning/getquarterdetails"
        },
        {
            "rel": "describedby",
            "href": "https://g399b9d54c076b5-fusionpaasdev.adb.us-ashburn-1.oraclecloudapps.com/ords/terext/metadata-catalog/slotplanning/item"
        },
        {
            "rel": "first",
            "href": "https://g399b9d54c076b5-fusionpaasdev.adb.us-ashburn-1.oraclecloudapps.com/ords/terext/slotplanning/getquarterdetails"
        }
    ]
}