{
    "items": [
        {
            "LegalEntityName": "Dell Products LP"
        },
        {
            "LegalEntityName": "Dell Products LP"
        },
        {
            "LegalEntityName": "Dell Products LP"
        },
        {
            "LegalEntityName": "Dell Products LP"
        },
        {
            "LegalEntityName": "Dell Products LP"
        },
        {
            "LegalEntityName": "Dell Products LP"
        },
        {
            "LegalEntityName": "Dell Products LP"
        },
        {
            "LegalEntityName": "Dell Products LP"
        },
        {
            "LegalEntityName": "Dell Products LP"
        },
        {
            "LegalEntityName": "Dell Products LP"
        },
        {
            "LegalEntityName": "Dell Products LP"
        },
        {
            "LegalEntityName": "Dell Products LP"
        },
        {
            "LegalEntityName": "Dell Products LP"
        },
        {
            "LegalEntityName": "Dell Products LP"
        },
        {
            "LegalEntityName": "Dell Products LP"
        },
        {
            "LegalEntityName": "Dell Products LP"
        },
        {
            "LegalEntityName": "Dell Products LP"
        },
        {
            "LegalEntityName": "Dell Products LP"
        },
        {
            "LegalEntityName": "Dell Products LP"
        },
        {
            "LegalEntityName": "Dell Glob B.V. (Singapore Branch) EMEA"
        },
        {
            "LegalEntityName": "Dell Products LP"
        },
        {
            "LegalEntityName": "Dell Products LP"
        },
        {
            "LegalEntityName": "Dell Products LP"
        },
        {
            "LegalEntityName": "Dell Products LP"
        },
        {
            "LegalEntityName": "Dell Products LP"
        }
    ],
    "count": 25,
    "hasMore": true,
    "limit": 25,
    "offset": 0,
    "links": [
        {
            "rel": "self",
            "href": "https://iawmqy-dev2.fa.ocs.oraclecloud.com:443/fscmRestApi/resources/11.13.18.05/inventoryOrganizations",
            "name": "inventoryOrganizations",
            "kind": "collection"
        },
        {
            "rel": "action",
            "href": "https://iawmqy-dev2.fa.ocs.oraclecloud.com:443/fscmRestApi/resources/11.13.18.05/inventoryOrganizations/action/copyInventoryOrganizations",
            "name": "copyInventoryOrganizations",
            "kind": "other"
        }
    ]
}