{
    "backends": {
        "fscmRestApi": {
            "serviceType": "adf-describe",
            "serviceTypeProperties": {
                "faCatalogAppId": "REST-fscmRestApp"
            },
            "headers": {
                "REST-Framework-Version": "4"
            },
            "transforms": {
                "path": "vb/BusinessObjectsTransforms"
            },
            "servers": [
                {
                    "url": "vb-catalog://backends/ics",
                    "description": "Overridden Enterprise Resource Planning and Supply Chain Server 1",
                    "x-vb": {
                        "authentication": {
                            "authenticated": {
                                "type": "cloud"
                            }
                        },
                        "anonymousAccess": false
                    }
                }
            ]
        },
        "ords": {
            "description": "ords_conn",
            "transforms": {
                "path": "./ordsTransform.js"
            },
            "servers": [
                {
                    "url": "https://g1e975c32298168-dellextatpdev2.adb.us-phoenix-1.oraclecloudapps.com/ords",
                    "description": "Overridden Default Server",
                    "x-vb": {
                        "forceProxy": "always",
                        "authentication": {
                            "authenticated": {
                                "type": "basic",
                                "credentials": "vb_fcf06c90-bba4-4900-89f5-4461e25058ca"
                            }
                        }
                    }
                }
            ]
        },
        "fusionFSCM": {
            "transforms": {
                "path": "./customFusionTransform.js"
            },
            "servers": [
                {
                    "url": "https://iawmqy-dev2.fa.ocs.oraclecloud.com:443/fscmRestApi/resources/latest",
                    "description": "Default Server",
                    "x-vb": {
                        "authentication": {
                            "authenticated": {
                                "type": "oauth2_client_credentials",
                                "clientIdCredentials": "vb_01d7d021-5507-4493-bf92-77f04e553922",
                                "scope": "https://iawmqy-dev2.fa.ocs.oraclecloud.com:443/",
                                "authUrl": "https://idcs-09b68ff6f5a84782934af375c162ed01.identity.oraclecloud.com:443/oauth2/v1/token"
                            }
                        },
                        "headers": {
                            "REST-Framework-Version": "4"
                        },
                        "anonymousAccess": true,
                        "forceProxy": "always"
                    }
                }
            ]
        },
        "fa": {
            "description": "Oracle Cloud Applications",
            "serviceType": "fa-base",
            "servers": [
                {
                    "url": "vb-catalog://backends/ics",
                    "description": "Default Server"
                }
            ]
        },
        "fusionRestAPI": {
            "servers": [
                {
                    "url": "https://iawmqy-dev2.fa.ocs.oraclecloud.com:443/fscmRestApi/resources/latest",
                    "description": "Default Server",
                    "x-vb": {
                        "authentication": {
                            "authenticated": {
                                "type": "oauth2_client_credentials",
                                "clientIdCredentials": "vb_88843a8e-a02e-4409-a2ed-d836ed46e9ce",
                                "scope": "https://iawmqy-dev2.fa.ocs.oraclecloud.com:443/",
                                "authUrl": "https://idcs-09b68ff6f5a84782934af375c162ed01.identity.oraclecloud.com:443/oauth2/v1/token"
                            }
                        },
                        "headers": {
                            "REST-Framework-Version": "4"
                        },
                        "anonymousAccess": true,
                        "forceProxy": "always"
                    }
                }
            ]
        },
        "ics": {
            "serviceType": "ics",
            "servers": [
                {
                    "url": "vb-catalog://backends.tenant/ics",
                    "description": "Overridden Integration Server",
                    "x-vb": {
                        "authentication": {
                            "authenticated": {
                                "type": "cloud"
                            }
                        },
                        "forceProxy": "always"
                    }
                }
            ]
        },
        "BipReportService": {
            "servers": [
                {
                    "url": "https://iawmqy-dev2.fa.ocs.oraclecloud.com:443/xmlpserver/services",
                    "description": "Xmlpserver Services",
                    "x-vb": {
                        "authentication": {
                            "authenticated": {
                                "type": "oauth2_client_credentials",
                                "clientIdCredentials": "vb_6d7d9f30-ddba-4825-9d88-6f2c84e82fdf",
                                "scope": "https://iawmqy-dev2.fa.ocs.oraclecloud.com:443/",
                                "authUrl": "https://idcs-09b68ff6f5a84782934af375c162ed01.identity.oraclecloud.com:443/oauth2/v1/token"
                            }
                        },
                        "forceProxy": "always"
                    }
                }
            ]
        },
        "fusionHCM": {
            "servers": [
                {
                    "url": "https://iawmqy-dev2.fa.ocs.oraclecloud.com/hcmRestApi/resources/latest",
                    "description": "Default Server",
                    "x-vb": {
                        "forceProxy": "always",
                        "authentication": {
                            "authenticated": {
                                "type": "oauth2_client_credentials",
                                "clientIdCredentials": "vb_42feb457-ac67-45d4-87aa-094520567983",
                                "scope": "https://iawmqy-dev2.fa.ocs.oraclecloud.com:443/",
                                "authUrl": "https://idcs-09b68ff6f5a84782934af375c162ed01.identity.oraclecloud.com:443/oauth2/v1/token"
                            }
                        }
                    }
                }
            ]
        },
        "FscmRestApi": {
            "servers": [
                {
                    "url": "https://iawmqy-dev2.fa.ocs.oraclecloud.com:443",
                    "description": "Iawmqy Dev2 Fa Ocs Oraclecloud Com",
                    "x-vb": {
                        "authentication": {
                            "authenticated": {
                                "type": "oauth2_client_credentials",
                                "clientIdCredentials": "vb_869ecf67-c650-4d86-9ef2-b0ec031afa08",
                                "scope": "https://iawmqy-dev2.fa.ocs.oraclecloud.com:443/",
                                "authUrl": "https://idcs-09b68ff6f5a84782934af375c162ed01.identity.oraclecloud.com/oauth2/v1/token"
                            }
                        },
                        "forceProxy": "always"
                    }
                }
            ]
        }
      },
    "services": {}
}