{
    "openapi": "3.0.0",
    "info": {
        "title": "Iawmqy Dev2 Fa Ocs Oraclecloud Com",
        "version": "1.0.0"
    },
    "servers": [
        {
            "url": "vb-catalog://backends/FscmRestApi"
        }
    ],
    "paths": {
        "/fscmRestApi/resources/11.13.18.05/erpintegrations": {
            "post": {
                "operationId": "postFscmRestApiResources11_13_18_05Erpintegrations2",
                "requestBody": {
                    "description": "Request for application/json",
                    "content": {
                        "application/json": {
                            "schema": {
                                "$ref": "#/components/schemas/PostFscmRestApiResources11_13_18_05ErpintegrationsRequest"
                            },
                            "examples": {
                                "vb": {
                                    "summary": "Example stored by VB User",
                                    "externalValue": "./examples/postFscmRestApiResources11_13_18_05Erpintegrations2/request_application_json_vb.json"
                                }
                            }
                        }
                    }
                },
                "responses": {
                    "default": {
                        "description": "Response for default",
                        "content": {
                            "application/json": {
                                "schema": {
                                    "$ref": "#/components/schemas/PostFscmRestApiResources11_13_18_05ErpintegrationsResponse"
                                },
                                "examples": {
                                    "vb": {
                                        "summary": "Example stored by VB User",
                                        "externalValue": "./examples/postFscmRestApiResources11_13_18_05Erpintegrations2/response_default_application_json_vb.json"
                                    }
                                }
                            }
                        }
                    }
                },
                "x-vb": {
                    "actionHint": "getMany"
                }
            }
        },
        "/fscmRestApi/resources/11.13.18.05/draftPurchaseOrders/{header_id}": {
            "parameters": [
                {
                    "name": "header_id",
                    "in": "path",
                    "required": true,
                    "schema": {
                        "type": "string"
                    }
                }
            ],
            "get": {
                "operationId": "getFscmRestApiResources11_13_18_05DraftPurchaseOrdersHeader_id",
                "responses": {
                    "default": {
                        "description": "Response for default",
                        "content": {
                            "application/json": {
                                "schema": {
                                    "$ref": "#/components/schemas/GetFscmRestApiResources11_13_18_05DraftPurchaseOrdersHeader_id"
                                },
                                "examples": {
                                    "vb": {
                                        "summary": "Example stored by VB User",
                                        "externalValue": "./examples/getFscmRestApiResources11_13_18_05DraftPurchaseOrdersHeader_id/response_default_application_json_vb.json"
                                    }
                                }
                            }
                        }
                    }
                },
                "x-vb": {
                    "actionHint": "getMany"
                }
            },
            "patch": {
                "operationId": "patchFscmRestApiResources11_13_18_05DraftPurchaseOrdersHeader_id",
                "responses": {},
                "x-vb": {
                    "actionHint": "getMany"
                }
            }
        },
        "/fscmRestApi/resources/11.13.18.05/draftPurchaseOrders/{draftPurchaseOrdersUniqID}/action/submit": {
            "parameters": [
                {
                    "name": "draftPurchaseOrdersUniqID",
                    "in": "path",
                    "required": true,
                    "schema": {
                        "type": "string"
                    }
                }
            ],
            "post": {
                "operationId": "postFscmRestApiResources11_13_18_05DraftPurchaseOrdersDraftActionSubmit",
                "responses": {},
                "x-vb": {
                    "actionHint": "getMany"
                }
            }
        }
    },
    "components": {
        "schemas": {
            "PostFscmRestApiResources11_13_18_05ErpintegrationsRequest": {
                "type": "object",
                "properties": {
                    "OperationName": {
                        "type": "string"
                    },
                    "DocumentContent": {
                        "type": "string"
                    },
                    "DocumentAccount": {
                        "type": "string"
                    },
                    "ContentType": {
                        "type": "string"
                    },
                    "FileName": {
                        "type": "string"
                    },
                    "DocumentId": {
                        "nullable": true
                    }
                }
            },
            "PostFscmRestApiResources11_13_18_05ErpintegrationsResponse": {
                "type": "object",
                "properties": {
                    "OperationName": {
                        "type": "string"
                    },
                    "DocumentId": {
                        "type": "string"
                    },
                    "DocumentContent": {
                        "type": "string"
                    },
                    "FileName": {
                        "type": "string"
                    },
                    "ContentType": {
                        "type": "string"
                    },
                    "FileType": {
                        "nullable": true
                    },
                    "DocumentAccount": {
                        "type": "string"
                    },
                    "Comments": {
                        "nullable": true
                    },
                    "ProcessName": {
                        "nullable": true
                    },
                    "LoadRequestId": {
                        "nullable": true
                    },
                    "JobPackageName": {
                        "nullable": true
                    },
                    "JobDefName": {
                        "nullable": true
                    },
                    "ReqstId": {
                        "nullable": true
                    },
                    "RequestStatus": {
                        "nullable": true
                    },
                    "JobName": {
                        "nullable": true
                    },
                    "ParameterList": {
                        "nullable": true
                    },
                    "NotificationCode": {
                        "nullable": true
                    },
                    "CallbackURL": {
                        "nullable": true
                    },
                    "JobOptions": {
                        "nullable": true
                    },
                    "StatusCode": {
                        "nullable": true
                    },
                    "ESSParameters": {
                        "nullable": true
                    },
                    "links": {
                        "type": "array",
                        "items": {
                            "type": "object",
                            "properties": {
                                "rel": {
                                    "type": "string"
                                },
                                "href": {
                                    "type": "string"
                                },
                                "name": {
                                    "type": "string"
                                },
                                "kind": {
                                    "type": "string"
                                }
                            }
                        }
                    }
                }
            },
            "GetFscmRestApiResources11_13_18_05DraftPurchaseOrdersHeader_id": {
                "type": "object",
                "properties": {
                    "POHeaderId": {
                        "type": "integer"
                    },
                    "OrderNumber": {
                        "type": "string"
                    },
                    "Description": {
                        "nullable": true
                    },
                    "DocumentStyleId": {
                        "type": "integer"
                    },
                    "DocumentStyle": {
                        "type": "string"
                    },
                    "StatusCode": {
                        "type": "string"
                    },
                    "Status": {
                        "type": "string"
                    },
                    "ProcurementBUId": {
                        "type": "integer"
                    },
                    "ProcurementBU": {
                        "type": "string"
                    },
                    "RequisitioningBUId": {
                        "type": "integer"
                    },
                    "RequisitioningBU": {
                        "type": "string"
                    },
                    "BuyerId": {
                        "type": "integer"
                    },
                    "Buyer": {
                        "type": "string"
                    },
                    "BuyerEmail": {
                        "type": "string"
                    },
                    "CurrencyCode": {
                        "type": "string"
                    },
                    "Currency": {
                        "type": "string"
                    },
                    "ConversionRateTypeCode": {
                        "nullable": true
                    },
                    "ConversionRateType": {
                        "nullable": true
                    },
                    "ConversionRateDate": {
                        "nullable": true
                    },
                    "ConversionRate": {
                        "nullable": true
                    },
                    "SupplierId": {
                        "type": "integer"
                    },
                    "Supplier": {
                        "type": "string"
                    },
                    "SupplierSiteId": {
                        "type": "integer"
                    },
                    "SupplierSite": {
                        "type": "string"
                    },
                    "SupplierCommunicationMethod": {
                        "type": "string"
                    },
                    "SupplierFax": {
                        "nullable": true
                    },
                    "SupplierOrder": {
                        "nullable": true
                    },
                    "SupplierEmailAddress": {
                        "nullable": true
                    },
                    "SoldToLegalEntityId": {
                        "type": "integer"
                    },
                    "SoldToLegalEntity": {
                        "type": "string"
                    },
                    "BillToBUId": {
                        "type": "integer"
                    },
                    "BillToBU": {
                        "type": "string"
                    },
                    "BillToLocationId": {
                        "type": "integer"
                    },
                    "BillToLocation": {
                        "type": "string"
                    },
                    "BillToLocationInternalCode": {
                        "type": "string"
                    },
                    "DefaultShipToLocationId": {
                        "type": "integer"
                    },
                    "DefaultShipToLocation": {
                        "type": "string"
                    },
                    "DefaultShipToLocationInternalCode": {
                        "type": "string"
                    },
                    "MasterContractId": {
                        "nullable": true
                    },
                    "MasterContractNumber": {
                        "nullable": true
                    },
                    "MasterContractTypeId": {
                        "nullable": true
                    },
                    "MasterContractType": {
                        "nullable": true
                    },
                    "RequiredAcknowledgmentCode": {
                        "type": "string"
                    },
                    "RequiredAcknowledgment": {
                        "type": "string"
                    },
                    "AcknowledgmentDueDate": {
                        "nullable": true
                    },
                    "AcknowledgmentWithinDays": {
                        "nullable": true
                    },
                    "BuyerManagedTransportFlag": {
                        "type": "boolean"
                    },
                    "RequiresSignatureFlag": {
                        "type": "boolean"
                    },
                    "PendingSignatureFlag": {
                        "nullable": true
                    },
                    "PaymentTermsId": {
                        "type": "integer"
                    },
                    "PaymentTerms": {
                        "type": "string"
                    },
                    "FOBCode": {
                        "nullable": true
                    },
                    "FOB": {
                        "nullable": true
                    },
                    "FreightTermsCode": {
                        "nullable": true
                    },
                    "FreightTerms": {
                        "nullable": true
                    },
                    "SupplierContactId": {
                        "nullable": true
                    },
                    "SupplierContact": {
                        "nullable": true
                    },
                    "NoteToSupplier": {
                        "nullable": true
                    },
                    "NoteToReceiver": {
                        "nullable": true
                    },
                    "CarrierId": {
                        "nullable": true
                    },
                    "Carrier": {
                        "nullable": true
                    },
                    "ModeOfTransportCode": {
                        "nullable": true
                    },
                    "ModeOfTransport": {
                        "nullable": true
                    },
                    "ServiceLevelCode": {
                        "nullable": true
                    },
                    "ServiceLevel": {
                        "nullable": true
                    },
                    "ConfirmingOrderFlag": {
                        "type": "boolean"
                    },
                    "PayOnReceiptFlag": {
                        "type": "boolean"
                    },
                    "DocumentCreationMethod": {
                        "type": "string"
                    },
                    "ShippingMethod": {
                        "nullable": true
                    },
                    "DefaultTaxationCountryCode": {
                        "type": "string"
                    },
                    "DefaultTaxationCountry": {
                        "type": "string"
                    },
                    "FirstPartyRegistrationId": {
                        "nullable": true
                    },
                    "FirstPartyRegistrationNumber": {
                        "nullable": true
                    },
                    "ThirdPartyRegistrationId": {
                        "nullable": true
                    },
                    "ThirdPartyRegistrationNumber": {
                        "nullable": true
                    },
                    "DocumentFiscalClassificationId": {
                        "nullable": true
                    },
                    "DocumentFiscalClassificationCode": {
                        "nullable": true
                    },
                    "DocumentFiscalClassification": {
                        "nullable": true
                    },
                    "BudgetaryControlEnabledFlag": {
                        "type": "boolean"
                    },
                    "CancelFlag": {
                        "nullable": true
                    },
                    "ChangeOrderNumber": {
                        "type": "string"
                    },
                    "ChangeOrderInitiatingParty": {
                        "type": "string"
                    },
                    "ChangeOrderDescription": {
                        "type": "string"
                    },
                    "ChangeOrderStatusCode": {
                        "type": "string"
                    },
                    "ChangeOrderStatus": {
                        "type": "string"
                    },
                    "ChangeOrderTypeCode": {
                        "type": "string"
                    },
                    "ChangeOrderType": {
                        "type": "string"
                    },
                    "ChangeRequestedBy": {
                        "nullable": true
                    },
                    "ContractTermsExistFlag": {
                        "nullable": true
                    },
                    "DuplicatedFromHeaderId": {
                        "nullable": true
                    },
                    "FundsStatus": {
                        "type": "string"
                    },
                    "FundsStatusCode": {
                        "type": "string"
                    },
                    "ImportSourceCode": {
                        "nullable": true
                    },
                    "ReferenceNumber": {
                        "nullable": true
                    },
                    "LastUpdateDate": {
                        "type": "string"
                    },
                    "LastUpdatedBy": {
                        "type": "string"
                    },
                    "CreationDate": {
                        "type": "string"
                    },
                    "CreatedBy": {
                        "type": "string"
                    },
                    "SupplierCCEmailAddress": {
                        "nullable": true
                    },
                    "SupplierBCCEmailAddress": {
                        "nullable": true
                    },
                    "OverridingApproverId": {
                        "nullable": true
                    },
                    "OverridingApprover": {
                        "nullable": true
                    },
                    "OverrideB2BCommunicationFlag": {
                        "type": "boolean"
                    },
                    "hasPOlineswithMultipleDistributionsFlag": {
                        "type": "boolean"
                    },
                    "hasReceivedOrInvoicedSchedulesFlag": {
                        "type": "boolean"
                    },
                    "AdditionalContactEmail": {
                        "nullable": true
                    },
                    "SpecialHandlingType": {
                        "nullable": true
                    },
                    "SpecialHandlingTypeCode": {
                        "nullable": true
                    },
                    "links": {
                        "type": "array",
                        "items": {
                            "type": "object",
                            "properties": {
                                "rel": {
                                    "type": "string"
                                },
                                "href": {
                                    "type": "string"
                                },
                                "name": {
                                    "type": "string"
                                },
                                "kind": {
                                    "type": "string"
                                },
                                "properties": {
                                    "type": "object",
                                    "properties": {
                                        "changeIndicator": {
                                            "type": "string"
                                        }
                                    }
                                }
                            }
                        }
                    }
                }
            }
        }
    }
}