{
  "id": "teradyne_slot_planning",
  "description": "A new VB app",
  "defaultPage": "shell",
  "services": {},
  "translations": {
    "app": {
      "path": "./resources/strings/app/nls/app-strings"
    }
  },
  "events": {
    "changeTheme": {
      "payloadType": {
        "themeName": "string"
      },
      "description": "Theme to switch the application to. Possible values are 'dark' to switch to dark theme, 'light' to switch to the default light theme and 'os' to switch to dark theme if OS has dark theme enabled"
    },
    "navigateToItem": {
      "payloadType": {
        "item": "string"
      },
      "description": "Event to configure navigation between items/tabs."
    },
    "toggleDrawer": {
      "description": "Event to toggle the drawer."
    }
  },
  "types": {
    "navigationItem": {
      "id": "string",
      "name": "string",
      "iconClass": "string"
    },
    "globalHeaderItem": {
      "id": "string",
      "name": "string",
      "iconClass": "string"
    },
    "avatarMenuItem": {
      "id": "string",
      "name": "string",
      "iconClass": "string"
    }
  },
  "variables": {
    "avatarItemsADP": {
      "type": "vb/ArrayDataProvider2",
      "defaultValue": {
        "data": "{{ $variables.avatarItems }}",
        "itemType": "avatarMenuItem"
      }
    },
    "currentTheme": {
      "type": "string",
      "description": "Current UI theme used in the application"
    },
    "globalHeadersADP": {
      "type": "vb/ArrayDataProvider2",
      "description": "The model describing the Global Applications headers",
      "defaultValue": {
        "keyAttributes": "id",
        "data": "{{ $variables.globalHeadersData }}",
        "itemType": "navigationItem"
      }
    },
    "navigationADP": {
      "type": "vb/ArrayDataProvider2",
      "description": "The model describing the flows in the app",
      "defaultValue": {
        "keyAttributes": "id",
        "data": "{{ $variables.navigationData }}",
        "itemType": "navigationItem"
      }
    },
    "avatarItems": {
      "type": "avatarMenuItem[]",
      "defaultValue": [
        {
          "name": "Sign Out",
          "id": "signout",
          "iconClass": "oj-ux-ico-logout"
        }
      ]
    },
    "globalHeadersData": {
      "type": "globalHeaderItem[]",
      "defaultValue": [
        {
          "name": "Example 1",
          "id": "settings",
          "iconClass": "oj-ux-ico-settings"
        },
        {
          "name": "Example 2",
          "id": "like",
          "iconClass": "oj-ux-ico-thumbs-up"
        },
        {
          "name": "Example 3",
          "id": "bookmark",
          "iconClass": "oj-ux-ico-bookmark-add"
        }
      ]
    },
    "navigationData": {
      "type": "navigationItem[]",
      "defaultValue": []
    }
  },
  "eventListeners": {
    "vbResourceChanged": {
      "chains": [
        {
          "parameters": {
            "event": "{{ $event }}"
          },
          "chain": "resourceChangedHandler"
        }
      ]
    },
    "vbEnter": {
      "chains": [
        {
          "parameters": {},
          "chain": "initCurrentTheme"
        }
      ]
    },
    "changeTheme": {
      "chains": [
        {
          "parameters": {
            "event": "{{ $event }}",
            "themeName": "{{ $event.themeName }}"
          },
          "chain": "themeChangeHandler"
        }
      ]
    }
  },
  "userConfig": {
    "type": "vb/DefaultSecurityProvider",
    "configuration": {},
    "embedding": "deny"
  },
  "security": {},
  "imports": {
    "css": [
      "/resources/css/app.css"
    ]
  },
  "settings": {
    "formDataAccess": "resources/formData/{vbFormDataId}"
  },
  "constants": {
    "themeChangeUI": {
      "type": "string",
      "defaultValue": "off"
    }
  },
  "@dt": {
    "applicationTemplateType": "redwood"
  },
  "requirejs": {
    "paths": {
      "oj-sample": "https://static.oracle.com/cdn/jet/packs/oj-sample/8.0.0/min"
    },
    "bundles": {
      "oj-sample/calendar-bundle": [
        "oj-sample/calendar/loader",
        "oj-sample/calendar-event/loader",
        "oj-sample/calendar-provider/loader"
      ],
      "oj-sample/controls-bundle": [
        "oj-sample/checkbox-switch/loader",
        "oj-sample/copy-text/loader",
        "oj-sample/country-picker/loader",
        "oj-sample/export-data/loader",
        "oj-sample/highlight-text/loader",
        "oj-sample/input-email/loader",
        "oj-sample/input-text-typeahead/loader",
        "oj-sample/input-url/loader",
        "oj-sample/metric/loader",
        "oj-sample/organization-tree/loader",
        "oj-sample/organization-tree-item/loader",
        "oj-sample/qr-code/loader",
        "oj-sample/tooltip/loader",
        "oj-sample/utils/validators/emailValidatorFactory",
        "oj-sample/utils/validators/urlValidatorFactory",
        "oj-sample/utils/validators/countryValidatorFactory",
        "oj-sample/utils/export/dataCollectionExporter",
        "oj-sample/utils/export/visualizationExporter",
        "oj-sample/visualization-exporter/loader"
      ],
      "oj-sample/layout-bundle": [
        "oj-sample/drawer/loader",
        "oj-sample/flip-card/loader",
        "oj-sample/online-detector/loader",
        "oj-sample/orientation-detector/loader",
        "oj-sample/show-when-ready/loader",
        "oj-sample/timed-event/loader"
      ]
    }
  }
}