{
    "items": [
        {
            "InterfaceTransactionId": 49002,
            "InterfaceType": "PO_DOCS_OPEN_INTERFACE",
            "BatchId": 578234,
            "RequestId": 1550798,
            "ColumnName": "UNIT_PRICE",
            "ColumnValue": null,
            "ErrorMessage": "You must enter a value. ",
            "ErrorMessageName": "FND_CMN_ENTR_VLUE",
            "TableName": "PO_LINES_INTERFACE",
            "InterfaceAssignmentId": null,
            "InterfaceAttrValuesId": null,
            "InterfaceAttrValuesTlpId": null,
            "InterfaceDistributionId": null,
            "InterfaceHeaderId": 300000052178561,
            "InterfaceLineId": 300000052178563,
            "InterfaceLineLocationId": null,
            "ProcessingDate": "2025-02-20",
            "CreatedBy": "DELL_INT_USER",
            "CreationDate": "2025-02-20T05:48:11+00:00"
        },
        {
            "InterfaceTransactionId": 49003,
            "InterfaceType": "PO_DOCS_OPEN_INTERFACE",
            "BatchId": 578234,
            "RequestId": 1550798,
            "ColumnName": "PO_HEADER_ID",
            "ColumnValue": "413001",
            "ErrorMessage": "The document must have at least one line. ",
            "ErrorMessageName": "PO_POWS_NO_LINE",
            "TableName": "PO_HEADERS_INTERFACE",
            "InterfaceAssignmentId": null,
            "InterfaceAttrValuesId": null,
            "InterfaceAttrValuesTlpId": null,
            "InterfaceDistributionId": null,
            "InterfaceHeaderId": 300000052178561,
            "InterfaceLineId": null,
            "InterfaceLineLocationId": null,
            "ProcessingDate": "2025-02-20",
            "CreatedBy": "DELL_INT_USER",
            "CreationDate": "2025-02-20T05:48:13+00:00"
        }
    ],
    "count": 2,
    "hasMore": false,
    "limit": 25,
    "offset": 0,
    "links": [
        {
            "rel": "self",
            "href": "https://iawmqy-dev2.fa.ocs.oraclecloud.com:443/fscmRestApi/resources/11.13.18.05/purchasingDocumentImportErrors",
            "name": "purchasingDocumentImportErrors",
            "kind": "collection"
        }
    ]
}