{
  "title": "Slot Marketing",
  "description": "",
  "variables": {
    "marketingSlotVariables": {
      "type": {

        "configNumber": "string",
        "customer": "any",
        "marketingComments": "any",
        "pdQtr": "string",
        "platform": "string",
        "promisedDate": "string",
        "scheduledDate": "string",
        "slotNumber": "string",
        "slotStatus": "string",
        "slotType": "string",
        "system": "string",
        "createdBy": "any",
        "updatedDate": "any",
        "updatedBy": "any"

      }
    },
    "slotTypeADP": {
      "type": "vb/ArrayDataProvider2",
      "defaultValue": {
        "itemType": "getGetSlotType",
        "textFilterAttributes": [
          "slot_type"
        ],
        "keyAttributes": "slot_type"
      }
    },
    "slotTypeValue": {
      "type": "any"
    },
    "selectedSlotType": {
      "type": {
        "data": {
          "slot_type": "string"
        },
        "key": "string"
      }
    }
  },
  "metadata": {},
  "types": {
    "getGetSlotType": {
      "slot_type": "string"
    }
  },
  "eventListeners": {
    "backButtonAction": {
      "chains": [
        {
          "chain": "backButtonActionChain",
          "parameters": {
            "event": "{{$event}}",
            "originalEvent": "{{$event.detail.originalEvent}}"
          }
        }
      ]
    },
    "saveChangesAction": {
      "chains": [
        {
          "chain": "saveChangesButtonActionChain",
          "parameters": {
            "event": "{{$event}}",
            "originalEvent": "{{$event.detail.originalEvent}}"
          }
        }
      ]
    },
    "slotTypeSelectValueItem": {
      "chains": [
        {
          "chain": "slotTypeSelectValueItemChangeChain",
          "parameters": {
            "event": "{{$event}}",
            "previousValue": "{{$event.detail.previousValue}}",
            "value": "{{$event.detail.value}}",
            "updatedFrom": "{{$event.detail.updatedFrom}}",
            "key": "{{$event.detail.value.key}}",
            "data": "{{$event.detail.value.data}}",
            "metadata": "{{$event.detail.value.metadata}}",
            "valueItem": "{{ $event.detail.value }}"
          }
        }
      ]
    },
    "vbEnter": {
      "chains": [
        {
          "parameters": {},
          "chain": "vbEnterListener"
        }
      ]
    }

  },
  "imports": {
    "components": {
      "oj-button": {
        "path": "ojs/ojbutton"
      },
      "oj-c-checkbox": {
        "path": "oj-c/checkbox"
      },
      "oj-c-progress-bar": {
        "path": "oj-c/progress-bar"
      },
      "oj-dialog": {
        "path": "ojs/ojdialog"
      },
      "oj-form-layout": {
        "path": "ojs/ojformlayout"
      },
      "oj-input-text": {
        "path": "ojs/ojinputtext"
      },
      "oj-label": {
        "path": "ojs/ojlabel"
      },
      "oj-label-value": {
        "path": "ojs/ojlabelvalue"
      },
      "oj-select-single": {
        "path": "ojs/ojselectsingle"
      },
      "oj-table": {
        "path": "ojs/ojtable"
      },
      "oj-text-area": {
        "path": "ojs/ojinputtext"
      },
      "oj-toolbar": {
        "path": "ojs/ojtoolbar"
      }

   }
  }
}