{
  "title": "slot finance",
  "description": "",
  "variables": {
    "adjCommentVar": {
      "defaultValue": [
        {
          "name": "Risk - INCOterms",
          "description": "Risk - INCOterms"
        },
        {
          "name": "Risk - Customer",
          "description": "Risk - Customer"
        },
        {
          "name": "Risk - Build Ahead",
          "description": "Risk - Build Ahead"
        },
        {
          "name": "Risk - New Product",
          "description": "Risk - New Product"
        },
        {
          "name": "Partial Shipments",
          "description": "Partial Shipments"
        },
        {
          "name": "Customer Deals",
          "description": "Customer Deals"
        },
        {
          "name": "Other",
          "description": "Other"
        }
      ],
      "type": "object[]"
    },
    "adjCommentVarADP": {
      "type": "vb/ArrayDataProvider2",
      "defaultValue": {
        "itemType": "adjCommentType",
        "keyAttributes": "name",
        "textFilterAttributes": [
          "name"
        ]
      }
    },
    "financeEditVariable": {
      "type": {
        "adjustment_comment": "string",
        "cogs_adj": "number",
          "customer": "string",
          "finance_comments": "string",
          "pd_qtr": "string",
          "platform": "string",
          "revenue_adj": "number",
          "revenue_qtr": "any",
          "revenue_risk": "string",
        "sales_order": "string",
          "slot_number": "string",
          "slot_status": "string",
          "slot_type": "string",
          "system": "string",
        "system_count_adj": "number",
        "slot_id": "number",
        "created_by": "string",        
"created_date": "string",      
"updated_by": "string",        
"updated_date": "string"

        }
    },
    "methodVar": {
      "type": "string"
    },
    "PrimaryKeyVar": {
      "type": "string"
    },
    "revenueRiskADP": {
      "type": "vb/ArrayDataProvider2",
      "defaultValue": {
        "itemType": "revenueRiskType",
        "keyAttributes": "description",
        "textFilterAttributes": [
          "description"
        ]
      }
    },
    "revenueRiskVar": {
      "type": "object[]",
      "defaultValue": [
        {
          "name": "H",
          "description": "High"
        },
        {
          "name": "M",
          "description": "Medium"
        },
        {
          "name": "L",
          "description": "Low"
        },
        {
          "name": "RR",
          "description": "Revenue Recognized"
        }
      ]
    }

  },
  "metadata": {},
  "types": {
    "adjCommentType": {
      "description": "string",
      "name": "string"
    },
    "revenueRiskType": {
      "description": "string",
      "name": "string"
    }

  },
  "eventListeners": {
    "backButtonAction": {
      "chains": [
        {
          "chain": "backButtonActionChain",
          "parameters": {
            "event": "{{$event}}",
            "originalEvent": "{{$event.detail.originalEvent}}"
          }
        }
      ]
    },
    "saveSlotAction": {
      "chains": [
        {
          "chain": "onClickSaveButton",
          "parameters": {
            "event": "{{$event}}",
            "originalEvent": "{{$event.detail.originalEvent}}"
          }
        }
      ]
    },
    "vbEnter": {
      "chains": [
        {
          "parameters": {},
          "chain": "vbEnterListener"
        }
      ]
    }

  },
  "imports": {
    "components": {
      "oj-button": {
        "path": "ojs/ojbutton"
      },
      "oj-c-progress-bar": {
        "path": "oj-c/progress-bar"
      },
      "oj-combobox-one": {
        "path": "ojs/ojselectcombobox"
      },
      "oj-dialog": {
        "path": "ojs/ojdialog"
      },
      "oj-form-layout": {
        "path": "ojs/ojformlayout"
      },
      "oj-input-text": {
        "path": "ojs/ojinputtext"
      },
      "oj-label": {
        "path": "ojs/ojlabel"
      },
      "oj-label-value": {
        "path": "ojs/ojlabelvalue"
      },
      "oj-option": {
        "path": "ojs/ojoption"
      },
      "oj-select-single": {
        "path": "ojs/ojselectsingle"
      },
      "oj-text-area": {
        "path": "ojs/ojinputtext"
      }

   }
  }
}