{
  "title": "Slot Operation",
  "description": "",
  "variables": {
    "addPartialDetailsADP": {
      "defaultValue": {
        "itemType": "getAllConfigDetails",
        "keyAttributes": [
            "@value",
            "part_num"
          ],
        "textFilterAttributes": [
          "part_num"
        ]
      },
      "type": "vb/ArrayDataProvider2"
    },
    "addPartialDialogSelectedRows": {
      "type": "any"
    },
    "addRefurbDetailsADP": {
      "defaultValue": {
        "itemType": "getAllConfigDetails",
        "keyAttributes": "@value",
        "textFilterAttributes": [
          "part_num"
        ]
      },
      "type": "vb/ArrayDataProvider2"
    },
    "configNumberValue": {
      "type": "any"
    },
    "manufactureSiteValue": {
      "type": "any"
    },
    "manufactureValue": {
      "type": "any"
    },
    "operationSlotVariables": {
      "type": {
        "actualShipDate": "any",
        "configNumber": "string",
        "customer": "any",
        "manufacture": "any",
        "manufactureSite": "any",
        "mrpQtr": "string",
        "operationComments": "any",
        "pdQtr": "string",
        "planningOrganization": "any",
        "platform": "string",
        "promisedDate": "string",
        "scheduledDate": "string",
        "slotNumber": "string",
        "slotStatus": "string",
        "slotType": "string",
        "system": "string",
        "createdBy": "any",
        "updatedDate": "any",
        "updatedBy": "any"
      }
    },
    "plannedOrgValue": {
      "type": "any"
    },
    "selectedAddPartialDetailsADP": {
      "defaultValue": {
        "itemType": "getAllConfigDetails",
        "keyAttributes": [
          "@value",
          "part_num"
        ],
        "textFilterAttributes": [
          "part_num"
        ]
      },
      "type": "vb/ArrayDataProvider2"
    },
    "selectedPlannedOrg": {
      "type": {
        "data": {
          "organizationName": "any"
        },
        "key": "any"
      }
    },
    "slotTypeADP": {
      "type": "vb/ArrayDataProvider2",
      "defaultValue": {
        "itemType": "getGetSlotType",
        "textFilterAttributes": [
          "slot_type"
        ],
        "keyAttributes": "slot_type"
      }
    },
    "configNumberADP": {
      "type": "vb/ArrayDataProvider2",
      "defaultValue": {
        "itemType": "getConfigDetails",
        "textFilterAttributes": [
          "config_num"
        ],
        "keyAttributes": "config_num"
      }
    },
    "slotTypeValue": {
      "type": "any"
    },
    "suppliersADP": {
      "type": "vb/ArrayDataProvider2",
      "defaultValue": {
        "itemType": "getSuppliers",
        "textFilterAttributes": [
          "partyname"
        ],
        "keyAttributes": "partyname"
      }
    },
    "supplierSitesADP": {
      "type": "vb/ArrayDataProvider2",
      "defaultValue": {
        "itemType": "getSuppliersSite",
        "textFilterAttributes": [
          "vendorsitecode"
        ],
        "keyAttributes": "vendorsitecode"
      }
    },
    "planningOrganizationADP": {
      "type": "vb/ArrayDataProvider2",
      "defaultValue": {
        "itemType": "getPlanningOrganization",
        "textFilterAttributes": [
          "organizationName"
        ],
        "keyAttributes": "organizationName"
      }
    },
    "selectedSlotType": {
      "type": {
        "data": {
          "slot_type": "string"
        },
        "key": "string"
      }
    },
    "selectedManufacture": {
      "type": {
        "data": {
          "partyname": "any"
        },
        "key": "any"
      }
    },
    "selectedManufactureSite": {
      "type": {
        "data": {
          "vendorsitecode": "any"
        },
        "key": "any"
      }
    },
    "selectedConfigNumber": {
      "type": {
        "data": {
          "config_num": "any"
        },
        "key": "any"
      }
    },
    "getAllConfigDetailsADP": {
      "type": "vb/ArrayDataProvider2",
      "defaultValue": {
        "itemType": "getAllConfigDetails",
        "textFilterAttributes": [
          "part_num"
        ],
        "keyAttributes": "@value"
      }
    }

  },
  "metadata": {},
  "types": {
    "getGetSlotType": {
      "slot_type": "string"
    },
    "getConfigDetails": {
      "config_num": "any",
      "part_description": "any",
      "quantity": "any"
    },
    "getSuppliers": {
      "partyname": "any",
      "vendorid": "any"
    },
    "getSuppliersSite": {
      "vendorsitecode": "any"
    },
    "getPlanningOrganization": {
      "organizationName": "any"
    },
    "getAllConfigDetails": {
      "comments": "any",
      "part_description": "any",
      "part_num": "any",
      "partial_approved": "any",
      "platform": "any",
      "promise_date": "any",
      "quantity": "any",
      "slot_type": "any",
      "system": "any"

    }
  },
  "eventListeners": {
    "addPartialButtonAction": {
      "chains": [
        {
          "chain": "addPartialButtonActionChain",
          "parameters": {
            "event": "{{$event}}",
            "originalEvent": "{{$event.detail.originalEvent}}"
          }
        }
      ]
    },
    "addPartialTableSelected": {
      "chains": [
        {
          "chain": "addPartialTableSelectedChangeChain",
          "parameters": {
            "event": "{{$event}}",
            "previousValue": "{{$event.detail.previousValue}}",
            "value": "{{$event.detail.value}}",
            "updatedFrom": "{{$event.detail.updatedFrom}}",
            "keys": "{{ $event.detail.value.row.values ? Array.from($event.detail.value.row.values()) : [] }}",
            "selected": "{{ $event.detail.value }}"
          }
        }
      ]
    },
    "applyPartialDetailsButtonAction": {
      "chains": [
        {
          "chain": "applyPartialDetailsButtonActionChain",
          "parameters": {
            "event": "{{$event}}",
            "originalEvent": "{{$event.detail.originalEvent}}"
          }
        }
      ]
    },
    "backButtonAction": {
      "chains": [
        {
          "chain": "backButtonActionChain",
          "parameters": {
            "event": "{{$event}}",
            "originalEvent": "{{$event.detail.originalEvent}}"
          }
        }
      ]
    },
    "promisedDateValue": {
      "chains": [
        {
          "chain": "promisedDateValueChangeChain",
          "parameters": {
            "event": "{{$event}}",
            "previousValue": "{{$event.detail.previousValue}}",
            "value": "{{ $event.detail.value }}",
            "updatedFrom": "{{$event.detail.updatedFrom}}"
          }
        }
      ]
    },
    "saveChangesAction": {
      "chains": [
        {
          "chain": "saveChangesButtonActionChain",
          "parameters": {
            "event": "{{$event}}",
            "originalEvent": "{{$event.detail.originalEvent}}"
          }
        }
      ]
    },
    "scheduleDateValue": {
      "chains": [
        {
          "chain": "scheduleDateValueChangeChain",
          "parameters": {
            "event": "{{$event}}",
            "previousValue": "{{$event.detail.previousValue}}",
            "value": "{{ $event.detail.value }}",
            "updatedFrom": "{{$event.detail.updatedFrom}}"
          }
        }
      ]
    },
    "slotTypeSelectValueItem": {
      "chains": [
        {
          "chain": "slotTypeSelectValueItemChangeChain",
          "parameters": {
            "event": "{{$event}}",
            "previousValue": "{{$event.detail.previousValue}}",
            "value": "{{$event.detail.value}}",
            "updatedFrom": "{{$event.detail.updatedFrom}}",
            "key": "{{$event.detail.value.key}}",
            "data": "{{$event.detail.value.data}}",
            "metadata": "{{$event.detail.value.metadata}}",
            "valueItem": "{{ $event.detail.value }}"
          }
        }
      ]
    },
    "supplierSelectValueItem": {
      "chains": [
        {
          "chain": "supplierSelectValueItemChangeChain",
          "parameters": {
            "event": "{{$event}}",
            "previousValue": "{{$event.detail.previousValue}}",
            "value": "{{$event.detail.value}}",
            "updatedFrom": "{{$event.detail.updatedFrom}}",
            "key": "{{$event.detail.value.key}}",
            "data": "{{$event.detail.value.data}}",
            "metadata": "{{$event.detail.value.metadata}}",
            "valueItem": "{{ $event.detail.value }}"
          }
        }
      ]
    },
    "vbEnter": {
      "chains": [
        {
          "parameters": {},
          "chain": "vbEnterListener"
        }
      ]
    }

  },
  "imports": {
    "components": {
      "oj-button": {
        "path": "ojs/ojbutton"
      },
      "oj-c-checkbox": {
        "path": "oj-c/checkbox"
      },
      "oj-c-progress-bar": {
        "path": "oj-c/progress-bar"
      },
      "oj-checkboxset": {
        "path": "ojs/ojcheckboxset"
      },
      "oj-dialog": {
        "path": "ojs/ojdialog"
      },
      "oj-ext-checkbox-switch": {
        "path": "oj-ext/checkbox-switch/loader"
      },
      "oj-form-layout": {
        "path": "ojs/ojformlayout"
      },
      "oj-input-date": {
        "path": "ojs/ojdatetimepicker"
      },
      "oj-input-text": {
        "path": "ojs/ojinputtext"
      },
      "oj-label": {
        "path": "ojs/ojlabel"
      },
      "oj-label-value": {
        "path": "ojs/ojlabelvalue"
      },
      "oj-option": {
        "path": "ojs/ojoption"
      },
      "oj-select-single": {
        "path": "ojs/ojselectsingle"
      },
      "oj-table": {
        "path": "ojs/ojtable"
      },
      "oj-text-area": {
        "path": "ojs/ojinputtext"
      },
      "oj-toolbar": {
        "path": "ojs/ojtoolbar"
      }

   },
    "modules": {
      "ojValidationDateTime": {
        "path": "ojs/ojvalidation-datetime"
      }
    },
    "css": [
      "/resources/css/app.css",
      "/resources/css/shell.css"
    ]
  }
}