{
    "BUYER_GROUP_ID": 1,
    "BUYER_GROUP_NAME": "WWT Changed",
    "DESCRIPTION": "Demo Buyer",
    "ENABLED_FLAG": "true",
    "DISABLED_DATE": null,
    "CREATED_BY": "aaa",
    "CREATION_DATE": "2025-02-25T10:59:07",
    "UPDATED_DATE": "2025-03-07T06:21:30",
    "UPDATED_BY": null,
    "BUYERS": [
        {
            "BUYER_GROUP_ID": 1,
            "PERSON_ID": 141604,
            "DISPLAY_NAME": "Karan Vignesh",
            "PERSON_NUMBER": null,
            "BUYER_CODE": "WWT",
            "JOB": null,
            "EMAIL": "kvigneshV@deloitte.com",
            "ENABLED_FLAG": "true",
            "DISABLED_DATE": null,
            "CREATED_BY": null,
            "CREATION_DATE": "2025-03-06T08:18:37.105272",
            "UPDATED_DATE": "2025-03-07T06:21:30",
            "UPDATED_BY": null
        }
    ],
    "ASSOCIATIONS": [
        {
            "ASSOCIATION_ID": 22,
            "BUYER_GROUP_ID": 1,
            "PROCUREMENT_BU_ID": 300000002301171,
            "PROCUREMENT_BU": "US_PROC_USD_BU",
            "SUPPLIER_ID": 300000002823279,
            "SUPPLIER_NUMBER": "10011",
            "SUPPLIER_NAME": "COMPAL ELECTRONICS INC",
            "SUPPLIER_SITE_ID": 300000002452444,
            "SUPPLIER_SITE": "12967PUR_US",
            "REQUISITION_BU_ID": 300000002301157,
            "REQUISITION_BU": "US_PL_USD_BU",
            "ENABLED_FLAG": "false",
            "DISABLED_DATE": null,
            "CREATED_BY": "141604",
            "CREATION_DATE": "2025-03-06T08:17:11",
            "UPDATED_DATE": "2025-03-06T11:55:34",
            "UPDATED_BY": null
        },
        {
            "ASSOCIATION_ID": 13,
            "BUYER_GROUP_ID": 1,
            "PROCUREMENT_BU_ID": null,
            "PROCUREMENT_BU": null,
            "SUPPLIER_ID": null,
            "SUPPLIER_NUMBER": "10011",
            "SUPPLIER_NAME": null,
            "SUPPLIER_SITE_ID": null,
            "SUPPLIER_SITE": null,
            "REQUISITION_BU_ID": null,
            "REQUISITION_BU": null,
            "ENABLED_FLAG": null,
            "DISABLED_DATE": null,
            "CREATED_BY": null,
            "CREATION_DATE": "2025-03-07T06:17:53.238143",
            "UPDATED_DATE": "2025-03-07T06:17:53.238143",
            "UPDATED_BY": null
        },
        {
            "ASSOCIATION_ID": 23,
            "BUYER_GROUP_ID": 1,
            "PROCUREMENT_BU_ID": null,
            "PROCUREMENT_BU": null,
            "SUPPLIER_ID": null,
            "SUPPLIER_NUMBER": null,
            "SUPPLIER_NAME": null,
            "SUPPLIER_SITE_ID": null,
            "SUPPLIER_SITE": null,
            "REQUISITION_BU_ID": null,
            "REQUISITION_BU": null,
            "ENABLED_FLAG": null,
            "DISABLED_DATE": null,
            "CREATED_BY": null,
            "CREATION_DATE": "2025-03-07T06:21:30.190914",
            "UPDATED_DATE": "2025-03-07T06:21:30.190914",
            "UPDATED_BY": null
        }
    ]
}