{
  "description": "",
  "eventListeners": {
    "filePickerSelect": {
      "chains": [
        {
          "chain": "FilePickerSelectChain",
          "parameters": {
            "files": "[[ Array.prototype.slice.call($event.detail.files) ]]"
          }
        }
      ]
    },
    "filePickerSelect2": {
      "chains": [
        {
          "chain": "FilePickerSelectChain_header_save_demo",
          "parameters": {
            "files": "[[ Array.prototype.slice.call($event.detail.files) ]]"
          }
        }
      ]
    }
  },
  "events": {},
  "imports": {
    "components": {
      "oj-file-picker": {
        "path": "ojs/ojfilepicker"
      }
    }
  },
  "types": {
    "filetype": {
      "content": "any"
    },
    "filetypenew": "object"  },
  "variables": {
    "arrayattachment": {
      "type": [
        {
          "content": "string"
        }
      ]
    },
    "fileContent": {
      "type": "string",
      "input": "fromCaller",
      "writeback": true
    },
    "fileName": {
      "type": "string",
      "input": "fromCaller",
      "writeback": true
    },
    "filesarray": {
      "type": "object[]"
    },
    "fileType": {
      "type": "string",
      "input": "fromCaller",
      "writeback": true
    },
    "filevarname": {
      "type": "string"
    },
    "generatedZipBlob": {
      "type": "any"
    },
    "typreadp": {
      "type": "vb/ArrayDataProvider2",
      "defaultValue": {
        "data": "{{ $variables.arrayattachment }}",
        "itemType": "filetype"

      }
    }

  }
}