{
    "items": [
        {
            "LookupCode": "ETS 264 Systems"
        },
        {
            "LookupCode": "IP750 Miscellaneous"
        },
        {
            "LookupCode": "J750"
        },
        {
            "LookupCode": "Miscellaneous"
        },
        {
            "LookupCode": "Services"
        },
        {
            "LookupCode": "UFlex Systems"
        },
        {
            "LookupCode": "UltraFLEX"
        },
        {
            "LookupCode": "UltraFLEX GCS"
        },
        {
            "LookupCode": "UltraFLEX Miscellaneous"
        },
        {
            "LookupCode": "UltraFLEX Non-Revenue"
        },
        {
            "LookupCode": "UltraFLEX System"
        },
        {
            "LookupCode": "UltraFLEX T/Use Misc"
        },
        {
            "LookupCode": "UltraFLEX T/Use System"
        },
        {
            "LookupCode": "UltraFLEX Upside"
        },
        {
            "LookupCode": "UltraFLEX+"
        }
    ],
    "count": 15,
    "hasMore": false,
    "limit": 25,
    "offset": 0,
    "links": [
        {
            "rel": "self",
            "href": "https://terfusionapp-icbkjb-dev1.fa.ocs.oraclecloud.com:443/fscmRestApi/resources/11.13.18.05/standardLookups/ORA_DOO_DEMAND_CLASS/child/lookupCodes",
            "name": "lookupCodes",
            "kind": "collection"
        }
    ]
}