{

  "ProcurementBU": "US_PROC_USD_BU",

  "RequisitioningBU": "US_PL_USD_BU",

  "BuyerId": "300000002736084",

  "Supplier": "COMPAL ELECTRONICS INC",

  "CurrencyCode": "USD",

  "SupplierSiteId": "300000002452444",

  "BillToLocation": "NASHVILLE OPTIONS",

  "DefaultShipToLocation": "NASHVILLE OPTIONS",

  "RequiredAcknowledgment": "None",

  "Description": null,

  "SupplierCommunicationMethod": "EMAIL",

  "SupplierEmailAddress": "test1@abc.com,test2@abc.com, test3@abc.com",

  "BuyerManagedTransportFlag": false,

  "PayOnReceiptFlag": false,

  "PaymentTerms": "Immediate",

  "ShippingMethod": "",

  "FreightTermsCode": null,

  "FOBCode": null,

  "NoteToReceiver": "",

  "NoteToSupplier": "",

  "lines": [

    {

      "LineNumber": 1,

      "LineType": "Goods",

      "Item": "10000482",

      "Category": "Goods",

      "Description": "Peripherals_Type_Docking Stations",

      "Quantity": 10,

      "Price": 200,

      "UOM": "Each",

      "schedules": [

        {

          "ScheduleNumber": 1,

          "Quantity": 10,

          "ShipToLocation": "NASHVILLE OPTIONS",

          "ShipToOrganizationCode": "NV3",

          "ReceiptCloseTolerancePercent": 0,

          "InvoiceMatchOptionCode": "P",

          "EarlyReceiptToleranceDays": 0,

          "InvoiceCloseTolerancePercent": 0,

          "LateReceiptToleranceDays": 0,

          "AccrueAtReceiptFlag": true,

          "InspectionRequiredFlag": true,

          "ReceiptRequiredFlag": false,

          "ReceiptRoutingId": 3,

          "DestinationTypeCode": "INVENTORY",

          "Carrier": null,

          "RequestedDeliveryDate": "",

          "distributions": [

            {

              "DistributionNumber": 1,

              "DeliverToLocation": "NASHVILLE OPTIONS",

              "Quantity": 10

            }

          ]

        }

      ]

    }

  ]

}
 