{
    "backends": {
        "SlotPlanningModule": {
            "description": "SlotPlanningModule",
            "servers": [
                {
                    "url": "https://g399b9d54c076b5-fusionpaasdev.adb.us-ashburn-1.oraclecloudapps.com/ords/terext/slotplanning",
                    "description": "G399b9d54c076b5 Fusionpaasdev Adb Us Ashburn 1 Oraclecloudapps Com",
                    "x-vb": {
                        "authentication": {
                            "authenticated": {
                                "type": "basic",
                                "credentials": "vb_2903f419-9a0d-4ca1-b483-8ef3514d6e36"
                            }
                        }
                    }
                }
            ]
        },
        "fa": {
            "description": "Oracle Cloud Applications",
            "serviceType": "fa-base",
            "servers": [
                {
                    "url": "https://terfusionapp-icbkjb-dev1.fa.ocs.oraclecloud.com:443",
                    "description": "Default Server",
                    "x-vb": {
                        "authentication": {
                            "authenticated": {
                                "type": "basic",
                                "credentials": "vb_6efb47f0-c5d1-4e0e-a126-1f167cc35ed8"
                            }
                        }
                    }
                }
            ]
        },
        "crmRestApi": {
            "description": "Sales and Service",
            "serviceType": "adf-describe",
            "transforms": {
                "path": "vb/BusinessObjectsTransforms"
            },
            "headers": {
                "REST-Framework-Version": "4"
            },
            "serviceTypeProperties": {
                "faCatalogAppId": "REST-crmRestApp"
            },
            "servers": [
                {
                    "url": "vb-catalog://backends/fa/crmRestApi/resources",
                    "description": "Default Server"
                }
            ]
        },
        "fscmRestApi": {
            "description": "Enterprise Resource Planning and Supply Chain",
            "serviceType": "adf-describe",
            "transforms": {
                "path": "vb/BusinessObjectsTransforms"
            },
            "headers": {
                "REST-Framework-Version": "4"
            },
            "serviceTypeProperties": {
                "faCatalogAppId": "REST-fscmRestApp"
            },
            "servers": [
                {
                    "url": "vb-catalog://backends/fa/fscmRestApi/resources",
                    "description": "Default Server"
                }
            ]
        },
        "hcmRestApi": {
            "description": "Human Capital Management",
            "serviceType": "adf-describe",
            "transforms": {
                "path": "vb/BusinessObjectsTransforms"
            },
            "headers": {
                "REST-Framework-Version": "4"
            },
            "serviceTypeProperties": {
                "faCatalogAppId": "REST-hcmRestApp"
            },
            "servers": [
                {
                    "url": "vb-catalog://backends/fa/hcmRestApi/resources",
                    "description": "Default Server"
                }
            ]
        },
        "ORDSBackend": {
            "servers": [
                {
                    "url": "https://g399b9d54c076b5-fusionpaasdev.adb.us-ashburn-1.oraclecloudapps.com/ords/terext",
                    "description": "Default Server",
                    "x-vb": {
                        "authentication": {
                            "authenticated": {
                                "type": "basic",
                                "credentials": "vb_596f25bc-4f75-41c7-92d6-4fc1b0abb6f3"
                            }
                        },
                        "forceProxy": "always"
                    }
                }
            ]
        }
      },
    "services": {}
}