{
  "description": "",
  "eventListeners": {
    "onClickViewButtonAction": {
      "chains": [
        {
          "chain": "onClickViewButtonActionChain",
          "parameters": {
            "event": "{{$event}}",
            "originalEvent": "{{$event.detail.originalEvent}}",
            "header_id": "[[ $variables.slotNumberVar ]]",
            "slotNumber": "[[ $variables.slotNumberVar ]]"
          }
        }
      ]
    }

  },
  "events": {},
  "imports": {
    "components": {
      "oj-button": {
        "path": "ojs/ojbutton"
      },
      "oj-c-progress-bar": {
        "path": "oj-c/progress-bar"
      },
      "oj-dialog": {
        "path": "ojs/ojdialog"
      },
      "oj-form-layout": {
        "path": "ojs/ojformlayout"
      },
      "oj-input-date": {
        "path": "ojs/ojdatetimepicker"
      },
      "oj-input-text": {
        "path": "ojs/ojinputtext"
      },
      "oj-label": {
        "path": "ojs/ojlabel"
      },
      "oj-label-value": {
        "path": "ojs/ojlabelvalue"
      },
      "oj-select-single": {
        "path": "ojs/ojselectsingle"
      },
      "oj-table": {
        "path": "ojs/ojtable"
      },
      "oj-text-area": {
        "path": "ojs/ojinputtext"
      }

    },
    "css": [
      "/resources/css/app.css"
    ]
  },
  "types": {},
  "variables": {
    "slotNumberVar": {
      "type": "string",
      "required": true,
      "input": "fromCaller",
      "writeback": true,
      "@dt": {
      }
    },
    "viewActionVar": {
      "type": "string",
      "required": true,
      "input": "fromCaller",
      "writeback": true,
      "@dt": {
      }
    },
    "viewObj": {
      "type": {
        "Actual_Ship_Date": "any",
        "Change_Request_Number": "string",
        "Config_Number": "string",
        "Customer": "string",
        "Customer_Request_Delivery_Date": "string",
        "Customer_Site_id": "any",
        "Demand_Class": "string",
        "Finance_Comments": "string",
        "Forecast_Name": "string",
        "Marketing_Comments": "string",
        "Mfr": "string",
        "Mfr_Site": "string",
        "MRP_Qtr": "string",
        "Operation_Comments": "string",
        "PD_Qtr": "string",
        "Planning_Organization": "string",
        "Platform": "string",
        "Promise_Date": "any",
        "Revenue": "string",
        "Sales_Order": "string",
        "Schedule_Date": "any",
        "Slot_Number": "string",
        "Slot_Status": "string",
        "Slot_Type": "string",
        "System": "string"
      }
    }

  }
}