{
    "items": [
        {
            "slot_number": "UF10014"
        },
        {
            "slot_number": "UF10015"
        },
        {
            "slot_number": "UF10016"
        },
        {
            "slot_number": "UF10017"
        },
        {
            "slot_number": "UF10018"
        },
        {
            "slot_number": "UF10019"
        },
        {
            "slot_number": "UF10105"
        }
    ],
    "hasMore": false,
    "limit": 1000,
    "offset": 0,
    "count": 7,
    "links": [
        {
            "rel": "self",
            "href": "https://g399b9d54c076b5-fusionpaasdev.adb.us-ashburn-1.oraclecloudapps.com/ords/terext/slotplanning/getslotnumberlov"
        },
        {
            "rel": "describedby",
            "href": "https://g399b9d54c076b5-fusionpaasdev.adb.us-ashburn-1.oraclecloudapps.com/ords/terext/metadata-catalog/slotplanning/item"
        },
        {
            "rel": "first",
            "href": "https://g399b9d54c076b5-fusionpaasdev.adb.us-ashburn-1.oraclecloudapps.com/ords/terext/slotplanning/getslotnumberlov"
        }
    ]
}