{
    "InterfaceHeaderId": 300000045947725,
    "InterfaceHeaderKey": null,
    "ActionCode": "ORIGINAL",
    "BatchId": 123456788,
    "ImportSource": null,
    "ApprovalActionCode": "SUBMIT",
    "AgreementHeaderId": 324005,
    "AgreementNumber": null,
    "DocumentTypeCode": "BLANKET",
    "StyleId": 1,
    "Style": null,
    "ProcurementBUId": 300000002301171,
    "ProcurementBU": "US_PROC_USD_BU",
    "BuyerId": null,
    "Buyer": "Integration, Dev2",
    "CurrencyCode": "USD",
    "Description": "Testing REST BPA  ",
    "SupplierId": 300000004350110,
    "Supplier": "Office Depot",
    "SupplierSiteId": 300000004350135,
    "SupplierSite": "STORE-6253",
    "SupplierContactId": null,
    "SupplierContact": null,
    "FOB": null,
    "CarrierId": null,
    "Carrier": null,
    "FreightTerms": null,
    "PayOnReceiptFlag": null,
    "PaymentTermsId": null,
    "PaymentTerms": null,
    "ChangeOrderDescription": null,
    "ChangeOrderInitiatingParty": null,
    "RequiredAcknowledgmentCode": null,
    "SupplierOrder": null,
    "AcknowledgmentWithinDays": null,
    "SupplierCommunicationMethodCode": null,
    "SupplierFax": null,
    "SupplierEmailAddress": null,
    "ConfirmingOrderFlag": null,
    "AgreementAmount": 350000,
    "AmountLimit": 350000,
    "MinimumReleaseAmount": null,
    "StartDate": "2024-03-15",
    "EndDate": null,
    "NoteToSupplier": null,
    "NoteToReceiver": null,
    "AutomaticallyGenerateOrdersFlag": null,
    "AutomaticallySubmitForApprovalFlag": null,
    "GroupRequisitionsFlag": null,
    "GroupRequisitionLinesFlag": null,
    "UseShipToOrganizationAndLocationFlag": null,
    "UseNeedByDateFlag": null,
    "CatalogAdministratorAuthoringFlag": null,
    "ApplyPriceUpdatesToExistingOrdersFlag": null,
    "CommunicatePriceUpdatesFlag": null,
    "BuyerEmailAddress": null,
    "ModeOfTransportCode": null,
    "ModeOfTransport": null,
    "ServiceLevelCode": null,
    "ServiceLevel": null,
    "AgingOnsetPointCode": null,
    "AgingPeriodDays": null,
    "ConsumptionAdviceFrequencyCode": null,
    "ConsumptionAdviceSummaryCode": null,
    "DefaultConsignmentLinesFlag": null,
    "PayOnUseFlag": null,
    "BillingCycleClosingDate": null,
    "ConfigurationOrderingEnabledFlag": null,
    "UseCustomerSalesOrderFlag": null,
    "BuyerManagedTransportFlag": null,
    "AllowOrderingFromUnassignedSitesFlag": null,
    "OutsideProcessEnabledFlag": false,
    "MasterContractNumber": null,
    "MasterContractId": null,
    "MasterContractTypeId": null,
    "MasterContractType": null,
    "UseOrderDateForOrderPricingFlag": null,
    "UseShipToLocationFlag": null,
    "InitiateRetroactivePricingUponApprovalFlag": null,
    "RepriceOpenOrdersFlag": null,
    "AttributeCategory": null,
    "Attribute1": null,
    "Attribute2": null,
    "Attribute3": null,
    "Attribute4": null,
    "Attribute5": null,
    "Attribute6": null,
    "Attribute7": null,
    "Attribute8": null,
    "Attribute9": null,
    "Attribute10": null,
    "Attribute11": null,
    "Attribute12": null,
    "Attribute13": null,
    "Attribute14": null,
    "Attribute15": null,
    "Attribute16": null,
    "Attribute17": null,
    "Attribute18": null,
    "Attribute19": null,
    "Attribute20": null,
    "AttributeDate1": null,
    "AttributeDate2": null,
    "AttributeDate3": null,
    "AttributeDate4": null,
    "AttributeDate5": null,
    "AttributeDate6": null,
    "AttributeDate7": null,
    "AttributeDate8": null,
    "AttributeDate9": null,
    "AttributeDate10": null,
    "AttributeNumber1": null,
    "AttributeNumber2": null,
    "AttributeNumber3": null,
    "AttributeNumber4": null,
    "AttributeNumber5": null,
    "AttributeNumber6": null,
    "AttributeNumber7": null,
    "AttributeNumber8": null,
    "AttributeNumber9": null,
    "AttributeNumber10": null,
    "AttributeTimestamp1": null,
    "AttributeTimestamp2": null,
    "AttributeTimestamp3": null,
    "AttributeTimestamp4": null,
    "AttributeTimestamp5": null,
    "AttributeTimestamp6": null,
    "AttributeTimestamp7": null,
    "AttributeTimestamp8": null,
    "AttributeTimestamp9": null,
    "AttributeTimestamp10": null,
    "CreatedBy": "dell_ext_user",
    "CreationDate": "2025-02-07T06:51:06.027+00:00",
    "LastUpdatedBy": "DELL_INT_USER",
    "LastUpdateDate": "2025-02-07T06:54:26.364+00:00",
    "ProcessCode": "ACCEPTED",
    "RequestId": 1387122,
    "businessUnitAccess": {
        "items": [
            {
                "InterfaceBUAssignmentId": 300000045947726,
                "InterfaceHeaderId": 300000045947725,
                "InterfaceHeaderKey": "1",
                "InterfaceBUAssignmentKey": "1",
                "RequisitioningBUId": null,
                "RequisitioningBU": "US_PL_USD_BU",
                "OrderLocallyFlag": false,
                "PurchasingSiteId": null,
                "PurchasingSite": "STORE-6253",
                "ShipToLocationId": null,
                "ShipToLocation": "EL PASO AIO AND DCS",
                "BillToBUId": null,
                "BillToBU": "US_PL_USD_BU",
                "BillToLocationId": null,
                "BillToLocation": "EL PASO AIO AND DCS",
                "EnabledFlag": true,
                "CreatedBy": "dell_ext_user",
                "CreationDate": "2025-02-07T06:51:06.035+00:00",
                "LastUpdatedBy": "dell_ext_user",
                "LastUpdateDate": "2025-02-07T06:51:06.035+00:00",
                "ProcessCode": null
            }
        ],
        "count": 1,
        "hasMore": false,
        "limit": 24,
        "offset": 0,
        "links": [
            {
                "rel": "self",
                "href": "https://iawmqy-dev2.fa.ocs.oraclecloud.com:443/fscmRestApi/resources/11.13.18.05/purchaseAgreementImportRequests/300000045947725/child/businessUnitAccess",
                "name": "businessUnitAccess",
                "kind": "collection"
            }
        ]
    },
    "lines": {
        "items": [
            {
                "InterfaceLineId": 300000045947727,
                "InterfaceHeaderKey": "2",
                "InterfaceLineKey": "1",
                "ActionCode": "ADD",
                "LineNumber": 1,
                "LineType": "Goods",
                "LineTypeId": null,
                "Item": "10000482",
                "ItemId": null,
                "ItemRevision": null,
                "Category": "Goods",
                "CategoryId": null,
                "ItemDescription": "Peripherals_Type_Docking Stations",
                "AgreementAmount": 350000,
                "UOM": "Each",
                "UOMCode": null,
                "Price": null,
                "Amount": 500,
                "AllowPriceOverrideFlag": null,
                "NotToExceedPrice": null,
                "SupplierItem": null,
                "NegotiatedFlag": null,
                "NoteToReceiver": "Note to receiver line1",
                "NoteToSupplier": " Note to supplier line1",
                "MinimumReleaseAmount": null,
                "SupplierPartAuxiliaryId": null,
                "SupplierReferenceNumber": null,
                "AgingPeriodDays": null,
                "ConsignmentLineFlag": null,
                "UnitWeight": null,
                "WeightUOMCode": null,
                "WeightUOMName": null,
                "UnitVolume": null,
                "VolumeUOMCode": null,
                "VolumeUOMName": null,
                "ParentItem": null,
                "ParentItemId": null,
                "TopModel": null,
                "TopModelId": null,
                "SupplierParentItem": null,
                "SupplierTopModel": null,
                "PriceBreakType": null,
                "AllowDescriptionUpdateFlag": null,
                "AttributeCategory": null,
                "LineAttribute1": null,
                "LineAttribute2": null,
                "LineAttribute3": null,
                "LineAttribute4": null,
                "LineAttribute5": null,
                "LineAttribute6": null,
                "LineAttribute7": null,
                "LineAttribute8": null,
                "LineAttribute9": null,
                "LineAttribute10": null,
                "LineAttribute11": null,
                "LineAttribute12": null,
                "LineAttribute13": null,
                "LineAttribute14": null,
                "LineAttribute15": null,
                "Attribute16": null,
                "Attribute17": null,
                "Attribute18": null,
                "Attribute19": null,
                "Attribute20": null,
                "AttributeDate1": null,
                "AttributeDate2": null,
                "AttributeDate3": null,
                "AttributeDate4": null,
                "AttributeDate5": null,
                "AttributeDate6": null,
                "AttributeDate7": null,
                "AttributeDate8": null,
                "AttributeDate9": null,
                "AttributeDate10": null,
                "AttributeNumber1": null,
                "AttributeNumber2": null,
                "AttributeNumber3": null,
                "AttributeNumber4": null,
                "AttributeNumber5": null,
                "AttributeNumber6": null,
                "AttributeNumber7": null,
                "AttributeNumber8": null,
                "AttributeNumber9": null,
                "AttributeNumber10": null,
                "AttributeTimestamp1": null,
                "AttributeTimestamp2": null,
                "AttributeTimestamp3": null,
                "AttributeTimestamp4": null,
                "AttributeTimestamp5": null,
                "AttributeTimestamp6": null,
                "AttributeTimestamp7": null,
                "AttributeTimestamp8": null,
                "AttributeTimestamp9": null,
                "AttributeTimestamp10": null,
                "InterfaceHeaderId": 300000045947725,
                "CreatedBy": "dell_ext_user",
                "CreationDate": "2025-02-07T06:51:06.057+00:00",
                "LastUpdatedBy": "dell_ext_user",
                "LastUpdateDate": "2025-02-07T06:51:06.057+00:00",
                "ProcessCode": "ACCEPTED",
                "LineStartDate": null,
                "ExpirationDate": null,
                "AgreementQuantity": null
            }
        ],
        "count": 1,
        "hasMore": false,
        "limit": 24,
        "offset": 0,
        "links": [
            {
                "rel": "self",
                "href": "https://iawmqy-dev2.fa.ocs.oraclecloud.com:443/fscmRestApi/resources/11.13.18.05/purchaseAgreementImportRequests/300000045947725/child/lines",
                "name": "lines",
                "kind": "collection"
            }
        ]
    }
}