{
    "items": [
        {
            "AccountedPeriodType": "MONTH1212831733",
            "ChartOfAccountsId": 17117,
            "Description": "Primary Ledger for Abu Dhabi Airports Free Zone LLC",
            "EnableBudgetaryControlFlag": true,
            "LedgerCategoryCode": "PRIMARY",
            "LedgerId": 300000023024587,
            "Name": "ADABC PRIMARY LEDGER",
            "LedgerTypeCode": "L",
            "PeriodSetName": "AG_FY_MON",
            "SequencingModeCode": "L",
            "ApDocumentSequencingOptionFlag": true,
            "ArDocumentSequencingOptionFlag": null,
            "EnfSequenceDateCorrelationCode": "N",
            "CurrencyCode": "AED"
        },
        {
            "AccountedPeriodType": "MONTH1212831733",
            "ChartOfAccountsId": 16118,
            "Description": "Primary Accounting Ledger for ADAC ",
            "EnableBudgetaryControlFlag": false,
            "LedgerCategoryCode": "PRIMARY",
            "LedgerId": 300000021688021,
            "Name": "ADAC LEDGER",
            "LedgerTypeCode": "L",
            "PeriodSetName": "AG_FY_MON",
            "SequencingModeCode": "L",
            "ApDocumentSequencingOptionFlag": true,
            "ArDocumentSequencingOptionFlag": true,
            "EnfSequenceDateCorrelationCode": "N",
            "CurrencyCode": "AED"
        },
        {
            "AccountedPeriodType": "MONTH1212831733",
            "ChartOfAccountsId": 17117,
            "Description": null,
            "EnableBudgetaryControlFlag": false,
            "LedgerCategoryCode": "NONE",
            "LedgerId": 300000023053035,
            "Name": "ADAC LEDGER SET",
            "LedgerTypeCode": "S",
            "PeriodSetName": "AG_FY_MON",
            "SequencingModeCode": null,
            "ApDocumentSequencingOptionFlag": null,
            "ArDocumentSequencingOptionFlag": null,
            "EnfSequenceDateCorrelationCode": null,
            "CurrencyCode": "X"
        },
        {
            "AccountedPeriodType": "MONTH1212831733",
            "ChartOfAccountsId": 17117,
            "Description": "ADAC Primary Ledger",
            "EnableBudgetaryControlFlag": true,
            "LedgerCategoryCode": "PRIMARY",
            "LedgerId": 300000021688028,
            "Name": "ADAC PRIMARY LEDGER",
            "LedgerTypeCode": "L",
            "PeriodSetName": "AG_FY_MON",
            "SequencingModeCode": "L",
            "ApDocumentSequencingOptionFlag": true,
            "ArDocumentSequencingOptionFlag": true,
            "EnfSequenceDateCorrelationCode": "N",
            "CurrencyCode": "AED"
        },
        {
            "AccountedPeriodType": "MONTH1212831733",
            "ChartOfAccountsId": 17117,
            "Description": "ADDF PRIMARY LEDGER",
            "EnableBudgetaryControlFlag": true,
            "LedgerCategoryCode": "PRIMARY",
            "LedgerId": 300000021823366,
            "Name": "ADDF PRIMARY LEDGER",
            "LedgerTypeCode": "L",
            "PeriodSetName": "AG_FY_MON",
            "SequencingModeCode": "L",
            "ApDocumentSequencingOptionFlag": true,
            "ArDocumentSequencingOptionFlag": false,
            "EnfSequenceDateCorrelationCode": "N",
            "CurrencyCode": "AED"
        },
        {
            "AccountedPeriodType": "MONTH1212831733",
            "ChartOfAccountsId": 17117,
            "Description": "CPC PRIMARY LEDGER\n",
            "EnableBudgetaryControlFlag": false,
            "LedgerCategoryCode": "PRIMARY",
            "LedgerId": 300000024228296,
            "Name": "CPC PRIMARY LEDGER",
            "LedgerTypeCode": "L",
            "PeriodSetName": "AG_FY_MON",
            "SequencingModeCode": "L",
            "ApDocumentSequencingOptionFlag": true,
            "ArDocumentSequencingOptionFlag": true,
            "EnfSequenceDateCorrelationCode": "N",
            "CurrencyCode": "AED"
        }
    ],
    "count": 6,
    "hasMore": false,
    "limit": 25,
    "offset": 0,
    "links": [
        {
            "rel": "self",
            "href": "https://hcts-test.fa.em2.oraclecloud.com:443/fscmRestApi/resources/11.13.18.05/ledgersLOV",
            "name": "ledgersLOV",
            "kind": "collection"
        }
    ]
}