{
    "items": [
        {
            "rownum": 17,
            "line_id": null,
            "group_id": null,
            "from_account": null,
            "from_account_id": null,
            "to_account": null,
            "to_account_id": null,
            "transfer_amount": null,
            "from_vendor_id": null,
            "from_vendor_name": null,
            "to_vendor_id": null,
            "to_vendor_name": null,
            "from_project": null,
            "from_project_id": null,
            "to_project": null,
            "to_project_id": null,
            "justification": null,
            "comments": null,
            "balance_type_group": null,
            "database": null,
            "interface_flag": null,
            "budget_entity_id": null,
            "batch_id": null,
            "attribute1": null,
            "attribute2": null,
            "currency_conversion_date": null,
            "currency_conversion_rate": null,
            "organization": null,
            "status": null,
            "object_version_num": null,
            "created_by": null,
            "creation_date": null,
            "last_updated_by": null,
            "last_update_date": null,
            "last_update_login": null,
            "error_message": null,
            "line_number": null,
            "ledger_id": 300000021688028,
            "ledger_name": "ADAC PRIMARY LEDGER",
            "hdr_status": "DRAFT",
            "budget_name": null,
            "batch_name": 38,
            "hdr_justification": null,
            "period_name": null,
            "currency_code": null,
            "budget_transfer_type": null
        },
        {
            "rownum": 8,
            "line_id": null,
            "group_id": null,
            "from_account": null,
            "from_account_id": null,
            "to_account": null,
            "to_account_id": null,
            "transfer_amount": null,
            "from_vendor_id": null,
            "from_vendor_name": null,
            "to_vendor_id": null,
            "to_vendor_name": null,
            "from_project": null,
            "from_project_id": null,
            "to_project": null,
            "to_project_id": null,
            "justification": null,
            "comments": null,
            "balance_type_group": null,
            "database": null,
            "interface_flag": null,
            "budget_entity_id": null,
            "batch_id": null,
            "attribute1": null,
            "attribute2": null,
            "currency_conversion_date": null,
            "currency_conversion_rate": null,
            "organization": null,
            "status": null,
            "object_version_num": null,
            "created_by": null,
            "creation_date": null,
            "last_updated_by": null,
            "last_update_date": null,
            "last_update_login": null,
            "error_message": null,
            "line_number": null,
            "ledger_id": 300000021823366,
            "ledger_name": "ADDF PRIMARY LEDGER",
            "hdr_status": "DRAFT",
            "budget_name": null,
            "batch_name": 37,
            "hdr_justification": null,
            "period_name": null,
            "currency_code": null,
            "budget_transfer_type": null
        },
        {
            "rownum": 3,
            "line_id": null,
            "group_id": null,
            "from_account": null,
            "from_account_id": null,
            "to_account": null,
            "to_account_id": null,
            "transfer_amount": null,
            "from_vendor_id": null,
            "from_vendor_name": null,
            "to_vendor_id": null,
            "to_vendor_name": null,
            "from_project": null,
            "from_project_id": null,
            "to_project": null,
            "to_project_id": null,
            "justification": null,
            "comments": null,
            "balance_type_group": null,
            "database": null,
            "interface_flag": null,
            "budget_entity_id": null,
            "batch_id": null,
            "attribute1": null,
            "attribute2": null,
            "currency_conversion_date": null,
            "currency_conversion_rate": null,
            "organization": null,
            "status": null,
            "object_version_num": null,
            "created_by": null,
            "creation_date": null,
            "last_updated_by": null,
            "last_update_date": null,
            "last_update_login": null,
            "error_message": null,
            "line_number": null,
            "ledger_id": 300000023053035,
            "ledger_name": "ADAC LEDGER SET",
            "hdr_status": "DRAFT",
            "budget_name": null,
            "batch_name": 36,
            "hdr_justification": null,
            "period_name": null,
            "currency_code": null,
            "budget_transfer_type": null
        },
        {
            "rownum": 12,
            "line_id": null,
            "group_id": null,
            "from_account": null,
            "from_account_id": null,
            "to_account": null,
            "to_account_id": null,
            "transfer_amount": null,
            "from_vendor_id": null,
            "from_vendor_name": null,
            "to_vendor_id": null,
            "to_vendor_name": null,
            "from_project": null,
            "from_project_id": null,
            "to_project": null,
            "to_project_id": null,
            "justification": null,
            "comments": null,
            "balance_type_group": null,
            "database": null,
            "interface_flag": null,
            "budget_entity_id": null,
            "batch_id": null,
            "attribute1": null,
            "attribute2": null,
            "currency_conversion_date": null,
            "currency_conversion_rate": null,
            "organization": null,
            "status": null,
            "object_version_num": null,
            "created_by": null,
            "creation_date": null,
            "last_updated_by": null,
            "last_update_date": null,
            "last_update_login": null,
            "error_message": null,
            "line_number": null,
            "ledger_id": 300000021688028,
            "ledger_name": "ADAC PRIMARY LEDGER",
            "hdr_status": "DRAFT",
            "budget_name": null,
            "batch_name": 35,
            "hdr_justification": null,
            "period_name": null,
            "currency_code": null,
            "budget_transfer_type": null
        },
        {
            "rownum": 4,
            "line_id": null,
            "group_id": null,
            "from_account": null,
            "from_account_id": null,
            "to_account": null,
            "to_account_id": null,
            "transfer_amount": null,
            "from_vendor_id": null,
            "from_vendor_name": null,
            "to_vendor_id": null,
            "to_vendor_name": null,
            "from_project": null,
            "from_project_id": null,
            "to_project": null,
            "to_project_id": null,
            "justification": null,
            "comments": null,
            "balance_type_group": null,
            "database": null,
            "interface_flag": null,
            "budget_entity_id": null,
            "batch_id": null,
            "attribute1": null,
            "attribute2": null,
            "currency_conversion_date": null,
            "currency_conversion_rate": null,
            "organization": null,
            "status": null,
            "object_version_num": null,
            "created_by": null,
            "creation_date": null,
            "last_updated_by": null,
            "last_update_date": null,
            "last_update_login": null,
            "error_message": null,
            "line_number": null,
            "ledger_id": 300000021688028,
            "ledger_name": "ADAC PRIMARY LEDGER",
            "hdr_status": "DRAFT",
            "budget_name": null,
            "batch_name": 34,
            "hdr_justification": null,
            "period_name": null,
            "currency_code": null,
            "budget_transfer_type": null
        },
        {
            "rownum": 14,
            "line_id": null,
            "group_id": null,
            "from_account": null,
            "from_account_id": null,
            "to_account": null,
            "to_account_id": null,
            "transfer_amount": null,
            "from_vendor_id": null,
            "from_vendor_name": null,
            "to_vendor_id": null,
            "to_vendor_name": null,
            "from_project": null,
            "from_project_id": null,
            "to_project": null,
            "to_project_id": null,
            "justification": null,
            "comments": null,
            "balance_type_group": null,
            "database": null,
            "interface_flag": null,
            "budget_entity_id": null,
            "batch_id": null,
            "attribute1": null,
            "attribute2": null,
            "currency_conversion_date": null,
            "currency_conversion_rate": null,
            "organization": null,
            "status": null,
            "object_version_num": null,
            "created_by": null,
            "creation_date": null,
            "last_updated_by": null,
            "last_update_date": null,
            "last_update_login": null,
            "error_message": null,
            "line_number": null,
            "ledger_id": 300000023024587,
            "ledger_name": "ADABC PRIMARY LEDGER",
            "hdr_status": "DRAFT",
            "budget_name": null,
            "batch_name": 28,
            "hdr_justification": null,
            "period_name": "Feb-23",
            "currency_code": null,
            "budget_transfer_type": null
        },
        {
            "rownum": 13,
            "line_id": null,
            "group_id": null,
            "from_account": null,
            "from_account_id": null,
            "to_account": null,
            "to_account_id": null,
            "transfer_amount": null,
            "from_vendor_id": null,
            "from_vendor_name": null,
            "to_vendor_id": null,
            "to_vendor_name": null,
            "from_project": null,
            "from_project_id": null,
            "to_project": null,
            "to_project_id": null,
            "justification": null,
            "comments": null,
            "balance_type_group": null,
            "database": null,
            "interface_flag": null,
            "budget_entity_id": null,
            "batch_id": null,
            "attribute1": null,
            "attribute2": null,
            "currency_conversion_date": null,
            "currency_conversion_rate": null,
            "organization": null,
            "status": null,
            "object_version_num": null,
            "created_by": null,
            "creation_date": null,
            "last_updated_by": null,
            "last_update_date": null,
            "last_update_login": null,
            "error_message": null,
            "line_number": null,
            "ledger_id": null,
            "ledger_name": null,
            "hdr_status": null,
            "budget_name": null,
            "batch_name": 26,
            "hdr_justification": null,
            "period_name": null,
            "currency_code": null,
            "budget_transfer_type": null
        },
        {
            "rownum": 20,
            "line_id": null,
            "group_id": null,
            "from_account": null,
            "from_account_id": null,
            "to_account": null,
            "to_account_id": null,
            "transfer_amount": null,
            "from_vendor_id": null,
            "from_vendor_name": null,
            "to_vendor_id": null,
            "to_vendor_name": null,
            "from_project": null,
            "from_project_id": null,
            "to_project": null,
            "to_project_id": null,
            "justification": null,
            "comments": null,
            "balance_type_group": null,
            "database": null,
            "interface_flag": null,
            "budget_entity_id": null,
            "batch_id": null,
            "attribute1": null,
            "attribute2": null,
            "currency_conversion_date": null,
            "currency_conversion_rate": null,
            "organization": null,
            "status": null,
            "object_version_num": null,
            "created_by": null,
            "creation_date": null,
            "last_updated_by": null,
            "last_update_date": null,
            "last_update_login": null,
            "error_message": null,
            "line_number": null,
            "ledger_id": null,
            "ledger_name": null,
            "hdr_status": null,
            "budget_name": null,
            "batch_name": 25,
            "hdr_justification": null,
            "period_name": null,
            "currency_code": null,
            "budget_transfer_type": null
        },
        {
            "rownum": 1,
            "line_id": null,
            "group_id": null,
            "from_account": null,
            "from_account_id": null,
            "to_account": null,
            "to_account_id": null,
            "transfer_amount": null,
            "from_vendor_id": null,
            "from_vendor_name": null,
            "to_vendor_id": null,
            "to_vendor_name": null,
            "from_project": null,
            "from_project_id": null,
            "to_project": null,
            "to_project_id": null,
            "justification": null,
            "comments": null,
            "balance_type_group": null,
            "database": null,
            "interface_flag": null,
            "budget_entity_id": null,
            "batch_id": null,
            "attribute1": null,
            "attribute2": null,
            "currency_conversion_date": null,
            "currency_conversion_rate": null,
            "organization": null,
            "status": null,
            "object_version_num": null,
            "created_by": null,
            "creation_date": null,
            "last_updated_by": null,
            "last_update_date": null,
            "last_update_login": null,
            "error_message": null,
            "line_number": null,
            "ledger_id": null,
            "ledger_name": null,
            "hdr_status": null,
            "budget_name": null,
            "batch_name": 23,
            "hdr_justification": null,
            "period_name": null,
            "currency_code": null,
            "budget_transfer_type": null
        },
        {
            "rownum": 7,
            "line_id": null,
            "group_id": null,
            "from_account": null,
            "from_account_id": null,
            "to_account": null,
            "to_account_id": null,
            "transfer_amount": null,
            "from_vendor_id": null,
            "from_vendor_name": null,
            "to_vendor_id": null,
            "to_vendor_name": null,
            "from_project": null,
            "from_project_id": null,
            "to_project": null,
            "to_project_id": null,
            "justification": null,
            "comments": null,
            "balance_type_group": null,
            "database": null,
            "interface_flag": null,
            "budget_entity_id": null,
            "batch_id": null,
            "attribute1": null,
            "attribute2": null,
            "currency_conversion_date": null,
            "currency_conversion_rate": null,
            "organization": null,
            "status": null,
            "object_version_num": null,
            "created_by": null,
            "creation_date": null,
            "last_updated_by": null,
            "last_update_date": null,
            "last_update_login": null,
            "error_message": null,
            "line_number": null,
            "ledger_id": null,
            "ledger_name": null,
            "hdr_status": null,
            "budget_name": null,
            "batch_name": 21,
            "hdr_justification": null,
            "period_name": null,
            "currency_code": null,
            "budget_transfer_type": null
        },
        {
            "rownum": 19,
            "line_id": null,
            "group_id": null,
            "from_account": null,
            "from_account_id": null,
            "to_account": null,
            "to_account_id": null,
            "transfer_amount": null,
            "from_vendor_id": null,
            "from_vendor_name": null,
            "to_vendor_id": null,
            "to_vendor_name": null,
            "from_project": null,
            "from_project_id": null,
            "to_project": null,
            "to_project_id": null,
            "justification": null,
            "comments": null,
            "balance_type_group": null,
            "database": null,
            "interface_flag": null,
            "budget_entity_id": null,
            "batch_id": null,
            "attribute1": null,
            "attribute2": null,
            "currency_conversion_date": null,
            "currency_conversion_rate": null,
            "organization": null,
            "status": null,
            "object_version_num": null,
            "created_by": null,
            "creation_date": null,
            "last_updated_by": null,
            "last_update_date": null,
            "last_update_login": null,
            "error_message": null,
            "line_number": null,
            "ledger_id": null,
            "ledger_name": null,
            "hdr_status": null,
            "budget_name": null,
            "batch_name": 19,
            "hdr_justification": null,
            "period_name": null,
            "currency_code": null,
            "budget_transfer_type": null
        },
        {
            "rownum": 6,
            "line_id": null,
            "group_id": null,
            "from_account": null,
            "from_account_id": null,
            "to_account": null,
            "to_account_id": null,
            "transfer_amount": null,
            "from_vendor_id": null,
            "from_vendor_name": null,
            "to_vendor_id": null,
            "to_vendor_name": null,
            "from_project": null,
            "from_project_id": null,
            "to_project": null,
            "to_project_id": null,
            "justification": null,
            "comments": null,
            "balance_type_group": null,
            "database": null,
            "interface_flag": null,
            "budget_entity_id": null,
            "batch_id": null,
            "attribute1": null,
            "attribute2": null,
            "currency_conversion_date": null,
            "currency_conversion_rate": null,
            "organization": null,
            "status": null,
            "object_version_num": null,
            "created_by": null,
            "creation_date": null,
            "last_updated_by": null,
            "last_update_date": null,
            "last_update_login": null,
            "error_message": null,
            "line_number": null,
            "ledger_id": null,
            "ledger_name": null,
            "hdr_status": null,
            "budget_name": null,
            "batch_name": 17,
            "hdr_justification": null,
            "period_name": null,
            "currency_code": null,
            "budget_transfer_type": null
        },
        {
            "rownum": 2,
            "line_id": null,
            "group_id": null,
            "from_account": null,
            "from_account_id": null,
            "to_account": null,
            "to_account_id": null,
            "transfer_amount": null,
            "from_vendor_id": null,
            "from_vendor_name": null,
            "to_vendor_id": null,
            "to_vendor_name": null,
            "from_project": null,
            "from_project_id": null,
            "to_project": null,
            "to_project_id": null,
            "justification": null,
            "comments": null,
            "balance_type_group": null,
            "database": null,
            "interface_flag": null,
            "budget_entity_id": null,
            "batch_id": null,
            "attribute1": null,
            "attribute2": null,
            "currency_conversion_date": null,
            "currency_conversion_rate": null,
            "organization": null,
            "status": null,
            "object_version_num": null,
            "created_by": null,
            "creation_date": null,
            "last_updated_by": null,
            "last_update_date": null,
            "last_update_login": null,
            "error_message": null,
            "line_number": null,
            "ledger_id": null,
            "ledger_name": null,
            "hdr_status": null,
            "budget_name": null,
            "batch_name": 15,
            "hdr_justification": null,
            "period_name": null,
            "currency_code": null,
            "budget_transfer_type": null
        },
        {
            "rownum": 18,
            "line_id": null,
            "group_id": null,
            "from_account": null,
            "from_account_id": null,
            "to_account": null,
            "to_account_id": null,
            "transfer_amount": null,
            "from_vendor_id": null,
            "from_vendor_name": null,
            "to_vendor_id": null,
            "to_vendor_name": null,
            "from_project": null,
            "from_project_id": null,
            "to_project": null,
            "to_project_id": null,
            "justification": null,
            "comments": null,
            "balance_type_group": null,
            "database": null,
            "interface_flag": null,
            "budget_entity_id": null,
            "batch_id": null,
            "attribute1": null,
            "attribute2": null,
            "currency_conversion_date": null,
            "currency_conversion_rate": null,
            "organization": null,
            "status": null,
            "object_version_num": null,
            "created_by": null,
            "creation_date": null,
            "last_updated_by": null,
            "last_update_date": null,
            "last_update_login": null,
            "error_message": null,
            "line_number": null,
            "ledger_id": null,
            "ledger_name": null,
            "hdr_status": null,
            "budget_name": null,
            "batch_name": 13,
            "hdr_justification": null,
            "period_name": null,
            "currency_code": null,
            "budget_transfer_type": null
        },
        {
            "rownum": 5,
            "line_id": null,
            "group_id": null,
            "from_account": null,
            "from_account_id": null,
            "to_account": null,
            "to_account_id": null,
            "transfer_amount": null,
            "from_vendor_id": null,
            "from_vendor_name": null,
            "to_vendor_id": null,
            "to_vendor_name": null,
            "from_project": null,
            "from_project_id": null,
            "to_project": null,
            "to_project_id": null,
            "justification": null,
            "comments": null,
            "balance_type_group": null,
            "database": null,
            "interface_flag": null,
            "budget_entity_id": null,
            "batch_id": null,
            "attribute1": null,
            "attribute2": null,
            "currency_conversion_date": null,
            "currency_conversion_rate": null,
            "organization": null,
            "status": null,
            "object_version_num": null,
            "created_by": null,
            "creation_date": null,
            "last_updated_by": null,
            "last_update_date": null,
            "last_update_login": null,
            "error_message": null,
            "line_number": null,
            "ledger_id": null,
            "ledger_name": null,
            "hdr_status": null,
            "budget_name": null,
            "batch_name": 11,
            "hdr_justification": null,
            "period_name": null,
            "currency_code": null,
            "budget_transfer_type": null
        },
        {
            "rownum": 16,
            "line_id": null,
            "group_id": null,
            "from_account": null,
            "from_account_id": null,
            "to_account": null,
            "to_account_id": null,
            "transfer_amount": null,
            "from_vendor_id": null,
            "from_vendor_name": null,
            "to_vendor_id": null,
            "to_vendor_name": null,
            "from_project": null,
            "from_project_id": null,
            "to_project": null,
            "to_project_id": null,
            "justification": null,
            "comments": null,
            "balance_type_group": null,
            "database": null,
            "interface_flag": null,
            "budget_entity_id": null,
            "batch_id": null,
            "attribute1": null,
            "attribute2": null,
            "currency_conversion_date": null,
            "currency_conversion_rate": null,
            "organization": null,
            "status": null,
            "object_version_num": null,
            "created_by": null,
            "creation_date": null,
            "last_updated_by": null,
            "last_update_date": null,
            "last_update_login": null,
            "error_message": null,
            "line_number": null,
            "ledger_id": null,
            "ledger_name": null,
            "hdr_status": null,
            "budget_name": null,
            "batch_name": 9,
            "hdr_justification": null,
            "period_name": null,
            "currency_code": null,
            "budget_transfer_type": null
        },
        {
            "rownum": 11,
            "line_id": null,
            "group_id": null,
            "from_account": null,
            "from_account_id": null,
            "to_account": null,
            "to_account_id": null,
            "transfer_amount": null,
            "from_vendor_id": null,
            "from_vendor_name": null,
            "to_vendor_id": null,
            "to_vendor_name": null,
            "from_project": null,
            "from_project_id": null,
            "to_project": null,
            "to_project_id": null,
            "justification": null,
            "comments": null,
            "balance_type_group": null,
            "database": null,
            "interface_flag": null,
            "budget_entity_id": null,
            "batch_id": null,
            "attribute1": null,
            "attribute2": null,
            "currency_conversion_date": null,
            "currency_conversion_rate": null,
            "organization": null,
            "status": null,
            "object_version_num": null,
            "created_by": null,
            "creation_date": null,
            "last_updated_by": null,
            "last_update_date": null,
            "last_update_login": null,
            "error_message": null,
            "line_number": null,
            "ledger_id": 333,
            "ledger_name": null,
            "hdr_status": "DRAFT",
            "budget_name": null,
            "batch_name": 5,
            "hdr_justification": null,
            "period_name": null,
            "currency_code": null,
            "budget_transfer_type": null
        },
        {
            "rownum": 10,
            "line_id": null,
            "group_id": null,
            "from_account": null,
            "from_account_id": null,
            "to_account": null,
            "to_account_id": null,
            "transfer_amount": null,
            "from_vendor_id": null,
            "from_vendor_name": null,
            "to_vendor_id": null,
            "to_vendor_name": null,
            "from_project": null,
            "from_project_id": null,
            "to_project": null,
            "to_project_id": null,
            "justification": null,
            "comments": null,
            "balance_type_group": null,
            "database": null,
            "interface_flag": null,
            "budget_entity_id": null,
            "batch_id": null,
            "attribute1": null,
            "attribute2": null,
            "currency_conversion_date": null,
            "currency_conversion_rate": null,
            "organization": null,
            "status": null,
            "object_version_num": null,
            "created_by": null,
            "creation_date": null,
            "last_updated_by": null,
            "last_update_date": null,
            "last_update_login": null,
            "error_message": null,
            "line_number": null,
            "ledger_id": 333,
            "ledger_name": null,
            "hdr_status": "DRAFT",
            "budget_name": null,
            "batch_name": 4,
            "hdr_justification": null,
            "period_name": null,
            "currency_code": null,
            "budget_transfer_type": null
        },
        {
            "rownum": 15,
            "line_id": null,
            "group_id": null,
            "from_account": null,
            "from_account_id": null,
            "to_account": null,
            "to_account_id": null,
            "transfer_amount": null,
            "from_vendor_id": null,
            "from_vendor_name": null,
            "to_vendor_id": null,
            "to_vendor_name": null,
            "from_project": null,
            "from_project_id": null,
            "to_project": null,
            "to_project_id": null,
            "justification": null,
            "comments": null,
            "balance_type_group": null,
            "database": null,
            "interface_flag": null,
            "budget_entity_id": null,
            "batch_id": null,
            "attribute1": null,
            "attribute2": null,
            "currency_conversion_date": null,
            "currency_conversion_rate": null,
            "organization": null,
            "status": null,
            "object_version_num": null,
            "created_by": null,
            "creation_date": null,
            "last_updated_by": null,
            "last_update_date": null,
            "last_update_login": null,
            "error_message": null,
            "line_number": null,
            "ledger_id": 333,
            "ledger_name": null,
            "hdr_status": "DRAFT",
            "budget_name": null,
            "batch_name": 3,
            "hdr_justification": null,
            "period_name": null,
            "currency_code": null,
            "budget_transfer_type": null
        },
        {
            "rownum": 9,
            "line_id": null,
            "group_id": null,
            "from_account": null,
            "from_account_id": null,
            "to_account": null,
            "to_account_id": null,
            "transfer_amount": null,
            "from_vendor_id": null,
            "from_vendor_name": null,
            "to_vendor_id": null,
            "to_vendor_name": null,
            "from_project": null,
            "from_project_id": null,
            "to_project": null,
            "to_project_id": null,
            "justification": null,
            "comments": null,
            "balance_type_group": null,
            "database": null,
            "interface_flag": null,
            "budget_entity_id": null,
            "batch_id": null,
            "attribute1": null,
            "attribute2": null,
            "currency_conversion_date": null,
            "currency_conversion_rate": null,
            "organization": null,
            "status": null,
            "object_version_num": null,
            "created_by": null,
            "creation_date": null,
            "last_updated_by": null,
            "last_update_date": null,
            "last_update_login": null,
            "error_message": null,
            "line_number": null,
            "ledger_id": 333,
            "ledger_name": null,
            "hdr_status": "DRAFT",
            "budget_name": null,
            "batch_name": 2,
            "hdr_justification": null,
            "period_name": null,
            "currency_code": null,
            "budget_transfer_type": null
        }
    ],
    "hasMore": false,
    "limit": 25,
    "offset": 0,
    "count": 20,
    "links": [
        {
            "rel": "self",
            "href": "https://atpdb-dev.adairports.ae/ords/frcJjVXi/fin/bud-trans?onlyData=true"
        },
        {
            "rel": "edit",
            "href": "https://atpdb-dev.adairports.ae/ords/frcJjVXi/fin/bud-trans?onlyData=true"
        },
        {
            "rel": "describedby",
            "href": "https://atpdb-dev.adairports.ae/ords/frcJjVXi/metadata-catalog/fin/item"
        },
        {
            "rel": "first",
            "href": "https://atpdb-dev.adairports.ae/ords/frcJjVXi/fin/bud-trans?onlyData=true"
        }
    ]
}