{
    "items": [
        {
            "period": "2025Q1"
        },
        {
            "period": "2026-W13"
        },
        {
            "period": "2026-W14"
        },
        {
            "period": "2026-W15"
        },
        {
            "period": "2026-W16"
        },
        {
            "period": "2026-W17"
        },
        {
            "period": "2026-W18"
        },
        {
            "period": "2026-W19"
        }
    ],
    "hasMore": false,
    "limit": 1000,
    "offset": 0,
    "count": 8,
    "links": [
        {
            "rel": "self",
            "href": "https://g399b9d54c076b5-fusionpaasdev.adb.us-ashburn-1.oraclecloudapps.com/ords/terext/slotplanning/getperiodlov"
        },
        {
            "rel": "describedby",
            "href": "https://g399b9d54c076b5-fusionpaasdev.adb.us-ashburn-1.oraclecloudapps.com/ords/terext/metadata-catalog/slotplanning/item"
        },
        {
            "rel": "first",
            "href": "https://g399b9d54c076b5-fusionpaasdev.adb.us-ashburn-1.oraclecloudapps.com/ords/terext/slotplanning/getperiodlov"
        }
    ]
}