{
    "items": [
        {
            "ProcurementBU": "US_PROC_USD_BU",
            "ProcurementBUId": 300000002301171,
            "AgentAction": "MANAGE_PURCHASE_ORDERS",
            "links": [
                {
                    "rel": "self",
                    "href": "https://iawmqy-dev2.fa.ocs.oraclecloud.com:443/fscmRestApi/resources/11.13.18.05/procurementBusinessUnitsLOV/00020000000EACED00057708000110D93191DCF30000000EACED00057708000000000000006E",
                    "name": "procurementBusinessUnitsLOV",
                    "kind": "item"
                },
                {
                    "rel": "canonical",
                    "href": "https://iawmqy-dev2.fa.ocs.oraclecloud.com:443/fscmRestApi/resources/11.13.18.05/procurementBusinessUnitsLOV/00020000000EACED00057708000110D93191DCF30000000EACED00057708000000000000006E",
                    "name": "procurementBusinessUnitsLOV",
                    "kind": "item"
                }
            ]
        }
    ],
    "count": 1,
    "hasMore": false,
    "limit": 25,
    "offset": 0,
    "links": [
        {
            "rel": "self",
            "href": "https://iawmqy-dev2.fa.ocs.oraclecloud.com:443/fscmRestApi/resources/11.13.18.05/procurementBusinessUnitsLOV",
            "name": "procurementBusinessUnitsLOV",
            "kind": "collection"
        }
    ]
}