{
    "items": [
        {
            "LookupCode": "ADAC BUDGET 2024",
            "Meaning": "ADAC BUDGET 2024",
            "Description": "Abu Dhabi Airports Company PJSC",
            "EnabledFlag": "Y",
            "StartDateActive": null,
            "EndDateActive": null,
            "DisplaySequence": 1,
            "Tag": "12",
            "CreatedBy": "FIN_USER",
            "CreationDate": "2024-10-18T08:47:18.884+00:00",
            "LastUpdateDate": "2024-10-18T08:50:21.920+00:00",
            "LastUpdateLogin": "22D7A08FE2F59CFAE063E85BE50AD7C3",
            "LastUpdatedBy": "FIN_USER"
        }
    ],
    "count": 1,
    "hasMore": false,
    "limit": 100,
    "offset": 0,
    "links": [
        {
            "rel": "self",
            "href": "https://hcts-test.fa.em2.oraclecloud.com:443/fscmRestApi/resources/11.13.18.05/commonLookups/AG_BUDGET_ENTITY/child/lookupCodes",
            "name": "lookupCodes",
            "kind": "collection"
        }
    ]
}