{
    "openapi": "3.0.0",
    "info": {
        "title": "ORDS generated API for SlotPlanning",
        "version": "1.0.0",
        "x-vb": {
            "serviceType": "openapi",
            "serviceTypeProperties": {
                "sourceUrl": "vb-catalog://backends/ORDSBackend/open-api-catalog/slotplanning"
            }
        }
    },
    "servers": [
        {
            "url": "vb-catalog://backends/ORDSBackend/slotplanning",
            "x-vb": {

                "authentication": {
                    "authenticated": {
                        "type": "basic",
                        "credentials": "vb_596f25bc-4f75-41c7-92d6-4fc1b0abb6f3"
                    }
                },
                "forceProxy": "always",
                "serviceType": "openapi",
                "serviceTypeProperties": {
                    "sourceUrl": "vb-catalog://backends/ORDSBackend/open-api-catalog/slotplanning"
                }
            }
        }
    ],
    "paths": {
        "/deletetabledetails": {
            "post": {
                "description": "Create a new record on SlotPlanning",
                "responses": {
                    "201": {
                        "description": "The successfully created record.",
                        "content": {
                            "application/json": {
                                "schema": {
                                    "$ref": "#/components/schemas/PostDeletetabledetailsResponse"
                                },
                                "examples": {
                                    "vb": {
                                        "summary": "Example stored by VB User",
                                        "externalValue": "./examples/postDeletetabledetails/response_201_application_json_vb.json"
                                    }
                                }
                            }
                        }
                    }
                },
                "parameters": [
                    {
                        "name": "p_slot_number",
                        "in": "query",
                        "schema": {
                            "type": "string"
                        }
                    }
                ],
                "operationId": "postDeletetabledetails"
            }
        },
        "/getConfigNumber": {
            "get": {
                "description": "Retrieve records from SlotPlanning",
                "responses": {
                    "200": {
                        "description": "The queried record.",
                        "content": {
                            "application/json": {
                                "schema": {
                                    "type": "object",
                                    "properties": {
                                        "items": {
                                            "type": "array",
                                            "items": {
                                                "type": "object",
                                                "properties": {
                                                    "config_num": {
                                                        "$ref": "#/components/schemas/NUMBER"
                                                    }
                                                }
                                            }
                                        }
                                    }
                                }
                            }
                        }
                    }
                },
                "parameters": [
                    {
                        "name": "p_platform",
                        "in": "query",
                        "schema": {
                            "type": "string"
                        },
                        "description": "Implicit parameter"
                    },
                    {
                        "name": "p_slot_type",
                        "in": "query",
                        "schema": {
                            "type": "string"
                        },
                        "description": "Implicit parameter"
                    },
                    {
                        "name": "p_system",
                        "in": "query",
                        "schema": {
                            "type": "string"
                        },
                        "description": "Implicit parameter"
                    }
                ],
                "operationId": "getGetConfigNumber"
            }
        },
        "/getcustomernamelov": {
            "get": {
                "description": "Retrieve records from SlotPlanning",
                "responses": {
                    "200": {
                        "description": "The queried record.",
                        "content": {
                            "application/json": {
                                "schema": {
                                    "$ref": "#/components/schemas/GetGetcustomernamelov"
                                },
                                "examples": {
                                    "vb": {
                                        "summary": "Example stored by VB User",
                                        "externalValue": "./examples/getGetcustomernamelov/response_200_application_json_vb.json"
                                    }
                                }
                            }
                        }
                    }
                },
                "parameters": [
                    {
                        "name": "p_searchvalue",
                        "in": "query",
                        "schema": {
                            "type": "string"
                        },
                        "description": "Implicit parameter"
                    }
                ],
                "operationId": "getGetcustomernamelov"
            }
        },
        "/getdashboardtotal": {
            "get": {
                "description": "Retrieve records from SlotPlanning",
                "responses": {
                    "200": {
                        "description": "The queried record.",
                        "content": {
                            "application/json": {
                                "schema": {
                                    "$ref": "#/components/schemas/GetGetdashboardtotal"
                                },
                                "examples": {
                                    "vb": {
                                        "summary": "Example stored by VB User",
                                        "externalValue": "./examples/getGetdashboardtotal/response_200_application_json_vb.json"
                                    }
                                }
                            }
                        }
                    }
                },
                "parameters": [
                    {
                        "name": "p_mrp_qtr",
                        "in": "query",
                        "schema": {
                            "type": "string"
                        },
                        "description": "Implicit parameter"
                    }
                ],
                "operationId": "getGetdashboardtotal"
            }
        },
        "/getexportdetails": {
            "get": {
                "description": "Retrieve records from SlotPlanning",
                "responses": {
                    "200": {
                        "description": "The queried record.",
                        "content": {
                            "application/json": {
                                "schema": {
                                    "$ref": "#/components/schemas/GetGetexportdetails"
                                },
                                "examples": {
                                    "vb": {
                                        "summary": "Example stored by VB User",
                                        "externalValue": "./examples/getGetexportdetails/response_200_application_json_vb.json"
                                    }
                                }
                            }
                        }
                    }
                },
                "parameters": [
                    {
                        "name": "p_customer_name",
                        "in": "query",
                        "schema": {
                            "type": "string"
                        },
                        "description": "Implicit parameter"
                    },
                    {
                        "name": "p_period",
                        "in": "query",
                        "schema": {
                            "type": "string"
                        },
                        "description": "Implicit parameter"
                    },
                    {
                        "name": "p_product_type",
                        "in": "query",
                        "schema": {
                            "type": "string"
                        },
                        "description": "Implicit parameter"
                    },
                    {
                        "name": "p_slot_number",
                        "in": "query",
                        "schema": {
                            "type": "string"
                        },
                        "description": "Implicit parameter"
                    },
                    {
                        "name": "p_slot_type",
                        "in": "query",
                        "schema": {
                            "type": "string"
                        },
                        "description": "Implicit parameter"
                    },
                    {
                        "name": "p_status",
                        "in": "query",
                        "schema": {
                            "type": "string"
                        },
                        "description": "Implicit parameter"
                    }
                ],
                "operationId": "getGetexportdetails"
            }
        },
        "/getexportsearchdetails": {
            "get": {
                "description": "Retrieve records from SlotPlanning",
                "responses": {
                    "200": {
                        "description": "The queried record.",
                        "content": {
                            "application/json": {
                                "schema": {
                                    "$ref": "#/components/schemas/GetGetexportsearchdetails"
                                },
                                "examples": {
                                    "vb": {
                                        "summary": "Example stored by VB User",
                                        "externalValue": "./examples/getGetexportsearchdetails/response_200_application_json_vb.json"
                                    }
                                }
                            }
                        }
                    }
                },
                "parameters": [
                    {
                        "name": "p_searchvalue",
                        "in": "query",
                        "schema": {
                            "type": "string"
                        },
                        "description": "Implicit parameter"
                    }
                ],
                "operationId": "getGetexportsearchdetails"
            }
        },
        "/getfiltersearch": {
            "get": {
                "description": "Retrieve records from SlotPlanning",
                "responses": {
                    "200": {
                        "description": "The queried record.",
                        "content": {
                            "application/json": {
                                "schema": {
                                    "$ref": "#/components/schemas/GetGetfiltersearch"
                                },
                                "examples": {
                                    "vb": {
                                        "summary": "Example stored by VB User",
                                        "externalValue": "./examples/getGetfiltersearch/response_200_application_json_vb.json"
                                    }
                                }
                            }
                        }
                    }
                },
                "parameters": [
                    {
                        "name": "p_customer_name",
                        "in": "query",
                        "schema": {
                            "type": "string"
                        },
                        "description": "Implicit parameter"
                    },
                    {
                        "name": "p_period",
                        "in": "query",
                        "schema": {
                            "type": "string"
                        },
                        "description": "Implicit parameter"
                    },
                    {
                        "name": "p_product_type",
                        "in": "query",
                        "schema": {
                            "type": "string"
                        },
                        "description": "Implicit parameter"
                    },
                    {
                        "name": "p_slot_number",
                        "in": "query",
                        "schema": {
                            "type": "string"
                        },
                        "description": "Implicit parameter"
                    },
                    {
                        "name": "p_slot_type",
                        "in": "query",
                        "schema": {
                            "type": "string"
                        },
                        "description": "Implicit parameter"
                    },
                    {
                        "name": "p_status",
                        "in": "query",
                        "schema": {
                            "type": "string"
                        },
                        "description": "Implicit parameter"
                    }
                ],
                "operationId": "getGetfiltersearch"
            }
        },
        "/getperiodlov": {
            "get": {
                "description": "Retrieve records from SlotPlanning",
                "responses": {
                    "200": {
                        "description": "The queried record.",
                        "content": {
                            "application/json": {
                                "schema": {
                                    "$ref": "#/components/schemas/GetGetperiodlov"
                                },
                                "examples": {
                                    "vb": {
                                        "summary": "Example stored by VB User",
                                        "externalValue": "./examples/getGetperiodlov/response_200_application_json_vb.json"
                                    }
                                }
                            }
                        }
                    }
                },
                "parameters": [
                    {
                        "name": "p_searchvalue",
                        "in": "query",
                        "schema": {
                            "type": "string"
                        },
                        "description": "Implicit parameter"
                    }
                ],
                "operationId": "getGetperiodlov"
            }
        },
        "/getproducttypelov": {
            "get": {
                "description": "Retrieve records from SlotPlanning",
                "responses": {
                    "200": {
                        "description": "The queried record.",
                        "content": {
                            "application/json": {
                                "schema": {
                                    "$ref": "#/components/schemas/GetGetproducttypelov"
                                },
                                "examples": {
                                    "vb": {
                                        "summary": "Example stored by VB User",
                                        "externalValue": "./examples/getGetproducttypelov/response_200_application_json_vb.json"
                                    }
                                }
                            }
                        }
                    }
                },
                "parameters": [
                    {
                        "name": "p_searchvalue",
                        "in": "query",
                        "schema": {
                            "type": "string"
                        },
                        "description": "Implicit parameter"
                    }
                ],
                "operationId": "getGetproducttypelov"
            }
        },
        "/getquarterdetails": {
            "get": {
                "description": "Retrieve records from SlotPlanning",
                "responses": {
                    "200": {
                        "description": "The queried record.",
                        "content": {
                            "application/json": {
                                "schema": {
                                    "$ref": "#/components/schemas/GetGetquarterdetails"
                                },
                                "examples": {
                                    "vb": {
                                        "summary": "Example stored by VB User",
                                        "externalValue": "./examples/getGetquarterdetails/response_200_application_json_vb.json"
                                    }
                                }
                            }
                        }
                    }
                },
                "parameters": [
                    {
                        "name": "p_searchvalue",
                        "in": "query",
                        "schema": {
                            "type": "string"
                        },
                        "description": "Implicit parameter"
                    }
                ],
                "operationId": "getGetquarterdetails"
            }
        },
        "/getsearchtable": {
            "get": {
                "description": "Retrieve records from SlotPlanning",
                "responses": {
                    "200": {
                        "description": "The queried record.",
                        "content": {
                            "application/json": {
                                "schema": {
                                    "$ref": "#/components/schemas/GetGetsearchtable"
                                },
                                "examples": {
                                    "vb": {
                                        "summary": "Example stored by VB User",
                                        "externalValue": "./examples/getGetsearchtable/response_200_application_json_vb.json"
                                    }
                                }
                            }
                        }
                    }
                },
                "parameters": [
                    {
                        "name": "p_searchvalue",
                        "in": "query",
                        "schema": {
                            "type": "string"
                        },
                        "description": "Implicit parameter"
                    }
                ],
                "operationId": "getGetsearchtable"
            }
        },
        "/getslotnumberlov": {
            "get": {
                "description": "Retrieve records from SlotPlanning",
                "responses": {
                    "200": {
                        "description": "The queried record.",
                        "content": {
                            "application/json": {
                                "schema": {
                                    "$ref": "#/components/schemas/GetGetslotnumberlov"
                                },
                                "examples": {
                                    "vb": {
                                        "summary": "Example stored by VB User",
                                        "externalValue": "./examples/getGetslotnumberlov/response_200_application_json_vb.json"
                                    }
                                }
                            }
                        }
                    }
                },
                "parameters": [
                    {
                        "name": "p_searchvalue",
                        "in": "query",
                        "schema": {
                            "type": "string"
                        },
                        "description": "Implicit parameter"
                    }
                ],
                "operationId": "getGetslotnumberlov"
            }
        },
        "/getslotstatuslov": {
            "get": {
                "description": "Retrieve records from SlotPlanning",
                "responses": {
                    "200": {
                        "description": "The queried record.",
                        "content": {
                            "application/json": {
                                "schema": {
                                    "$ref": "#/components/schemas/GetGetslotstatuslov"
                                },
                                "examples": {
                                    "vb": {
                                        "summary": "Example stored by VB User",
                                        "externalValue": "./examples/getGetslotstatuslov/response_200_application_json_vb.json"
                                    }
                                }
                            }
                        }
                    }
                },
                "parameters": [
                    {
                        "name": "p_searchvalue",
                        "in": "query",
                        "schema": {
                            "type": "string"
                        },
                        "description": "Implicit parameter"
                    }
                ],
                "operationId": "getGetslotstatuslov"
            }
        },
        "/getslottypelov": {
            "get": {
                "description": "Retrieve records from SlotPlanning",
                "responses": {
                    "200": {
                        "description": "The queried record.",
                        "content": {
                            "application/json": {
                                "schema": {
                                    "$ref": "#/components/schemas/GetGetslottypelov"
                                },
                                "examples": {
                                    "vb": {
                                        "summary": "Example stored by VB User",
                                        "externalValue": "./examples/getGetslottypelov/response_200_application_json_vb.json"
                                    }
                                }
                            }
                        }
                    }
                },
                "parameters": [
                    {
                        "name": "p_searchvalue",
                        "in": "query",
                        "schema": {
                            "type": "string"
                        },
                        "description": "Implicit parameter"
                    }
                ],
                "operationId": "getGetslottypelov"
            }
        },
        "/planDetailsTableAction": {
            "get": {
                "description": "Retrieve records from SlotPlanning",
                "responses": {
                    "200": {
                        "description": "The queried record.",
                        "content": {
                            "application/json": {
                                "schema": {
                                    "type": "object",
                                    "properties": {
                                        "items": {
                                            "type": "array",
                                            "items": {
                                                "type": "object",
                                                "properties": {
                                                    "slot_number": {
                                                        "$ref": "#/components/schemas/VARCHAR2"
                                                    }
                                                }
                                            }
                                        }
                                    }
                                }
                            }
                        }
                    }
                },
                "parameters": [
                    {
                        "name": "p_searchvalue",
                        "in": "query",
                        "schema": {
                            "type": "string"
                        },
                        "description": "Implicit parameter"
                    }
                ],
                "operationId": "getPlanDetailsTableAction"
            },
            "post": {
                "description": "Create a new record on SlotPlanning",
                "responses": {
                    "201": {
                        "description": "The successfully created record.",
                        "content": {
                            "application/json": {
                                "schema": {
                                    "type": "object",
                                    "properties": {
                                        "p_message": {
                                            "type": "string"
                                        },
                                        "p_rows_out": {
                                            "type": "string"
                                        },
                                        "p_status": {
                                            "type": "string"
                                        }
                                    }
                                }
                            }
                        }
                    }
                },
                "parameters": [],
                "requestBody": {
                    "content": {
                        "application/json": {
                            "schema": {
                                "$ref": "#/components/schemas/slotplanning_ITEM"
                            }
                        }
                    }
                },
                "operationId": "postPlanDetailsTableAction"
            }
        }

    },
    "components": {
        "schemas": {
            "DATE": {
                "type": "string",
                "format": "date-time",
                "pattern": "^\\d{4}-[01]\\d-[0123]\\dT[012]\\d:[0-5]\\d:[0-5]\\d(.\\d+)?(Z|([-+][012]\\d:[0-5]\\d))$"
            },
            "NUMBER": {
                "type": "number"
            },
            "STRING": {
                "type": "string"
            },
            "VARCHAR2": {
                "type": "string"
            },
            "slotplanning_ITEM": {
                "properties": {
                    "body": {
                        "type": "string"
                    }
                }
            },
            "GetGetsearchtable": {
                "type": "object",
                "properties": {
                    "items": {
                        "type": "array",
                        "items": {
                            "type": "object",
                            "properties": {
                                "slot_id": {
                                    "type": "integer"
                                },
                                "slot_number": {
                                    "type": "string"
                                },
                                "pd_qtr": {
                                    "type": "string"
                                },
                                "platform": {
                                    "type": "string"
                                },
                                "system": {
                                    "type": "string"
                                },
                                "slot_type": {
                                    "type": "string"
                                },
                                "slot_status": {
                                    "type": "string"
                                },
                                "demand_class": {
                                    "type": "string"
                                },
                                "customer": {
                                    "type": "string"
                                },
                                "customer_id": {
                                    "type": "integer"
                                },
                                "customer_site_id": {
                                    "type": "integer"
                                },
                                "config_number": {
                                    "type": "integer"
                                },
                                "partial_flag": {
                                    "type": "string"
                                },
                                "schedule_date": {
                                    "type": "string"
                                },
                                "promised_date": {
                                    "type": "string"
                                },
                                "mrp_qtr": {
                                    "type": "string"
                                },
                                "sf_flag": {
                                    "type": "string"
                                },
                                "bi_flag": {
                                    "type": "string"
                                },
                                "notication_flag": {
                                    "type": "string"
                                },
                                "source": {
                                    "type": "string"
                                },
                                "read_only": {
                                    "type": "string"
                                },
                                "created_by": {
                                    "type": "string"
                                },
                                "created_date": {
                                    "type": "string"
                                },
                                "updated_by": {
                                    "type": "string"
                                },
                                "updated_date": {
                                    "type": "string"
                                },
                                "planning_organization": {
                                    "nullable": true
                                },
                                "manufacture": {
                                    "nullable": true
                                },
                                "manufacture_site": {
                                    "nullable": true
                                },
                                "operation_comments": {
                                    "nullable": true
                                },
                                "marketing_comments": {
                                    "nullable": true
                                }
                            }
                        }
                    },
                    "hasMore": {
                        "type": "boolean"
                    },
                    "limit": {
                        "type": "integer"
                    },
                    "offset": {
                        "type": "integer"
                    },
                    "count": {
                        "type": "integer"
                    },
                    "links": {
                        "type": "array",
                        "items": {
                            "type": "object",
                            "properties": {
                                "rel": {
                                    "type": "string"
                                },
                                "href": {
                                    "type": "string"
                                }
                            }
                        }
                    }
                }
            },
            "GetGetdashboardtotal": {
                "type": "object",
                "properties": {
                    "items": {
                        "type": "array",
                        "items": {
                            "type": "object",
                            "properties": {
                                "total_count": {
                                    "type": "integer"
                                },
                                "open_count": {
                                    "type": "integer"
                                },
                                "identified_count": {
                                    "type": "integer"
                                },
                                "booked_count": {
                                    "type": "integer"
                                },
                                "shipped_count": {
                                    "type": "integer"
                                }
                            }
                        }
                    },
                    "hasMore": {
                        "type": "boolean"
                    },
                    "limit": {
                        "type": "integer"
                    },
                    "offset": {
                        "type": "integer"
                    },
                    "count": {
                        "type": "integer"
                    },
                    "links": {
                        "type": "array",
                        "items": {
                            "type": "object",
                            "properties": {
                                "rel": {
                                    "type": "string"
                                },
                                "href": {
                                    "type": "string"
                                }
                            }
                        }
                    }
                }
            },
            "GetGetexportdetails": {
                "type": "object",
                "properties": {
                    "items": {
                        "type": "array",
                        "items": {
                            "type": "object",
                            "properties": {
                                "s_number": {
                                    "type": "integer"
                                },
                                "slot_id": {
                                    "type": "integer"
                                },
                                "slot_number": {
                                    "type": "string"
                                },
                                "pd_qtr": {
                                    "type": "string"
                                },
                                "platform": {
                                    "type": "string"
                                },
                                "system": {
                                    "type": "string"
                                },
                                "slot_type": {
                                    "type": "string"
                                },
                                "slot_status": {
                                    "type": "string"
                                },
                                "customer": {
                                    "type": "string"
                                },
                                "part_number": {
                                    "type": "integer"
                                },
                                "part_description": {
                                    "type": "string"
                                },
                                "quantity": {
                                    "type": "integer"
                                },
                                "promise_date": {
                                    "nullable": true
                                },
                                "sales_order": {
                                    "type": "string"
                                },
                                "planning_organization": {
                                    "type": "string"
                                },
                                "mfr": {
                                    "type": "string"
                                },
                                "mfr_site": {
                                    "type": "string"
                                },
                                "actual_date": {
                                    "type": "string"
                                },
                                "forecast_name": {
                                    "type": "string"
                                },
                                "revenue": {
                                    "type": "string"
                                },
                                "config_number": {
                                    "type": "string"
                                },
                                "request_number": {
                                    "type": "string"
                                },
                                "customer_date": {
                                    "type": "string"
                                },
                                "marketing_comments": {
                                    "type": "string"
                                },
                                "operations_comments": {
                                    "type": "string"
                                },
                                "sub_division": {
                                    "type": "string"
                                },
                                "rfc_type": {
                                    "type": "string"
                                },
                                "system_count": {
                                    "type": "string"
                                },
                                "revenue_system_count": {
                                    "type": "integer"
                                },
                                "system_count_adj": {
                                    "type": "integer"
                                },
                                "revenue_adj": {
                                    "type": "integer"
                                },
                                "cogs_adj": {
                                    "type": "integer"
                                },
                                "revenue_qtr": {
                                    "type": "string"
                                },
                                "adjustment_comment": {
                                    "type": "string"
                                },
                                "finance_comments": {
                                    "type": "string"
                                }
                            }
                        }
                    },
                    "hasMore": {
                        "type": "boolean"
                    },
                    "limit": {
                        "type": "integer"
                    },
                    "offset": {
                        "type": "integer"
                    },
                    "count": {
                        "type": "integer"
                    },
                    "links": {
                        "type": "array",
                        "items": {
                            "type": "object",
                            "properties": {
                                "rel": {
                                    "type": "string"
                                },
                                "href": {
                                    "type": "string"
                                }
                            }
                        }
                    }
                }
            },
            "GetGetcustomernamelov": {
                "type": "object",
                "properties": {
                    "items": {
                        "type": "array",
                        "items": {
                            "type": "object",
                            "properties": {
                                "customer_name": {
                                    "type": "string"
                                }
                            }
                        }
                    },
                    "hasMore": {
                        "type": "boolean"
                    },
                    "limit": {
                        "type": "integer"
                    },
                    "offset": {
                        "type": "integer"
                    },
                    "count": {
                        "type": "integer"
                    },
                    "links": {
                        "type": "array",
                        "items": {
                            "type": "object",
                            "properties": {
                                "rel": {
                                    "type": "string"
                                },
                                "href": {
                                    "type": "string"
                                }
                            }
                        }
                    }
                }
            },
            "GetGetperiodlov": {
                "type": "object",
                "properties": {
                    "items": {
                        "type": "array",
                        "items": {
                            "type": "object",
                            "properties": {
                                "period": {
                                    "type": "string"
                                }
                            }
                        }
                    },
                    "hasMore": {
                        "type": "boolean"
                    },
                    "limit": {
                        "type": "integer"
                    },
                    "offset": {
                        "type": "integer"
                    },
                    "count": {
                        "type": "integer"
                    },
                    "links": {
                        "type": "array",
                        "items": {
                            "type": "object",
                            "properties": {
                                "rel": {
                                    "type": "string"
                                },
                                "href": {
                                    "type": "string"
                                }
                            }
                        }
                    }
                }
            },
            "GetGetproducttypelov": {
                "type": "object",
                "properties": {
                    "items": {
                        "type": "array",
                        "items": {
                            "type": "object",
                            "properties": {
                                "product_type": {
                                    "type": "string"
                                }
                            }
                        }
                    },
                    "hasMore": {
                        "type": "boolean"
                    },
                    "limit": {
                        "type": "integer"
                    },
                    "offset": {
                        "type": "integer"
                    },
                    "count": {
                        "type": "integer"
                    },
                    "links": {
                        "type": "array",
                        "items": {
                            "type": "object",
                            "properties": {
                                "rel": {
                                    "type": "string"
                                },
                                "href": {
                                    "type": "string"
                                }
                            }
                        }
                    }
                }
            },
            "GetGetquarterdetails": {
                "type": "object",
                "properties": {
                    "items": {
                        "type": "array",
                        "items": {
                            "type": "object",
                            "properties": {
                                "quarter": {
                                    "type": "string"
                                }
                            }
                        }
                    },
                    "hasMore": {
                        "type": "boolean"
                    },
                    "limit": {
                        "type": "integer"
                    },
                    "offset": {
                        "type": "integer"
                    },
                    "count": {
                        "type": "integer"
                    },
                    "links": {
                        "type": "array",
                        "items": {
                            "type": "object",
                            "properties": {
                                "rel": {
                                    "type": "string"
                                },
                                "href": {
                                    "type": "string"
                                }
                            }
                        }
                    }
                }
            },
            "GetGetslotnumberlov": {
                "type": "object",
                "properties": {
                    "items": {
                        "type": "array",
                        "items": {
                            "type": "object",
                            "properties": {
                                "slot_number": {
                                    "type": "string"
                                }
                            }
                        }
                    },
                    "hasMore": {
                        "type": "boolean"
                    },
                    "limit": {
                        "type": "integer"
                    },
                    "offset": {
                        "type": "integer"
                    },
                    "count": {
                        "type": "integer"
                    },
                    "links": {
                        "type": "array",
                        "items": {
                            "type": "object",
                            "properties": {
                                "rel": {
                                    "type": "string"
                                },
                                "href": {
                                    "type": "string"
                                }
                            }
                        }
                    }
                }
            },
            "GetGetslotstatuslov": {
                "type": "object",
                "properties": {
                    "items": {
                        "type": "array",
                        "items": {
                            "type": "object",
                            "properties": {
                                "status": {
                                    "type": "string"
                                }
                            }
                        }
                    },
                    "hasMore": {
                        "type": "boolean"
                    },
                    "limit": {
                        "type": "integer"
                    },
                    "offset": {
                        "type": "integer"
                    },
                    "count": {
                        "type": "integer"
                    },
                    "links": {
                        "type": "array",
                        "items": {
                            "type": "object",
                            "properties": {
                                "rel": {
                                    "type": "string"
                                },
                                "href": {
                                    "type": "string"
                                }
                            }
                        }
                    }
                }
            },
            "GetGetslottypelov": {
                "type": "object",
                "properties": {
                    "items": {
                        "type": "array",
                        "items": {
                            "type": "object",
                            "properties": {
                                "slot_type": {
                                    "type": "string"
                                }
                            }
                        }
                    },
                    "hasMore": {
                        "type": "boolean"
                    },
                    "limit": {
                        "type": "integer"
                    },
                    "offset": {
                        "type": "integer"
                    },
                    "count": {
                        "type": "integer"
                    },
                    "links": {
                        "type": "array",
                        "items": {
                            "type": "object",
                            "properties": {
                                "rel": {
                                    "type": "string"
                                },
                                "href": {
                                    "type": "string"
                                }
                            }
                        }
                    }
                }
            },
            "PostDeletetabledetailsResponse": {
                "type": "object",
                "properties": {
                    "o_status": {
                        "type": "string"
                    }
                }
            },
            "GetGetfiltersearch": {
                "type": "object",
                "properties": {
                    "items": {
                        "type": "array",
                        "items": {
                            "type": "object",
                            "properties": {
                                "slot_id": {
                                    "type": "integer"
                                },
                                "slot_number": {
                                    "type": "string"
                                },
                                "pd_qtr": {
                                    "type": "string"
                                },
                                "platform": {
                                    "type": "string"
                                },
                                "system": {
                                    "type": "string"
                                },
                                "slot_type": {
                                    "type": "string"
                                },
                                "slot_status": {
                                    "type": "string"
                                },
                                "demand_class": {
                                    "type": "string"
                                },
                                "customer": {
                                    "type": "string"
                                },
                                "customer_id": {
                                    "type": "integer"
                                },
                                "customer_site_id": {
                                    "type": "integer"
                                },
                                "config_number": {
                                    "type": "integer"
                                },
                                "partial_flag": {
                                    "type": "string"
                                },
                                "schedule_date": {
                                    "type": "string"
                                },
                                "promised_date": {
                                    "type": "string"
                                },
                                "mrp_qtr": {
                                    "type": "string"
                                },
                                "sf_flag": {
                                    "type": "string"
                                },
                                "bi_flag": {
                                    "type": "string"
                                },
                                "notication_flag": {
                                    "type": "string"
                                },
                                "source": {
                                    "type": "string"
                                },
                                "read_only": {
                                    "type": "string"
                                },
                                "created_by": {
                                    "type": "string"
                                },
                                "created_date": {
                                    "type": "string"
                                },
                                "updated_by": {
                                    "type": "string"
                                },
                                "updated_date": {
                                    "type": "string"
                                },
                                "planning_organization": {
                                    "nullable": true
                                },
                                "manufacture": {
                                    "nullable": true
                                },
                                "manufacture_site": {
                                    "nullable": true
                                },
                                "operation_comments": {
                                    "nullable": true
                                },
                                "marketing_comments": {
                                    "nullable": true
                                }
                            }
                        }
                    },
                    "hasMore": {
                        "type": "boolean"
                    },
                    "limit": {
                        "type": "integer"
                    },
                    "offset": {
                        "type": "integer"
                    },
                    "count": {
                        "type": "integer"
                    },
                    "links": {
                        "type": "array",
                        "items": {
                            "type": "object",
                            "properties": {
                                "rel": {
                                    "type": "string"
                                },
                                "href": {
                                    "type": "string"
                                }
                            }
                        }
                    }
                }
            },
            "GetGetexportsearchdetails": {
                "type": "object",
                "properties": {
                    "items": {
                        "type": "array",
                        "items": {
                            "type": "object",
                            "properties": {
                                "s_number": {
                                    "type": "integer"
                                },
                                "slot_id": {
                                    "type": "integer"
                                },
                                "slot_number": {
                                    "type": "string"
                                },
                                "pd_qtr": {
                                    "type": "string"
                                },
                                "platform": {
                                    "type": "string"
                                },
                                "system": {
                                    "type": "string"
                                },
                                "slot_type": {
                                    "type": "string"
                                },
                                "slot_status": {
                                    "type": "string"
                                },
                                "customer": {
                                    "type": "string"
                                },
                                "part_number": {
                                    "type": "integer"
                                },
                                "part_description": {
                                    "type": "string"
                                },
                                "quantity": {
                                    "type": "integer"
                                },
                                "promise_date": {
                                    "nullable": true
                                },
                                "sales_order": {
                                    "type": "string"
                                },
                                "planning_organization": {
                                    "type": "string"
                                },
                                "mfr": {
                                    "type": "string"
                                },
                                "mfr_site": {
                                    "type": "string"
                                },
                                "actual_date": {
                                    "type": "string"
                                },
                                "forecast_name": {
                                    "type": "string"
                                },
                                "revenue": {
                                    "type": "string"
                                },
                                "config_number": {
                                    "type": "string"
                                },
                                "request_number": {
                                    "type": "string"
                                },
                                "customer_date": {
                                    "type": "string"
                                },
                                "marketing_comments": {
                                    "type": "string"
                                },
                                "operations_comments": {
                                    "type": "string"
                                },
                                "sub_division": {
                                    "type": "string"
                                },
                                "rfc_type": {
                                    "type": "string"
                                },
                                "system_count": {
                                    "type": "string"
                                },
                                "revenue_system_count": {
                                    "type": "integer"
                                },
                                "system_count_adj": {
                                    "type": "integer"
                                },
                                "revenue_adj": {
                                    "type": "integer"
                                },
                                "cogs_adj": {
                                    "type": "integer"
                                },
                                "revenue_qtr": {
                                    "type": "string"
                                },
                                "adjustment_comment": {
                                    "type": "string"
                                },
                                "finance_comments": {
                                    "type": "string"
                                }
                            }
                        }
                    },
                    "hasMore": {
                        "type": "boolean"
                    },
                    "limit": {
                        "type": "integer"
                    },
                    "offset": {
                        "type": "integer"
                    },
                    "count": {
                        "type": "integer"
                    },
                    "links": {
                        "type": "array",
                        "items": {
                            "type": "object",
                            "properties": {
                                "rel": {
                                    "type": "string"
                                },
                                "href": {
                                    "type": "string"
                                }
                            }
                        }
                    }
                }
            }
        }
    }
}