{
    "items": [
        {
            "slot_id": 7,
            "slot_number": "UF10013",
            "pd_qtr": "2026-W13",
            "platform": "90SF Manipulator",
            "system": "90SF Manipulator 8 Slot",
            "slot_type": "Upside",
            "slot_status": "Booked",
            "demand_class": "Class1",
            "customer": "Nvidia",
            "customer_id": 203,
            "customer_site_id": 703,
            "config_number": 4003,
            "partial_flag": "Y",
            "schedule_date": "2026-03-30T00:00:00Z",
            "promised_date": "2026-04-03T00:00:00Z",
            "mrp_qtr": "2026-Q2",
            "sf_flag": "N",
            "bi_flag": "Y",
            "notication_flag": "N",
            "source": "Manual",
            "read_only": "Y",
            "created_by": "user2",
            "created_date": "2026-01-06T13:36:04Z",
            "updated_by": "user2",
            "updated_date": "2026-01-06T13:36:04Z"
        },
        {
            "slot_id": 8,
            "slot_number": "UF10014",
            "pd_qtr": "2026-W14",
            "platform": "General Manipulator",
            "system": "General Manipulator 6 Slot",
            "slot_type": "Hot-Lot",
            "slot_status": "Shipped",
            "demand_class": "Class2",
            "customer": "Broadcom",
            "customer_id": 204,
            "customer_site_id": 704,
            "config_number": 4004,
            "partial_flag": "N",
            "schedule_date": "2026-04-06T00:00:00Z",
            "promised_date": "2026-04-10T00:00:00Z",
            "mrp_qtr": "2026-Q2",
            "sf_flag": "N",
            "bi_flag": "N",
            "notication_flag": "Y",
            "source": "Auto",
            "read_only": "N",
            "created_by": "user3",
            "created_date": "2026-01-06T13:36:05Z",
            "updated_by": "user3",
            "updated_date": "2026-01-06T13:36:05Z"
        },
        {
            "slot_id": 9,
            "slot_number": "UF10015",
            "pd_qtr": "2026-W15",
            "platform": "Zero-Pin Sub Category",
            "system": "Zero-Pin Sub Category 24 Slot",
            "slot_type": "Non-Operational Slot",
            "slot_status": "Open",
            "demand_class": "Class1",
            "customer": "Samsung",
            "customer_id": 205,
            "customer_site_id": 705,
            "config_number": 4005,
            "partial_flag": "Y",
            "schedule_date": "2026-04-13T00:00:00Z",
            "promised_date": "2026-04-17T00:00:00Z",
            "mrp_qtr": "2026-Q2",
            "sf_flag": "Y",
            "bi_flag": "N",
            "notication_flag": "N",
            "source": "Manual",
            "read_only": "N",
            "created_by": "user4",
            "created_date": "2026-01-06T13:36:07Z",
            "updated_by": "user4",
            "updated_date": "2026-01-06T13:36:07Z"
        },
        {
            "slot_id": 10,
            "slot_number": "UF10016",
            "pd_qtr": "2026-W16",
            "platform": "Instruments Sub Category",
            "system": "Instruments Sub Category 12 Slot",
            "slot_type": "Revenue",
            "slot_status": "Identified",
            "demand_class": "Class2",
            "customer": "AMD",
            "customer_id": 206,
            "customer_site_id": 706,
            "config_number": 4006,
            "partial_flag": "N",
            "schedule_date": "2026-04-20T00:00:00Z",
            "promised_date": "2026-04-24T00:00:00Z",
            "mrp_qtr": "2026-Q2",
            "sf_flag": "N",
            "bi_flag": "Y",
            "notication_flag": "Y",
            "source": "Auto",
            "read_only": "Y",
            "created_by": "user5",
            "created_date": "2026-01-06T13:36:08Z",
            "updated_by": "user5",
            "updated_date": "2026-01-06T13:36:08Z"
        },
        {
            "slot_id": 11,
            "slot_number": "UF10017",
            "pd_qtr": "2026-W17",
            "platform": "UltraFLEX",
            "system": "UltraFLEX 8 Slot",
            "slot_type": "Tuse",
            "slot_status": "Booked",
            "demand_class": "Class1",
            "customer": "Texas Instruments",
            "customer_id": 207,
            "customer_site_id": 707,
            "config_number": 4007,
            "partial_flag": "Y",
            "schedule_date": "2026-04-27T00:00:00Z",
            "promised_date": "2026-05-01T00:00:00Z",
            "mrp_qtr": "2026-Q2",
            "sf_flag": "N",
            "bi_flag": "N",
            "notication_flag": "N",
            "source": "Manual",
            "read_only": "N",
            "created_by": "user6",
            "created_date": "2026-01-06T13:36:09Z",
            "updated_by": "user6",
            "updated_date": "2026-01-06T13:36:09Z"
        },
        {
            "slot_id": 12,
            "slot_number": "UF10018",
            "pd_qtr": "2026-W18",
            "platform": "UltraFLEX+",
            "system": "UltraFLEX+ 24 Slot",
            "slot_type": "Upside",
            "slot_status": "Shipped",
            "demand_class": "Class2",
            "customer": "Micron Technology",
            "customer_id": 208,
            "customer_site_id": 708,
            "config_number": 4008,
            "partial_flag": "N",
            "schedule_date": "2026-05-04T00:00:00Z",
            "promised_date": "2026-05-08T00:00:00Z",
            "mrp_qtr": "2026-Q2",
            "sf_flag": "Y",
            "bi_flag": "N",
            "notication_flag": "N",
            "source": "Auto",
            "read_only": "N",
            "created_by": "user7",
            "created_date": "2026-01-06T13:36:10Z",
            "updated_by": "user7",
            "updated_date": "2026-01-06T13:36:10Z"
        },
        {
            "slot_id": 13,
            "slot_number": "UF10019",
            "pd_qtr": "2026-W19",
            "platform": "J750",
            "system": "J750 6 Slot",
            "slot_type": "Hot-Lot",
            "slot_status": "Open",
            "demand_class": "Class1",
            "customer": "Infineon",
            "customer_id": 209,
            "customer_site_id": 709,
            "config_number": 4009,
            "partial_flag": "Y",
            "schedule_date": "2026-05-11T00:00:00Z",
            "promised_date": "2026-05-15T00:00:00Z",
            "mrp_qtr": "2026-Q2",
            "sf_flag": "N",
            "bi_flag": "Y",
            "notication_flag": "N",
            "source": "Manual",
            "read_only": "N",
            "created_by": "user8",
            "created_date": "2026-01-06T13:36:10Z",
            "updated_by": "user8",
            "updated_date": "2026-01-06T13:36:10Z"
        },
        {
            "slot_id": 21,
            "slot_number": "UF10105",
            "pd_qtr": "2025Q1",
            "platform": "UltraFLEX+",
            "system": "UltraFLEX+ 24 Slot",
            "slot_type": "Revenue",
            "slot_status": "Open",
            "demand_class": "Class1",
            "customer": "Qualcomm",
            "customer_id": 201,
            "customer_site_id": 701,
            "config_number": 4001,
            "partial_flag": "N",
            "schedule_date": "2026-03-16T00:00:00Z",
            "promised_date": "2026-03-20T00:00:00Z",
            "mrp_qtr": "2026-Q1",
            "sf_flag": "N",
            "bi_flag": "N",
            "notication_flag": "N",
            "source": "Manual",
            "read_only": "N",
            "created_by": "admin",
            "created_date": "2026-01-13T13:03:16Z",
            "updated_by": "admin",
            "updated_date": "2026-01-13T13:03:16Z"
        }
    ],
    "hasMore": false,
    "limit": 1000,
    "offset": 0,
    "count": 8,
    "links": [
        {
            "rel": "self",
            "href": "https://g399b9d54c076b5-fusionpaasdev.adb.us-ashburn-1.oraclecloudapps.com/ords/terext/slotplanning/getfiltersearch"
        },
        {
            "rel": "describedby",
            "href": "https://g399b9d54c076b5-fusionpaasdev.adb.us-ashburn-1.oraclecloudapps.com/ords/terext/metadata-catalog/slotplanning/item"
        },
        {
            "rel": "first",
            "href": "https://g399b9d54c076b5-fusionpaasdev.adb.us-ashburn-1.oraclecloudapps.com/ords/terext/slotplanning/getfiltersearch"
        }
    ]
}