{
  "id": "buyer-po",
  "description": "Flow main",
  "defaultPage": "bpa-search",
  "services": {},
  "types": {
    "@decorators.getPODetails": {
      "endpoint": "getPODetails",
      "service": "ords",
      "path": "response"
    },
    "@decorators.getPurchaseAgreement": {
      "endpoint": "getPurchaseAgreement",
      "service": "fscm_conn",
      "path": "response"
    },
    "@decorators.getSuppliers": {
      "endpoint": "getSuppliers",
      "service": "fscm_conn",
      "path": "response"
    },
    "defaultLOV": {
      "label": "string",
      "value": "string"
    },
    "CreateActionHistoryType": {
      "ACTION_CODE": "string",
      "ACTION_DATE": "string",
      "ASSIGNMENT_DATE": "string",
      "CORRELATION_ID": "string",
      "EMAIL_MESSAGE_ID": "string",
      "INCOMPLETE_ERROR_MESSAGE": "string",
      "LAST_UPDATED_BY": "string",
      "NOTE": "string",
      "OBJECT_ID": "string",
      "OBJECT_SUB_TYPE_CODE": "string",
      "OBJECT_TYPE_CODE": "string",
      "OBJECT_VERSION_NUMBER": "string",
      "P_PO_NUMBER": "string",
      "PERFORMER_ID": "string",
      "PERFORMER_NAME": "string",
      "PO_VERSION_ID": "string",
      "REQUEST_ID": "string",
      "ROLE_CODE": "string",
      "SEQUENCE_NUM": "string"

    },
    "getPODetails": {
      "acknowledge_within_days": "any",
      "attribute_category": "any",
      "attribute1": "any",
      "attribute10": "any",
      "attribute2": "any",
      "attribute3": "any",
      "attribute4": "any",
      "attribute5": "any",
      "attribute6": "any",
      "attribute7": "any",
      "attribute8": "any",
      "attribute9": "any",
      "bill_to_bu": "any",
      "bill_to_location": "string",
      "buyer_id": "any",
      "buyer_name": "string",
      "change_order_description": "any",
      "change_order_num": "any",
      "change_type": "any",
      "communication_method": "any",
      "communication_value": "any",
      "created_by": "string",
      "creation_date": "string",
      "currency_code": "any",
      "document_type_code": "any",
      "fob": "string",
      "freight_terms": "string",
      "functional_currency": "any",
      "initiating_party": "any",
      "lines": [
        {
          "amount": "any",
          "attribute_category": "any",
          "attribute1": "string",
          "attribute2": "any",
          "attribute3": "any",
          "attribute4": "any",
          "attribute5": "any",
          "category_name": "any",
          "change_type": "any",
          "cost_type_desc": "any",
          "created_by": "any",
          "creation_date": "string",
          "extended_price": "any",
          "item_cost": "any",
          "item_description": "string",
          "item_number": "string",
          "item_revision": "any",
          "late_rev": "any",
          "line_num": "any",
          "line_type": "any",
          "material_cost": "any",
          "naics_code": "any",
          "need_by_date": "any",
          "note_to_receiver": "any",
          "note_to_supplier": "any",
          "object_version": "any",
          "open_quantity": "any",
          "ordered_quantity": "number",
          "organization_code": "string",
          "po_line_cancel_date": "any",
          "po_line_cancel_flag": "any",
          "po_line_cancel_reason": "any",
          "po_line_cancelled_by": "any",
          "po_line_closed_date": "any",
          "po_line_created_by": "any",
          "po_line_creation_date": "any",
          "po_line_last_update_date": "any",
          "po_line_last_updated_by": "any",
          "po_line_status": "any",
          "price": "number",
          "request_line_id": "number",
          "uom": "string",
          "updated_by": "any",
          "updated_date": "string"

        }
      ],
      "note_to_receiver": "string",
      "note_to_supplier": "string",
      "object_version": "any",
      "payment_terms": "string",
      "po_comments": "any",
      "po_header_id": "any",
      "po_number": "any",
      "po_status": "string",
      "po_style": "string",
      "procurement_bu": "string",
      "rate": "any",
      "rate_date": "any",
      "rate_type": "any",
      "request_id": "number",
      "required_acknowledgment": "any",
      "requisitioning_bu": "string",
      "sequencenumber": "any",
      "ship_address1": "any",
      "ship_address2": "any",
      "ship_address3": "any",
      "ship_city": "any",
      "ship_country": "any",
      "ship_state": "any",
      "ship_to_location": "string",
      "ship_to_tax": "any",
      "ship_zip": "any",
      "shipment_method": "any",
      "shipping_contact": "string",
      "shipping_instruction": "string",
      "shipping_method": "any",
      "sold_to_legal_entity": "string",
      "supplier": "string",
      "supplier_contact": "string",
      "supplier_contact_id": "any",
      "supplier_id": "number",
      "supplier_site": "string",
      "supplier_site_id": "number",
      "updated_by": "string",
      "updated_date": "string"

    },
    "getPurchaseAgreement": {
      "AcknowledgmentDueDate": "any",
      "AcknowledgmentWithinDays": "any",
      "AgingOnsetPoint": "string",
      "AgingOnsetPointCode": "string",
      "AgingPeriodDays": "any",
      "AgreementAmount": "number",
      "AgreementHeaderId": "number",
      "AgreementNumber": "string",
      "AllowUnassignedSitesFlag": "boolean",
      "AmountLimit": "number",
      "AutomaticallyGenerateOrdersFlag": "boolean",
      "AutomaticallySubmitForApprovalFlag": "boolean",
      "businessUnitAccess":  [
          {
            "BillToBU": "string",
            "BilltoBUId": "number",
            "BillToLocation": "string",
            "BillToLocationId": "number",
            "CreatedBy": "string",
            "CreationDate": "string",
            "EnabledFlag": "boolean",
            "LastUpdateDate": "string",
            "LastUpdatedBy": "string",
            "OrderLocallyFlag": "boolean",
            "OrganizationAssignmentId": "number",
            "PurchasingSite": "string",
            "PurchasingSiteId": "number",
            "RequisitioningBU": "string",
            "RequisitioningBUId": "number",
            "ShipToLocation": "string",
            "ShipToLocationCode": "string",
            "ShipToLocationId": "number"
          }
        ],
      "Buyer": "string",
      "BuyerId": "number",
      "BuyerManagedTransportFlag": "boolean",
      "Carrier": "any",
      "CarrierId": "any",
      "Checklist": "any",
      "ClosedDate": "any",
      "CommunicateRepricedOrdersFlag": "boolean",
      "ConfirmingOrderFlag": "boolean",
      "ConsumptionAdviceFrequency": "any",
      "ConsumptionAdviceFrequencyCode": "any",
      "ConsumptionAdviceSummary": "any",
      "ConsumptionAdviceSummaryCode": "any",
      "ConversionRate": "any",
      "ConversionRateDate": "any",
      "ConversionRateTypeCode": "any",
      "CreatedBy": "string",
      "CreationDate": "string",
      "Currency": "string",
      "CurrencyCode": "string",
      "Description": "string",
      "DocumentStyle": "string",
      "DocumentStyleId": "number",
      "DocumentTypeCode": "string",
      "EnableRetroactivePricingFlag": "boolean",
      "EndDate": "string",
      "FOB": "any",
      "FOBCode": "any",
      "FreightTerms": "any",
      "FreightTermsCode": "any",
      "GroupRequisitionLinesFlag": "boolean",
      "GroupRequisitionsFlag": "boolean",
      "InitiateRetroactivePricingUponApprovalFlag": "boolean",
      "LastUpdateDate": "string",
      "LastUpdatedBy": "string",
      "lines":   [
          {  
            "ActionCode": "string",
            "AgingPeriodDays": "any",
            "AgreementAmount": "number",
            "AgreementHeaderId": "number",
            "AgreementLineId": "number",
            "AgreementNumber": "string",
            "AgreementQuantity": "any",
            "AllowItemDescriptionUpdateFlag": "boolean",
            "AllowPriceOverrideFlag": "boolean",
            "Amount": "any",
            "Category": "string",
            "CategoryCode": "string",
            "CategoryId": "number",
            "ConsignmentLineFlag": "boolean",
            "CreatedBy": "string",
            "CreationDate": "string",
            "Currency": "string",
            "CurrencyCode": "string",
            "Description": "string",
            "ExpirationDate": "any",
            "HazardClass": "any",
            "HazardClassCode": "any",
            "HazardClassId": "any",
            "Item": "string",
            "ItemId": "number",
            "ItemRevision": "any",
            "LastUpdateDate": "string",
            "LastUpdatedBy": "string",
            "LineNumber": "number",
            "LineStartDate": "any",
            "LineType": "string",
            "LineTypeId": "number",
            "MinimumReleaseAmount": "any",
            "NegotiatedFlag": "boolean",
            "NoteToSupplier": "string",
            "ParentItemId": "any",
            "Price": "number",
            "PriceBreakTypeCode": "string",
            "PriceLimit": "any",
            "ProcurementBU": "string",
            "ProcurementBUId": "number",
            "ReleasedAmount": "any",
            "Status": "string",
            "StatusCode": "string",
            "Supplier": "string",
            "SupplierId": "number",
            "SupplierItem": "any",
            "SupplierItemAuxiliaryIdentifier": "any",
            "SupplierParentItem": "any",
            "SupplierSite": "string",
            "SupplierSiteId": "number",
            "SupplierTopModel": "any",
            "TopModelId": "any",
            "UnNumber": "any",
            "UNNumberDescription": "any",
            "UnNumberId": "any",
            "UOM": "string",
            "UOMCode": "string"
          }
        ],        
      "MasterContractId": "any",
      "MasterContractNumber": "any",
      "MasterContractType": "any",
      "MasterContractTypeId": "any",
      "MinimumReleaseAmount": "any",
      "ModeOfTransport": "any",
      "ModeOfTransportCode": "any",
      "NoteToReceiver": "any",
      "NoteToSupplier": "any",
      "notificationControls": {
        "count": "number",
        "hasMore": "boolean",
        "items": "any[]",
        "limit": "number",
        "links": [
          {
            "href": "string",
            "kind": "string",
            "name": "string",
            "rel": "string"
          }
        ],
        "offset": "number"
      },
      "PaymentTerms": "any",
      "PaymentTermsId": "any",
      "PayOnReceiptFlag": "boolean",
      "Priority": "any",
      "ProcurementBU": "string",
      "ProcurementBUId": "number",
      "PunchoutRequestsOnlyFlag": "any",
      "ReferenceNumber": "any",
      "ReleasedAmount": "any",
      "RepriceOpenOrdersFlag": "boolean",
      "RequiredAcknowledgment": "string",
      "RequiredAcknowledgmentCode": "string",
      "RequiresSignatureFlag": "boolean",
      "RevisionNumber": "number",
      "ServiceLevel": "any",
      "ServiceLevelCode": "any",
      "StartDate": "string",
      "Status": "string",
      "StatusCode": "string",
      "Supplier": "string",
      "SupplierAgreement": "any",
      "SupplierCommunicationMethodCode": "string",
      "SupplierContact": "string",
      "SupplierContactId": "number",
      "SupplierEmailAddress": "string",
      "SupplierFax": "any",
      "SupplierId": "number",
      "SupplierSite": "string",
      "SupplierSiteId": "number",
      "UseCustomerSalesOrderFlag": "any",
      "UseOrderDateForOrderPricingFlag": "boolean",
      "UseRequestedDateFlag": "any",
      "UseShipToLocationFlag": "boolean",
      "UseShipToOrganizationAndLocationFlag": "any"
    },
    "getSuppliers": {
      "count": "number",
      "hasMore": "boolean",
      "items": [
        {
          "AlternateName": "string",
          "Supplier": "string",
          "SupplierId": "number",
          "SupplierNumber": "string"
        }
      ],
      "limit": "number",
      "links": [
        {
          "href": "string",
          "kind": "string",
          "name": "string",
          "rel": "string"
        }
      ],
      "offset": "number"
    },
    "purchaseAgreementDetails": {
      "BatchId": "number",
      "StyleId": "number",      
      "ActionCode": "string",
      "AcknowledgmentDueDate": "any",
      "AcknowledgmentWithinDays": "any",
      "AgingOnsetPoint": "string",
      "AgingOnsetPointCode": "string",
      "AgingPeriodDays": "any",
      "AgreementAmount": "number",
      "AgreementHeaderId": "number",
      "AgreementNumber": "string",
      "AllowUnassignedSitesFlag": "boolean",
      "AmountLimit": "number",
      "AutomaticallyGenerateOrdersFlag": "boolean",
      "AutomaticallySubmitForApprovalFlag": "boolean",
      "businessUnitAccess":  [
          {
            "BillToBU": "string",
            "BilltoBUId": "number",
            "BillToLocation": "string",
            "BillToLocationId": "number",
            "CreatedBy": "string",
            "CreationDate": "string",
            "EnabledFlag": "boolean",
            "LastUpdateDate": "string",
            "LastUpdatedBy": "string",
            "OrderLocallyFlag": "boolean",
            "OrganizationAssignmentId": "number",
            "PurchasingSite": "string",
            "PurchasingSiteId": "number",
            "RequisitioningBU": "string",
            "RequisitioningBUId": "number",
            "ShipToLocation": "string",
            "ShipToLocationCode": "string",
            "ShipToLocationId": "number"
          }
        ],
      "Buyer": "string",
      "BuyerId": "number",
      "BuyerManagedTransportFlag": "boolean",
      "Carrier": "any",
      "CarrierId": "any",
      "Checklist": "any",
      "ClosedDate": "any",
      "CommunicateRepricedOrdersFlag": "boolean",
      "ConfirmingOrderFlag": "boolean",
      "ConsumptionAdviceFrequency": "any",
      "ConsumptionAdviceFrequencyCode": "any",
      "ConsumptionAdviceSummary": "any",
      "ConsumptionAdviceSummaryCode": "any",
      "ConversionRate": "any",
      "ConversionRateDate": "any",
      "ConversionRateTypeCode": "any",
      "CreatedBy": "string",
      "CreationDate": "string",
      "Currency": "string",
      "CurrencyCode": "string",
      "Description": "string",
      "DocumentStyle": "string",
      "DocumentStyleId": "number",
      "DocumentTypeCode": "string",
      "EnableRetroactivePricingFlag": "boolean",
      "EndDate": "string",
      "FOB": "any",
      "FOBCode": "any",
      "FreightTerms": "any",
      "FreightTermsCode": "any",
      "GroupRequisitionLinesFlag": "boolean",
      "GroupRequisitionsFlag": "boolean",
      "InitiateRetroactivePricingUponApprovalFlag": "boolean",
      "LastUpdateDate": "string",
      "LastUpdatedBy": "string",
      "lines":   [
          {
            "ActionCode": "string",
            "AgingPeriodDays": "any",
            "AgreementAmount": "number",
            "AgreementHeaderId": "number",
            "AgreementLineId": "number",
            "AgreementNumber": "string",
            "AgreementQuantity": "any",
            "AllowItemDescriptionUpdateFlag": "boolean",
            "AllowPriceOverrideFlag": "boolean",
            "Amount": "any",
            "Category": "string",
            "CategoryCode": "string",
            "CategoryId": "number",
            "ConsignmentLineFlag": "boolean",
            "CreatedBy": "string",
            "CreationDate": "string",
            "Currency": "string",
            "CurrencyCode": "string",
            "ItemDescription": "string",
            "ExpirationDate": "any",
            "HazardClass": "any",
            "HazardClassCode": "any",
            "HazardClassId": "any",
            "Item": "string",
            "ItemId": "number",
            "ItemRevision": "any",
            "LastUpdateDate": "string",
            "LastUpdatedBy": "string",
            "LineNumber": "number",
            "LineStartDate": "any",
            "LineType": "string",
            "LineTypeId": "number",
            "MinimumReleaseAmount": "any",
            "NegotiatedFlag": "boolean",
            "NoteToSupplier": "string",
            "ParentItemId": "any",
            "Price": "number",
            "PriceBreakTypeCode": "string",
            "PriceLimit": "any",
            "ProcurementBU": "string",
            "ProcurementBUId": "number",
            "ReleasedAmount": "any",
            "Status": "string",
            "StatusCode": "string",
            "Supplier": "string",
            "SupplierId": "number",
            "SupplierItem": "any",
            "SupplierItemAuxiliaryIdentifier": "any",
            "SupplierParentItem": "any",
            "SupplierSite": "string",
            "SupplierSiteId": "number",
            "SupplierTopModel": "any",
            "TopModelId": "any",
            "UnNumber": "any",
            "UNNumberDescription": "any",
            "UnNumberId": "any",
            "UOM": "string",
            "UOMCode": "string"
          }
        ],        
      "MasterContractId": "any",
      "MasterContractNumber": "any",
      "MasterContractType": "any",
      "MasterContractTypeId": "any",
      "MinimumReleaseAmount": "any",
      "ModeOfTransport": "any",
      "ModeOfTransportCode": "any",
      "NoteToReceiver": "any",
      "NoteToSupplier": "any",
 
      "PaymentTerms": "any",
      "PaymentTermsId": "any",
      "PayOnReceiptFlag": "boolean",
      "Priority": "any",
      "ProcurementBU": "string",
      "ProcurementBUId": "number",
      "PunchoutRequestsOnlyFlag": "any",
      "ReferenceNumber": "any",
      "ReleasedAmount": "any",
      "RepriceOpenOrdersFlag": "boolean",
      "RequiredAcknowledgment": "string",
      "RequiredAcknowledgmentCode": "string",
      "RequiresSignatureFlag": "boolean",
      "RevisionNumber": "number",
      "ServiceLevel": "any",
      "ServiceLevelCode": "any",
      "StartDate": "string",
      "Status": "string",
      "StatusCode": "string",
      "Supplier": "string",
      "SupplierAgreement": "any",
      "SupplierCommunicationMethodCode": "string",
      "SupplierContact": "string",
      "SupplierContactId": "number",
      "SupplierEmailAddress": "string",
      "SupplierFax": "any",
      "SupplierId": "number",
      "SupplierSite": "string",
      "SupplierSiteId": "number",
      "UseCustomerSalesOrderFlag": "any",
      "UseOrderDateForOrderPricingFlag": "boolean",
      "UseRequestedDateFlag": "any",
      "UseShipToLocationFlag": "boolean",
      "UseShipToOrganizationAndLocationFlag": "any"
    }

  },
  "variables": {
    "actionApprovalADP": {
      "defaultValue": {
        "itemType": "any"
      },
      "type": "vb/ArrayDataProvider2"
    },
    "actionHistoryADP": {
      "type": "vb/ArrayDataProvider2",
      "defaultValue": {
        "itemType": "any"
      }
    },
    "buyerADP": {
      "type": "vb/ArrayDataProvider2",
      "defaultValue": {
        "itemType": "defaultLOV",
        "keyAttributes": "value"
      }
    },
    "communicationMethodADP": {
      "type": "vb/ArrayDataProvider2",
      "defaultValue": {
        "itemType": "any",
        "keyAttributes": "value"
      }
    },
    "multiServiceSDP": {
      "type": "vb/MultiServiceDataProvider",
      "defaultValue": {
        "dataProviders": {
          "fetchFirst": "{{ $variables.supplierSDP }}",
          "fetchByKeys": "{{ $application.variables.DocStyleSDP }}"
        }
      }
    },
    "paymentTermADP": {
      "type": "vb/ArrayDataProvider2",
      "defaultValue": {
        "itemType": "any",
        "keyAttributes": "Name"
      }
    },
    "poStylesADP": {
      "type": "vb/ArrayDataProvider2",
      "defaultValue": {
        "itemType": "any",
         "keyAttributes": "styleName"        
      }
    },
    "procurementBU": {
      "type": "vb/ArrayDataProvider2",
      "defaultValue": {
        "itemType": "any",
        "keyAttributes": "value"
      }
    },

    "searchFilter": {
      "type": {
        "buyer": "string",
        "fromDate": "string",
        "request_id": "string",
        "status": "string",
        "supplier": "string",
        "text": "string",
        "toDate": "string"

      }
    },
    "shippingMethodADP": {
      "type": "vb/ArrayDataProvider2",
      "defaultValue": {
        "itemType": "any",
        "keyAttributes": "ShippingMethod"
      }
    },
    "supplierAssoc": {
      "type": "any"
    },
    "supplierSDP": {
      "type": "vb/ServiceDataProvider",
      "defaultValue": {
        "endpoint": "fscm_conn/getSuppliers",
        "responseType": "getSuppliers",
        "itemsPath": "items",
        "keyAttributes": "SupplierId",
        "transformsContext": {
          "vb-textFilterAttributes": [
            "Supplier",
            "SupplierNumber"
          ]
        }
      }
    },
    "transferStatusADP": {
      "defaultValue": {
        "itemType": "any",
        "keyAttributes": "value"
      },
      "type": "vb/ArrayDataProvider2"
    },
    "transferTypeADP": {
      "type": "vb/ArrayDataProvider2",
      "defaultValue": {
        "itemType": "any",
        "keyAttributes": "value"
      }
    },
    "transReqDetails": {
      "type": "purchaseAgreementDetails"
    }

  },
  "eventListeners": {
    "vbEnter": {
      "chains": [
        {
          "parameters": {},
          "chain": "flowLoadChain"
        }
      ]
    }
  }
}