{
    "items": [
        {
            "Name": "NET ON RECEIPT"
        },
        {
            "Name": "EOAP50"
        },
        {
            "Name": "EOAP15"
        },
        {
            "Name": "EOAP30"
        },
        {
            "Name": "EOAP40"
        },
        {
            "Name": "EOAP45(E)"
        },
        {
            "Name": "NET 100"
        },
        {
            "Name": "NET 5"
        },
        {
            "Name": "NET 50"
        },
        {
            "Name": "NET 40"
        },
        {
            "Name": "NET 20"
        },
        {
            "Name": "NET 7"
        },
        {
            "Name": "NET 8"
        },
        {
            "Name": "NET 150"
        },
        {
            "Name": "EOAP35"
        },
        {
            "Name": "EOAP45"
        },
        {
            "Name": "EOAP65(L)"
        },
        {
            "Name": "NET 1"
        },
        {
            "Name": "NET 10"
        },
        {
            "Name": "NET 105"
        },
        {
            "Name": "NET 15"
        },
        {
            "Name": "NET 180"
        },
        {
            "Name": "NET 23"
        },
        {
            "Name": "NET 24"
        },
        {
            "Name": "NET 25"
        }
    ],
    "count": 25,
    "hasMore": true,
    "limit": 25,
    "offset": 0,
    "links": [
        {
            "rel": "self",
            "href": "https://iawmqy-dev2.fa.ocs.oraclecloud.com:443/fscmRestApi/resources/11.13.18.05/payablesPaymentTermsLOV",
            "name": "payablesPaymentTermsLOV",
            "kind": "collection"
        }
    ]
}