{
  "description": "",
  "eventListeners": {
    "viewConfigAction": {
      "chains": [
        {
          "chain": "viewConfigButtonActionChain",
          "parameters": {
            "event": "{{$event}}",
            "originalEvent": "{{$event.detail.originalEvent}}"
          }
        }
      ]
    }
  },
  "events": {},
  "imports": {
    "components": {
      "oj-button": {
        "path": "ojs/ojbutton"
      },
      "oj-dialog": {
        "path": "ojs/ojdialog"
      },
      "oj-table": {
        "path": "ojs/ojtable"
      }
    }
  },
  "types": {
    "getAllConfigDetails": {

      "part_description": "any",
      "part_num": "any",
      "platform": "any",
      "quantity": "any",
      "slot_type": "any",
      "system": "any"

    }
  },
  "variables": {
    "getAllConfigDetailsADP": {
      "type": "vb/ArrayDataProvider2",
      "defaultValue": {
        "itemType": "getAllConfigDetails",
        "keyAttributes": "@value",
        "textFilterAttributes": [
          "part_num"
        ]
      }
    }
  }
}