{
    "items": [
        {
            "finance_id": 4,
            "customer": "SubDivD",
            "slot_type": "Hot-Lot",
            "system_count": "System04",
            "revenue_risk": "Medium",
            "revenue_system_count": 130,
            "system_count_adj": 2,
            "revenue_adj": 230,
            "cogs_adj": 13,
            "revenue_qtr": null,
            "adjustment_comment": "Adj comment 4",
            "finance_comments": "Finance comment 4",
            "created_by": "user4",
            "created_date": "2026-01-07T13:50:21Z",
            "updated_by": "user4",
            "updated_date": "2026-01-07T13:50:21Z",
            "slot_id": 8,
            "slot_number": "UF10014",
            "source": null,
            "pd_qtr": null,
            "slot_status": null,
            "system": null,
            "sales_order": null,
            "platform": null
        },
        {
            "finance_id": 21,
            "customer": "SubDivD",
            "slot_type": "Hot-Lot",
            "system_count": null,
            "revenue_risk": "Medium",
            "revenue_system_count": null,
            "system_count_adj": 2,
            "revenue_adj": 230,
            "cogs_adj": 13,
            "revenue_qtr": null,
            "adjustment_comment": "Adj comment 4",
            "finance_comments": "Finance comment 4",
            "created_by": "user4",
            "created_date": "2026-01-07T13:50:21Z",
            "updated_by": "user4",
            "updated_date": "2026-01-07T13:50:21Z",
            "slot_id": 8,
            "slot_number": "UF10014",
            "source": "Extension",
            "pd_qtr": null,
            "slot_status": null,
            "system": null,
            "sales_order": null,
            "platform": null
        }
    ],
    "hasMore": false,
    "limit": 1000,
    "offset": 0,
    "count": 2,
    "links": [
        {
            "rel": "self",
            "href": "https://g399b9d54c076b5-fusionpaasdev.adb.us-ashburn-1.oraclecloudapps.com/ords/terext/slotplanning/getFinanceDetails?p_slot_number=UF10014"
        },
        {
            "rel": "describedby",
            "href": "https://g399b9d54c076b5-fusionpaasdev.adb.us-ashburn-1.oraclecloudapps.com/ords/terext/metadata-catalog/slotplanning/item"
        },
        {
            "rel": "first",
            "href": "https://g399b9d54c076b5-fusionpaasdev.adb.us-ashburn-1.oraclecloudapps.com/ords/terext/slotplanning/getFinanceDetails?p_slot_number=UF10014"
        }
    ]
}