{
  "title": "",
  "description": "",
  "variables": {
    "approvalHistoryADP": {
      "type": "vb/ArrayDataProvider2",
      "defaultValue": {
        "itemType": "any",
        "keyAttributes": "history_id"
      }
    },
    "approvalsADP": {
      "defaultValue": {
        "itemType": "any",
        "keyAttributes": "approval_id"
      },
      "type": "vb/ArrayDataProvider2"
    },
    "avatar": {
      "type": {
        "initials": "string",
        "src": "string"
      },
      "defaultValue": {
        "initials": "",
        "src": ""
      }
    },
    "billToBUADP": {
      "type": "vb/ArrayDataProvider2"
    },
    "billToLocationSDP": {
      "type": "vb/ServiceDataProvider",
      "defaultValue": {
        "endpoint": "fscm_conn/getShipToLocations",
        "responseType": "getShipToLocations",
        "itemsPath": "items",
        "keyAttributes": "LocationName",
        "transformsContext": {
          "vb-textFilterAttributes": [
            "LocationName"
          ]
        },
        "uriParameters": {
          "limit": 500
        }
    }
    },
    "BuyerLOVSDP": {
      "type": "vb/ServiceDataProvider",
      "defaultValue": {
        "endpoint": "fscm_conn/getProcurementPersonsLOV",
        "responseType": "getProcurementPersonsLOV",
        "itemsPath": "items",
        "transformsContext": {
          "vb-textFilterAttributes": [
            "DisplayName"
          ]
        },
        "keyAttributes": "PersonId"
      }
    },
    "CancelLinesADP": {
      "defaultValue": {
        "itemType": "any",
        "keyAttributes": "LineNumber"
      },
      "type": "vb/ArrayDataProvider2"
    },
    "CancelPoLineKey": {
      "type": "number"
    },
    "checkFlag": {
      "type": "boolean",
      "defaultValue": false
    },
    "contextualInfoLabelVisible": {
      "type": "boolean",
      "defaultValue": false
    },
    "contextualInfoSticky": {
      "type": "boolean",
      "defaultValue": false
    },
    "createdPOlineBy": {
      "type": "string"
    },
    "dirtyDataFlag": {
      "type": "boolean",
      "defaultValue": false
    },
    "dirtyDialogOpen": {
      "type": "boolean",
      "defaultValue": false
    },
    "disableItemFlag": {
      "type": "boolean",
      "defaultValue": false
    },
    "displayMode": {
      "type": "string"
    },
    "FOBSDP": {
      "defaultValue": {
        "endpoint": "fscm_conn/getGenericLookupsLOV",
        "responseType": "getGenericLookupsLOV",
        "itemsPath": "items",
        "uriParameters": {
          "q": "LookupType='FOB'"
        },
        "transformsContext": {
          "vb-textFilterAttributes": [
            "Description",
            "Meaning"
          ]
        },
        "keyAttributes": "LookupCode"
      },
      "type": "vb/ServiceDataProvider"
    },
    "formState": {
      "type": "string",
      "defaultValue": "valid"
    },   
    "freightTermsSDP": {
      "type": "vb/ServiceDataProvider",
      "defaultValue": {
        "endpoint": "fscm_conn/getGenericLookupsLOV",
        "responseType": "getGenericLookupsLOV",
        "itemsPath": "items",
        "uriParameters": {
          "q": "LookupType='FREIGHT TERMS'"
        },
        "transformsContext": {
          "vb-textFilterAttributes": [
            "Description",
            "Meaning"
          ]
        },
        "keyAttributes": "LookupCode"
      }
    },
    "getShipToLocationsListSDP": {
      "type": "vb/ServiceDataProvider",
      "defaultValue": {
        "endpoint": "fscm_conn/getShipToLocations",
        "itemsPath": "items",
        "responseType": "getShipToLocationsResponse",
        "transformsContext": {
          "vb-textFilterAttributes": [
            "LocationName"
          ]
        },
        "keyAttributes": "LocationId"
      }
    },
    "glAcctFilter": {
      "type": "string"
    },
    "goToParentOption": {
      "type": "boolean",
      "defaultValue": false
    },
    "headerId": {
      "type": "string",
      "input": "fromUrl"
    },
    "isSaved": {
      "type": "boolean",
      "defaultValue": false
    },
    "itemSDP": {
      "type": "vb/ServiceDataProvider",
      "defaultValue": {
        "endpoint": "fscm_conn/getItems",
        "responseType": "getItems",
        "itemsPath": "items",
        "transformsContext": {
          "vb-textFilterAttributes": [
            "ItemNumber",
            "ItemDescription"
          ]
        },
        "keyAttributes": [
            "ItemNumber",
            "OrganizationCode"
          ]
      }
    },
    "Line_adp": {
      "type": "vb/ArrayDataProvider2",
      "defaultValue": {
        "itemType": "any",
        "keyAttributes": "LineNumber"
      }
    },
    "Line_adp_content": {
      "defaultValue": {
        "itemType": "any",
        "keyAttributes": "LineNumber"
      },
      "type": "vb/ArrayDataProvider2"
    },
    "lineDetails": {
      "type": "object"
    },
    "objectId": {
      "type": "string",
      "defaultValue": ""
    },
    "paymenttermsSDP": {
      "type": "vb/ServiceDataProvider",
      "defaultValue": {
        "endpoint": "fscm_conn/getPayablesPaymentTermsLOV",
        "responseType": "getPayablesPaymentTermsLOVType",
        "itemsPath": "items",
        "keyAttributes": "Name",
        "transformsContext": {
          "vb-textFilterAttributes": [
            "Name"
          ]
        }
      }
    },
    "po_attachmentHeader": {
      "type": {
        "fileContent": "string",
        "fileName": "string",
        "fileType": "string",
        "fileURL": "any"
      }
    },
    "po_attachmentLine": {
      "type":{
           "fileContent": "string",
        "fileName": "string",
        "fileType": "string",
        "fileURL": "any",
        "LineNumber": "any",
        "POLineId": "string"
      }
    },
    "po_attachmentLine_contents": {
      "type": {
        "fileContent": "string",
        "fileName": "string",
        "fileType": "string",
        "fileURL": "any",
        "LineNumber": "any",
        "POLineId": "string"
      }
    },
    "pOStylesBOListSDP": {
      "type": "vb/ServiceDataProvider",
      "defaultValue": {
        "endpoint": "businessObjects/getall_POStylesBO",
        "keyAttributes": "styleName",
        "itemsPath": "items",
        "responseType": "getallPOStylesBOResponse"
      }
    },
    "primaryAlwaysOn": {
      "type": "boolean",
      "defaultValue": true
    },
    "readOnly": {
      "type": "boolean",
      "defaultValue": "[[ $flow.variables.transReqDetails.po_status === 'SUBMIT' || $flow.variables.transReqDetails.po_status === 'PENDING APPROVAL' ]]"
    },
    "readOnlyFields": {
      "type": "boolean",
      "defaultValue": false
    },
    "requestDetails": {
      "type": "object"
    },
    "requestLinesADP": {
      "type": "vb/ArrayDataProvider2",
      "defaultValue": {
        "itemType": "any",
        "keyAttributes": "LineNumber"
      }
    },
    "RequisitionBuADP": {
      "type": "vb/ArrayDataProvider2",
      "defaultValue": {
        "itemType": "any",
        "keyAttributes": "ClientBUId",
        "textFilterAttributes": [
          "ClientBU"
        ]
      }
    },
    "saveOption": {
      "type": "string",
      "defaultValue": "on"
    },
    "SoldToLegalEntity": {
      "type": "string"
    },
    "submitComments": {
      "type": "string"
    },
    "supplierContactsADP": {
      "type": "vb/ArrayDataProvider2",
      "defaultValue": {
        "itemType": "any",
        "keyAttributes": "SupplierContactId"
      }
    },
    "SupplierId": {
      "type": "string"
    },
    "supplierSIteADP": {
      "type": "vb/ArrayDataProvider2",
      "defaultValue": {
        "itemType": "any",
        "keyAttributes": "SUPPLIER_SITE_ID"
      }
    }

  },
  "metadata": {},
  "types": {
    "@decorators.getallPOStylesBOResponse": {
      "endpoint": "getall_POStylesBO",
      "service": "businessObjects",
      "path": "response"
    },
    "@decorators.getControlBudgetPeriods": {
      "endpoint": "getControlBudgetPeriods",
      "service": "fscm",
      "path": "response"
    },
    "@decorators.getControlBudgetsLOV": {
      "endpoint": "getControlBudgetsLOV",
      "service": "fscm",
      "path": "response"
    },
    "@decorators.getGenericLookupsLOV": {
      "endpoint": "getGenericLookupsLOV",
      "service": "fscm",
      "path": "response"
    },
    "@decorators.getItems": {
      "endpoint": "getItems",
      "service": "fscm",
      "path": "response"
    },
    "@decorators.getPayablesPaymentTermsLOVType": {
      "endpoint": "getPayablesPaymentTermsLOV",
      "service": "fscm",
      "path": "response"
    },
    "@decorators.getProcurementPersonsLOV": {
      "endpoint": "getProcurementPersonsLOV",
      "service": "fscm",
      "path": "response"
    },
    "@decorators.getProcurementPersonsLOVResponse": {
      "endpoint": "getProcurementPersonsLOV",
      "service": "fscm",
      "path": "response"
    },
    "@decorators.getProcurementPersonsLOVResponse2": {
      "endpoint": "getProcurementPersonsLOV",
      "service": "fscm",
      "path": "response"
    },
    "@decorators.getProjects": {
      "endpoint": "getProjects",
      "service": "fscm",
      "path": "response"
    },
    "@decorators.getReqBUType": {
      "endpoint": "getSuppliersSite",
      "service": "fscm",
      "path": "response-_-items[0]-_-assignments-_-items[0]"
    },
    "@decorators.getShipToLocations": {
      "endpoint": "getShipToLocations",
      "service": "fscm",
      "path": "response"
    },
    "@decorators.getShipToLocationsResponse": {
      "endpoint": "getShipToLocations",
      "service": "fscm_conn",
      "path": "response"
    },
    "@decorators.getSuppliers": {
      "endpoint": "getSuppliers",
      "service": "fscm",
      "path": "response"
    },
    "@decorators.getSuppliersLOV": {
      "endpoint": "getSuppliers",
      "service": "fscm",
      "path": "response"
    },
    "@decorators.getValueSetValues": {
      "endpoint": "getValueSetValues",
      "service": "fscm",
      "path": "response"
    },
    "getallPOStylesBOResponse": {
      "items": [
        {
          "styleName": "string"
        }
      ]
    },
    "getControlBudgetPeriods": {
      "items": [
        {
          "BudgetPeriodStatus": "string",
          "BudgetPeriodStatusId": "number",
          "BudgetYear": "number",
          "ControlBudgetId": "number",
          "EndDate": "string",
          "PeriodName": "string",
          "PeriodNumber": "number",
          "StartDate": "string"
        }
      ]
    },
    "getControlBudgetsLOV": {
      "items": [
        {
          "AwardId": "number",
          "ControlBudgetId": "number",
          "ControlLevelCode": "string",
          "FromPeriod": "string",
          "LedgerId": "number",
          "Name": "string",
          "ProjectId": "number",
          "SourceBudgetName": "string",
          "SourceBudgetType": "string",
          "StatusCode": "string",
          "ToPeriod": "string"
        }
      ]
    },
    "getGenericLookupsLOV": {
      "items": [
        {
          "Description": "string",
          "LookupCode": "string",
          "Meaning": "string"
        }
      ]
    },
    "getItems": {
      "items": [
        {
          "ItemDescription": "string",
          "ItemId": "number",
          "ItemNumber": "string",
          "Keyword": "any",
          "OrganizationCode": "string",
          "OrganizationId": "number",
          "PrimaryUOMCode": "string",
          "PrimaryUOMName": "string"
        }
      ]
    },
    "getPayablesPaymentTermsLOVType": {
      "items": [
        {
          "Name": "string"
        }
      ]
    },
    "getProcurementPersonsLOV": {
      "items": [
        {
          "Department": "string",
          "DisplayName": "string",
          "Email": "string",
          "Job": "string",
          "LocationId": "number",
          "PersonId": "number",
          "PersonNumber": "string"
        }
      ]
    },
    "getProcurementPersonsLOVResponse": {
      "items": [
        {
          "DisplayName": "string",
          "Email": "string"
        }
      ]
    },
    "getProcurementPersonsLOVResponse2": {
      "items": [
        {
          "DisplayName": "string",
          "Email": "string"
        }
      ]
    },
    "getProjects": {
      "items": [
        {
          "ProjectId": "number",
          "ProjectName": "string",
          "ProjectNumber": "string"
        }
      ]
    },
    "getReqBUType": {
      "ClientBU": "string"
    },
    "getShipToLocations": {
      "items": [
        {
          "Address": "string",
          "Description": "any",
          "LocationCode": "string",
          "LocationId": "number",
          "LocationName": "string",
          "SetName": "string"
        }
      ]
    },
    "getShipToLocationsResponse": {
      "items": [
        {
          "Address": "string",
          "Description": "any",
          "LocationCode": "string",
          "LocationId": "number",
          "LocationName": "string",
          "SetName": "string"

        }
      ]
    },
    "getSuppliers": {
      "items": [
        {
          "Supplier": "string",
          "SupplierId": "number"
        }
      ]
    },
    "getSuppliersLOV": {
      "items": [
        {
          "AlternateName": "string",
          "Supplier": "string",
          "SupplierId": "number",
          "SupplierNumber": "string"
        }
      ]
    },
    "getValueSetValues": {
      "items": [
        {
          "AccountType": "string",
          "ControlAccount": "string",
          "CreatedBy": "string",
          "CreationDate": "string",
          "Description": "string",
          "DetailBudgetingAllowed": "string",
          "DetailPostingAllowed": "string",
          "EnabledFlag": "string",
          "EndDateActive": "any",
          "ExternalDataSource": "any",
          "FinancialCategory": "string",
          "IndependentValue": "any",
          "IndependentValueDate": "any",
          "IndependentValueNumber": "any",
          "IndependentValueTimestamp": "any",
          "LastUpdateDate": "string",
          "LastUpdatedBy": "string",
          "ReconciliationFlag": "string",
          "SortOrder": "any",
          "StartDateActive": "string",
          "SummaryFlag": "string",
          "TranslatedValue": "any",
          "Value": "string",
          "ValueDate": "any",
          "ValueId": "number",
          "ValueNumber": "any",
          "ValueTimestamp": "any"
        }
      ]
    },
    "Line_ADP_Type": {
      "amount": "number",
      "line_id": "number",
      "LineNumber": "number",
      "Item":"string",
      "Price": "number",
      "Quantity": "number",
      "shipmentDate": "string",
      "UOM": "string"
    },
    "Po_line_Var": {
         "fileContent": "string",
        "fileName": "string",
        "fileType": "any",
        "fileURL": "any"
    }

  },
  "eventListeners": {
    "buttonAction": {
      "chains": [
        {
          "chain": "lineDetailSaveChain"
        }
      ]
    },
    "buttonAction2": {
      "chains": [
        {
          "chain": "SubmitActionChain"
        }
      ]
    },
    "buttonAction3": {
      "chains": [
        {
          "chain": "SubmitActionChain"
        }
      ]
    },
    "buttonAction4": {
      "chains": [
        {
          "chain": "spSubmitChain"
        }
      ]
    },
    "buttonAction5": {
      "chains": [
        {
          "chain": "CancelPOLineActionChain"
        }
      ]
    },
    "buttonAction6": {
      "chains": [
        {
          "chain": "ButtonActionChain1",
          "parameters": {
            "key": "{{ $current.key }}",
            "index": "{{ $current.index }}",
            "current": "{{ $current }}"
          }
        }
      ]
    },
    "buttonAction7": {
      "chains": [
        {
          "chain": "ButtonActionChain2"
        }
      ]
    },
    "collectionToolbarSpAdd": {
      "chains": [
{
          "chain": "CollectionToolbarSpAddChain"
        },
        {
          "chain": "CancelPOLineActionChain"
        }
      ]
    },
    "collectionToolbarSpExport": {
      "chains": [
        {
          "chain": "CollectionToolbarSpExportChain"
        }
      ]
    },
    "confirmNoOjAction": {
      "chains": [
        {
          "chain": "dialogResponseChain",
          "parameters": {
            "detail": "{{ $event.detail }}",
            "response": "NO"
          }
        }
      ]
    },
    "confirmYesOjAction": {
      "chains": [
        {
          "chain": "dialogResponseChain",
          "parameters": {
            "detail": "{{ $event.detail }}",
            "response": "YES"
          }
        }
      ]
    },
    "hyperlinkClick": {
      "chains": [
        {
          "chain": "viewLineDetailsChain",
          "parameters": {
            "key": "{{ $current.key }}",
            "index": "{{ $current.index }}",
            "current": "{{ $current }}"
          }
        }
      ]
    },
    "hyperlinkClick2": {
      "chains": [
        {
          "chain": "lineDetailSaveChain",
          "parameters": {
            "lineId": "[[ $current.row]]"
          }
        }
      ]
    },
    "hyperlinkClick3": {
      "chains": [
        {
          "chain": "openActionHistoryChain"
        }
      ]
    },
    "hyperlinkClick4": {
      "chains": [
        {
          "chain": "openApprovalsChain",
          "parameters": {
            "data": "[[ $current.row ]]"
          }
        }
      ]
    },
    "inputNumberValue": {
      "chains": [
        {
          "chain": "itemValueChangeChain",
          "parameters": {
            "value": "{{ $event.detail.value }}"
          }
        }
      ]
    },
    "lineDetailsChange": {
      "chains": [
        {
          "chain": "lineItemChangeChain",
          "parameters": {
            "key": "{{$event.detail.value.key}}",
            "data": "{{$event.detail.value.data}}",
            "metadata": "{{$event}}"
          }
        }
      ]
    },
    "lineDialogClose": {
      "chains": [
        {
          "chain": "DialogCloseChain"
        }
      ]
    },
    "ojdynamicFormTransientValueChangeChain": {
      "chains": [
        {
          "chain": "dynamicFormTransientValueChangeChain",
          "parameters": {
            "detail": "{{ $event.detail}}"
          }
        }
      ]
    },
    "ojSpCancel": {
      "chains": [
        {
          "chain": "spCancelChain",
          "parameters": {
            "detail": "{{ $event.detail }}"
          }
        }
      ]
    },
    "ojSpGoToParent": {
      "chains": [
        {
          "chain": "goToParent",
          "parameters": {}
        }
      ]
    },
    "ojSpSave": {
      "chains": [
        {
          "chain": "spSaveChain"
        }
      ]
    },
    "ojSsce1SpPrimaryAction": {
      "chains": [
        {
          "chain": "SubmitActionChain"
        }
      ]
    },
    "ojSsce1SpSecondaryAction": {
      "chains": [
        {
          "chain": "flow:doRequestChain",
          "parameters": {
            "headerId": "[[ $variables.headerId ]]",
            "action": "{{ $event.detail.secondaryItem }}"
          }
        }
      ]
    },
    "selectValueAction3": {
      "chains": [
        {
          "chain": "supplierChangeChain",
          "parameters": {
            "details": "{{ $event.detail.itemContext.data }}"
          }
        }
      ]
    },
    "selectValueAction4": {
      "chains": [
        {
          "chain": "supplierContactChangeChain",
          "parameters": {
            "details": "[[ $event.detail.itemContext.data ]]"
          }
        }
      ]
    },
    "selectValueItem": {
      "chains": [
        {
          "chain": "selectBuyerChain",
          "parameters": {
            "key": "{{$event.detail.value.key}}",
            "data": "{{ $event.detail.itemContext }}",
            "metadata": "{{ $event.detail }}"
          }
        }
      ]
    },
    "selectValueItem2": {
      "chains": [
        {
          "chain": "SelectValueItemChangeChain1",
          "parameters": {
            "key": "{{$event.detail.value.key}}",
            "data": "{{$event.detail.value.data}}",
            "metadata": "{{$event.detail.value.metadata}}"
          }
        }
      ]
    },
    "selectValueItem3": {
      "chains": [
        {
          "chain": "supplierSiteChain",
          "parameters": {
            "key": "{{$event.detail.value.key}}",
            "data": "{{$event.detail.value.data}}",
            "metadata": "{{$event.detail}}"
          }
        }
      ]
    },
    "selectValueItem5": {
      "chains": [
        {
          "chain": "selReqBUChain",
          "parameters": {
            "key": "{{ $event.detail.value }}",
            "data": "{{ $event.detail.itemContext.data }}",
            "metadata": "{{ $event.detail }}"
          }
        }
      ]
    },
    "tableFirstSelectedRow": {
      "chains": [
        {
          "chain": "TableFirstSelectedRowChangeChain1",
          "parameters": {
            "rowKey": "{{$event.detail.value.key}}",
            "rowData": "{{$event.detail.value.data}}"
          }
        }
      ]
    },
    "vbBeforeExit": {
      "chains": [
        {
          "chain": "checkBeforeExit",
          "parameters": {}
        }
      ]
    },
    "vbEnter": {
      "chains": [
        {
          "parameters": {},
          "chain": "pageLoadChain"
        }
      ]
    }

  },
  "imports": {
    "components": {
      "oj-button": {
        "path": "ojs/ojbutton"
      },
      "oj-buttonset-many": {
        "path": "ojs/ojbutton"
      },
      "oj-collapsible": {
        "path": "ojs/ojcollapsible"
      },
      "oj-dialog": {
        "path": "ojs/ojdialog"
      },
      "oj-dyn-form": {
        "path": "oj-dyn/form/loader"
      },
      "oj-dynamic-form": {
        "path": "oj-dynamic/form/loader"
      },
      "oj-file-picker": {
        "path": "ojs/ojfilepicker"
      },
      "oj-form-layout": {
        "path": "ojs/ojformlayout"
      },
      "oj-highlight-text": {
        "path": "ojs/ojhighlighttext"
      },
      "oj-input-date": {
        "path": "ojs/ojdatetimepicker"
      },
      "oj-input-date-time": {
        "path": "ojs/ojdatetimepicker"
      },
      "oj-input-number": {
        "path": "ojs/ojinputnumber"
      },
      "oj-input-password": {
        "path": "ojs/ojinputtext"
      },
      "oj-input-text": {
        "path": "ojs/ojinputtext"
      },
      "oj-label": {
        "path": "ojs/ojlabel"
      },
      "oj-label-value": {
        "path": "ojs/ojlabelvalue"
      },
      "oj-list-item-layout": {
        "path": "ojs/ojlistitemlayout"
      },
      "oj-option": {
        "path": "ojs/ojoption"
      },
      "oj-sample-export-data": {
        "path": "oj-sample/export-data/loader"
      },
      "oj-select-single": {
        "path": "ojs/ojselectsingle"
      },
      "oj-sp-attachments-2": {
        "path": "oj-sp/attachments-2/loader"
      },
      "oj-sp-calendar": {
        "path": "oj-sp/calendar/loader"
      },
      "oj-sp-collection-container": {
        "path": "oj-sp/collection-container/loader"
      },
      "oj-sp-collection-toolbar": {
        "path": "oj-sp/collection-toolbar/loader"
      },
      "oj-sp-detail-panel": {
        "path": "oj-sp/detail-panel/loader"
      },
      "oj-sp-empty-state": {
        "path": "oj-sp/empty-state/loader"
      },
      "oj-sp-foldout-panel-overflow": {
        "path": "oj-sp/foldout-panel-overflow/loader"
      },
      "oj-sp-input-currency": {
        "path": "oj-sp/input-currency/loader"
      },
      "oj-sp-message-unsaved-changes": {
        "path": "oj-sp/message-unsaved-changes/loader"
      },
      "oj-sp-select-single-currency": {
        "path": "oj-sp/select-single-currency/loader"
      },
      "oj-sp-simple-create-edit": {
        "path": "oj-sp/simple-create-edit/loader"
      },
      "oj-table": {
        "path": "ojs/ojtable"
      },
      "oj-text-area": {
        "path": "ojs/ojinputtext"
      },
      "oj-validation-group": {
        "path": "ojs/ojvalidationgroup"
      }

    },
    "modules": {
      "ojValidationDateTime": {
        "path": "ojs/ojvalidation-datetime"
      }
    }
  },
  "@dt": {
    "iconClass": "vbdt-dynamic-icon-81-icoSimpleCreateAndEdit48Svg"
  }
}
