{
    "openapi": "3.0.0",
    "info": {
        "title": "Fa",
        "version": "1.0.0"
    },
    "servers": [
        {
            "url": "vb-catalog://backends/fa",
            "description": "Fa"
        }
    ],
    "paths": {
        "/fscmRestApi/resources/11.13.18.05/standardLookups/{lookupType}/child/lookupCodes": {
            "parameters": [
                {
                    "name": "lookupType",
                    "in": "path",
                    "required": true,
                    "schema": {
                        "type": "string"
                    },
                    "x-vb": {
                        "defaultValue": "ORA_DOO_DEMAND_CLASS"
                    }
                }
            ],
            "get": {
                "operationId": "getDemandLookup",
                "parameters": [
                    {
                        "name": "onlyData",
                        "in": "query",
                        "schema": {
                            "type": "string"
                        },
                        "x-vb": {
                            "defaultValue": "true"
                        }
                    },
                    {
                        "name": "fields",
                        "in": "query",
                        "schema": {
                            "type": "string"
                        },
                        "x-vb": {
                            "defaultValue": "LookupCode"
                        }
                    }
                ],
                "responses": {
                    "default": {
                        "description": "Response for default",
                        "content": {
                            "application/json": {
                                "schema": {
                                    "$ref": "#/components/schemas/GetFscmRestApiResources11_13_18_05StandardLookupsLookupTypeChildLookupCodes"
                                },
                                "examples": {
                                    "vb": {
                                        "summary": "Example stored by VB User",
                                        "externalValue": "./examples/getDemandLookup/response_default_application_json_vb.json"
                                    }
                                }
                            }
                        }
                    }
                },
                "x-vb": {
                    "actionHint": "getMany"
                }
            }
        },
        "/xmlpserver/services/ExternalReportWSSService": {
            "post": {
                "operationId": "runBIPReport",
                "requestBody": {
                    "content": {
                        "application/soap+xml;charset=UTF-8": {
                            "examples": {
                                "vb": {
                                    "externalValue": "./examples/runBIPReport/request_application_soap+xml_charset_UTF-8_vb.json"
                                }
                            }
                        }
                    }
                },
                "responses": {},
                "x-vb": {
                    "actionHint": "getMany",
                    "headers": {
                        "Content-Type": "application/soap+xml;charset=UTF-8"
                    }
                }
            }
        }
    },
    "components": {
        "schemas": {
            "GetFscmRestApiResources11_13_18_05StandardLookupsLookupTypeChildLookupCodes": {
                "type": "object",
                "properties": {
                    "items": {
                        "type": "array",
                        "items": {
                            "type": "object",
                            "properties": {
                                "LookupCode": {
                                    "type": "string"
                                }
                            }
                        }
                    },
                    "count": {
                        "type": "integer"
                    },
                    "hasMore": {
                        "type": "boolean"
                    },
                    "limit": {
                        "type": "integer"
                    },
                    "offset": {
                        "type": "integer"
                    },
                    "links": {
                        "type": "array",
                        "items": {
                            "type": "object",
                            "properties": {
                                "rel": {
                                    "type": "string"
                                },
                                "href": {
                                    "type": "string"
                                },
                                "name": {
                                    "type": "string"
                                },
                                "kind": {
                                    "type": "string"
                                }
                            }
                        }
                    }
                }
            }
        }
    }
}