{
    "items": [
        {
            "StyleId": 1,
            "StyleName": "Standard Style",
            "Description": "Standard document style",
            "DisplayName": "Blanket Purchase Agreement",
            "StatusCode": "ACTIVE"
        },
        {
            "StyleId": 5,
            "StyleName": "Complex Work Style",
            "Description": "Document Style to Support Complex Work",
            "DisplayName": "Complex Work Contract Agreement",
            "StatusCode": "ACTIVE"
        },
        {
            "StyleId": 5,
            "StyleName": "Complex Work Style",
            "Description": "Document Style to Support Complex Work",
            "DisplayName": "Complex Work Purchase Order",
            "StatusCode": "ACTIVE"
        },
        {
            "StyleId": 3,
            "StyleName": "Configure to Order Style",
            "Description": "Document style for procurement of configure to order items",
            "DisplayName": "Configure to Order Blanket Purchase Agreement",
            "StatusCode": "ACTIVE"
        },
        {
            "StyleId": 3,
            "StyleName": "Configure to Order Style",
            "Description": "Document style for procurement of configure to order items",
            "DisplayName": "Configure to Order Contract Purchase Agreement",
            "StatusCode": "ACTIVE"
        },
        {
            "StyleId": 3,
            "StyleName": "Configure to Order Style",
            "Description": "Document style for procurement of configure to order items",
            "DisplayName": "Configure to Order Purchase Order",
            "StatusCode": "ACTIVE"
        },
        {
            "StyleId": 2,
            "StyleName": "Consignment Purchases Style",
            "Description": "Document style for consignment purchases",
            "DisplayName": "Consignment Agreement",
            "StatusCode": "ACTIVE"
        },
        {
            "StyleId": 2,
            "StyleName": "Consignment Purchases Style",
            "Description": "Document style for consignment purchases",
            "DisplayName": "Consignment Order",
            "StatusCode": "ACTIVE"
        },
        {
            "StyleId": 1,
            "StyleName": "Standard Style",
            "Description": "Standard document style",
            "DisplayName": "Contract Purchase Agreement",
            "StatusCode": "ACTIVE"
        },
        {
            "StyleId": 300000005972310,
            "StyleName": "Dell – 3PP & SnP Purchase Orders Style",
            "Description": "Dell – 3PP & SnP Purchase Orders Style",
            "DisplayName": "Dell – 3PP & SnP Purchase Orders",
            "StatusCode": "ACTIVE"
        },
        {
            "StyleId": 300000002724538,
            "StyleName": "Dell-BSOM Style",
            "Description": "Dell BSOM Purchasing Document Style",
            "DisplayName": "Dell-BSOM Blanket Purchase Order",
            "StatusCode": "ACTIVE"
        },
        {
            "StyleId": 300000002724538,
            "StyleName": "Dell-BSOM Style",
            "Description": "Dell BSOM Purchasing Document Style",
            "DisplayName": "Dell-BSOM Purchase Order",
            "StatusCode": "ACTIVE"
        },
        {
            "StyleId": 300000002724537,
            "StyleName": "Dell-Standard Style",
            "Description": "Dell Standard document style",
            "DisplayName": "Dell-Blanket Purchase Order",
            "StatusCode": "ACTIVE"
        },
        {
            "StyleId": 300000002724539,
            "StyleName": "Dell-FGA Style",
            "Description": "Dell FGA Purchasing document style",
            "DisplayName": "Dell-FGA Blanket Purchase Order",
            "StatusCode": "ACTIVE"
        },
        {
            "StyleId": 300000002724539,
            "StyleName": "Dell-FGA Style",
            "Description": "Dell FGA Purchasing document style",
            "DisplayName": "Dell-FGA Purchase Order",
            "StatusCode": "ACTIVE"
        },
        {
            "StyleId": 300000005972309,
            "StyleName": "Dell - Indirect Purchase Order Style",
            "Description": "Dell - Indirect Purchase Order Style",
            "DisplayName": "Dell-Indirect Blanket Purchase Agreement",
            "StatusCode": "ACTIVE"
        },
        {
            "StyleId": 300000005972309,
            "StyleName": "Dell - Indirect Purchase Order Style",
            "Description": "Dell - Indirect Purchase Order Style",
            "DisplayName": "Dell-Indirect Purchase Order",
            "StatusCode": "ACTIVE"
        },
        {
            "StyleId": 300000016227641,
            "StyleName": "Dell-LTB Document Style",
            "Description": "Dell-LTB Document style",
            "DisplayName": "Dell-LTB Blanket Purchase Order",
            "StatusCode": "ACTIVE"
        },
        {
            "StyleId": 300000016227641,
            "StyleName": "Dell-LTB Document Style",
            "Description": "Dell-LTB Document style",
            "DisplayName": "Dell-LTB Purchase Order",
            "StatusCode": "ACTIVE"
        },
        {
            "StyleId": 300000002724541,
            "StyleName": "Dell-ODM CTO Style",
            "Description": "Dell-ODM CTO Purchasing Document Style",
            "DisplayName": "Dell-ODM CTO Blanket Purchase Order",
            "StatusCode": "ACTIVE"
        },
        {
            "StyleId": 300000002724541,
            "StyleName": "Dell-ODM CTO Style",
            "Description": "Dell-ODM CTO Purchasing Document Style",
            "DisplayName": "Dell-ODM CTO Purchase Order",
            "StatusCode": "ACTIVE"
        },
        {
            "StyleId": 300000002724540,
            "StyleName": "Dell-ODM FGA Style",
            "Description": "Dell ODM FGA Purchasing document style",
            "DisplayName": "Dell-ODM FGA Blanket Purchase Order",
            "StatusCode": "ACTIVE"
        },
        {
            "StyleId": 300000002724540,
            "StyleName": "Dell-ODM FGA Style",
            "Description": "Dell ODM FGA Purchasing document style",
            "DisplayName": "Dell-ODM FGA Purchase Order",
            "StatusCode": "ACTIVE"
        },
        {
            "StyleId": 300000005972311,
            "StyleName": "Dell – Production Direct Purchase Order Style",
            "Description": "Dell-Production Direct Purchase Order Style",
            "DisplayName": "Dell-Production Direct Blanket Purchase Order ",
            "StatusCode": "ACTIVE"
        },
        {
            "StyleId": 300000005972311,
            "StyleName": "Dell – Production Direct Purchase Order Style",
            "Description": "Dell-Production Direct Purchase Order Style",
            "DisplayName": "Dell-Production Direct Purchase Order ",
            "StatusCode": "ACTIVE"
        }
    ],
    "count": 25,
    "hasMore": true,
    "limit": 25,
    "offset": 0,
    "links": [
        {
            "rel": "self",
            "href": "https://iawmqy-dev2.fa.ocs.oraclecloud.com:443/fscmRestApi/resources/11.13.18.05/purchasingDocumentStylesLOV",
            "name": "purchasingDocumentStylesLOV",
            "kind": "collection"
        }
    ]
}