{
    "items": [
        {
            "ItemId": 300000002313939,
            "ItemNumber": "10000015",
            "ItemDescription": "Battery_Capacity_WHR_54,No_of_cells_4C,Technology_Li-ion",
            "OrganizationCode": "APO",
            "OrganizationId": 300000002453227,
            "Keyword": null,
            "PrimaryUOMCode": "EA",
            "PrimaryUOMName": "EA"
        },
        {
            "ItemId": 300000002821220,
            "ItemNumber": "10000050",
            "ItemDescription": "DRAM_Density_Memory_Size_gb_16,RAM_Configuration_2 x 8,DRAM_Technology_DDR5,RAM_Transfer_Speed_MTs_5200",
            "OrganizationCode": "APO",
            "OrganizationId": 300000002453227,
            "Keyword": null,
            "PrimaryUOMCode": "EA",
            "PrimaryUOMName": "EA"
        }
    ],
    "count": 2,
    "hasMore": true,
    "limit": 2,
    "offset": 0,
    "links": [
        {
            "rel": "self",
            "href": "https://iawmqy-dev2.fa.ocs.oraclecloud.com:443/fscmRestApi/resources/11.13.18.05/itemsLOV",
            "name": "itemsLOV",
            "kind": "collection"
        }
    ]
}