{

    "po_header_id": 300000021834102,
    "sequencenumber": 1,
    "po_number": "U02500000000954",
    "po_status": "OPEN",
    "document_type_code": null,
    "po_style": null,
    "procurement_bu": "US_PROC_USD_BU",
    "requisitioning_bu": "US_PL_USD_BU",
    "sold_to_legal_entity": null,
    "bill_to_bu": null,
    "buyer_name": "Patil, Kiran",
    "currency_code": "US Dollar",
    "functional_currency": null,
    "rate": null,
    "rate_type": null,
    "rate_date": null,
    "po_comments": null,
    "bill_to_location": "EL PASO AIO AND DCS",
    "ship_to_location": "EL PASO AIO AND DCS",
    "ship_address1": null,
    "ship_address2": null,
    "ship_address3": null,
    "ship_city": null,
    "ship_state": null,
    "ship_zip": null,
    "ship_country": null,
    "ship_to_tax": null,
    "supplier": "Office Depot",
    "supplier_site": "STORE-6253",
    "shipping_instruction": null,
    "change_type": null,
    "change_order_num": null,
    "initiating_party": null,
    "change_order_description": null,
    "required_acknowledgment": null,
    "acknowledge_within_days": null,
    "note_to_receiver": null,
    "note_to_supplier": null,
    "attribute_category": null,
    "attribute1": null,
    "attribute2": null,
    "attribute3": null,
    "attribute4": null,
    "attribute5": null,
    "attribute6": null,
    "attribute7": null,
    "attribute8": null,
    "attribute9": null,
    "attribute10": null,
    "fob": null,
    "freight_terms": null,
    "payment_terms": null,
    "shipment_method": null,
    "created_by": null,
    "creation_date": "2025-01-15T10:51:10.427857",
    "updated_date": "2025-01-15T10:51:10.427857",
    "updated_by": null,
    "object_version": null,
    "lines": [
        {
            "line_num": 2,
            "line_type": "Goods",
            "item_number": "10000175",
            "item_description": "Auto Receipt Expenstion_Dev2_TestQ1",
            "item_revision": null,
            "category_name": "Goods",
            "naics_code": null,
            "amount": null,
            "ordered_quantity": 15,
            "open_quantity": null,
            "change_type": null,
            "uom": "EA",
            "price": 100,
            "extended_price": null,
            "item_cost": null,
            "material_cost": null,
            "note_to_supplier": null,
            "note_to_receiver": null,
            "cost_type_desc": null,
            "attribute_category": null,
            "attribute1": null,
            "attribute2": null,
            "attribute3": null,
            "attribute4": null,
            "attribute5": null,
            "late_rev": null,
            "need_by_date": null,
            "po_line_status": null,
            "po_line_cancel_flag": null,
            "po_line_cancel_date": null,
            "po_line_cancelled_by": null,
            "po_line_cancel_reason": null,
            "po_line_closed_date": null,
            "po_line_last_update_date": null,
            "po_line_last_updated_by": null,
            "po_line_creation_date": null,
            "po_line_created_by": null,
            "created_by": null,
            "creation_date": "2025-01-15T10:26:14.245020",
            "updated_date": "2025-01-15T10:26:14.245020",
            "updated_by": null,
            "object_version": null
        },
        {
            "line_num": 4,
            "line_type": "Goods",
            "item_number": "10000175",
            "item_description": "Auto Receipt Expenstion_Dev2_TestQ2",
            "item_revision": null,
            "category_name": "Goods",
            "naics_code": null,
            "amount": null,
            "ordered_quantity": 30,
            "open_quantity": null,
            "change_type": null,
            "uom": "EA",
            "price": 100,
            "extended_price": null,
            "item_cost": null,
            "material_cost": null,
            "note_to_supplier": null,
            "note_to_receiver": null,
            "cost_type_desc": null,
            "attribute_category": null,
            "attribute1": null,
            "attribute2": null,
            "attribute3": null,
            "attribute4": null,
            "attribute5": null,
            "late_rev": null,
            "need_by_date": null,
            "po_line_status": null,
            "po_line_cancel_flag": null,
            "po_line_cancel_date": null,
            "po_line_cancelled_by": null,
            "po_line_cancel_reason": null,
            "po_line_closed_date": null,
            "po_line_last_update_date": null,
            "po_line_last_updated_by": null,
            "po_line_creation_date": null,
            "po_line_created_by": null,
            "created_by": null,
            "creation_date": "2025-01-15T10:36:49.012917",
            "updated_date": "2025-01-15T10:36:49.012917",
            "updated_by": null,
            "object_version": null
        }
    ]
}