{
    "items": [
        {
            "customer_name": "AMD"
        },
        {
            "customer_name": "Broadcom"
        },
        {
            "customer_name": "Infineon"
        },
        {
            "customer_name": "Micron Technology"
        },
        {
            "customer_name": "Qualcomm"
        },
        {
            "customer_name": "Samsung"
        },
        {
            "customer_name": "Texas Instruments"
        }
    ],
    "hasMore": false,
    "limit": 1000,
    "offset": 0,
    "count": 7,
    "links": [
        {
            "rel": "self",
            "href": "https://g399b9d54c076b5-fusionpaasdev.adb.us-ashburn-1.oraclecloudapps.com/ords/terext/slotplanning/getcustomernamelov"
        },
        {
            "rel": "describedby",
            "href": "https://g399b9d54c076b5-fusionpaasdev.adb.us-ashburn-1.oraclecloudapps.com/ords/terext/metadata-catalog/slotplanning/item"
        },
        {
            "rel": "first",
            "href": "https://g399b9d54c076b5-fusionpaasdev.adb.us-ashburn-1.oraclecloudapps.com/ords/terext/slotplanning/getcustomernamelov"
        }
    ]
}