{
    "items": [
        {
            "ProjectId": 300000024547230,
            "ProjectName": "DEVELOPMENT",
            "ProjectNumber": "10001"
        },
        {
            "ProjectId": 300000024280989,
            "ProjectName": "Testing",
            "ProjectNumber": "10000"
        },
        {
            "ProjectId": 300000024547640,
            "ProjectName": "Testing 3",
            "ProjectNumber": "10003"
        },
        {
            "ProjectId": 300000024547627,
            "ProjectName": "Testing 2",
            "ProjectNumber": "10002"
        },
        {
            "ProjectId": 300000024547672,
            "ProjectName": "AUH-SOUTHSIDE COMMERCIAL DISTRICT",
            "ProjectNumber": "10004"
        },
        {
            "ProjectId": 300000024784840,
            "ProjectName": "Internal Testing Project ( 6. Resources hierarchy)",
            "ProjectNumber": "10007"
        },
        {
            "ProjectId": 300000024785000,
            "ProjectName": "ITD Budget Internal Testing Project",
            "ProjectNumber": "10009"
        },
        {
            "ProjectId": 300000025455068,
            "ProjectName": "YTD Testing Project",
            "ProjectNumber": "10010"
        },
        {
            "ProjectId": 300000025455444,
            "ProjectName": "Misc Cost Testing Project",
            "ProjectNumber": "10011"
        },
        {
            "ProjectId": 300000025455569,
            "ProjectName": "ADAC Project Test",
            "ProjectNumber": "10022"
        },
        {
            "ProjectId": 300000025455723,
            "ProjectName": "MPROJECT",
            "ProjectNumber": "300000025455723"
        },
        {
            "ProjectId": 300000024740377,
            "ProjectName": "Testing 4",
            "ProjectNumber": "10005"
        },
        {
            "ProjectId": 300000024784491,
            "ProjectName": "Internal Testing Project",
            "ProjectNumber": "10006"
        },
        {
            "ProjectId": 300000024784918,
            "ProjectName": "Resources hierarchy",
            "ProjectNumber": "10008"
        },
        {
            "ProjectId": 300000026344865,
            "ProjectName": "TEST01",
            "ProjectNumber": "300000026344865"
        },
        {
            "ProjectId": 300000027526657,
            "ProjectName": "Budget Control_003",
            "ProjectNumber": "10018"
        },
        {
            "ProjectId": 300000027526737,
            "ProjectName": "IT Project Plan",
            "ProjectNumber": "300000027526737"
        },
        {
            "ProjectId": 300000027647608,
            "ProjectName": "Budget Funds Checking after Capitalization",
            "ProjectNumber": "10019"
        },
        {
            "ProjectId": 300000026344121,
            "ProjectName": "ADAC Demo Testing Project",
            "ProjectNumber": "10013"
        },
        {
            "ProjectId": 300000027526497,
            "ProjectName": "Budget Controlling",
            "ProjectNumber": "10016"
        },
        {
            "ProjectId": 300000025455981,
            "ProjectName": "ADAC Testing Project_01",
            "ProjectNumber": "10012"
        },
        {
            "ProjectId": 300000027209904,
            "ProjectName": "ADA PMO Project",
            "ProjectNumber": "10014"
        },
        {
            "ProjectId": 300000027222483,
            "ProjectName": "ADAC Demo Testing Project_003",
            "ProjectNumber": "10015"
        },
        {
            "ProjectId": 300000027526619,
            "ProjectName": "Budget Contrilling _02",
            "ProjectNumber": "10017"
        },
        {
            "ProjectId": 300000028248033,
            "ProjectName": "Project BPM",
            "ProjectNumber": "10023"
        },
        {
            "ProjectId": 300000028322131,
            "ProjectName": "Project BPM1",
            "ProjectNumber": "10024"
        },
        {
            "ProjectId": 300000028322164,
            "ProjectName": "PEM Project",
            "ProjectNumber": "300000028322164"
        },
        {
            "ProjectId": 300000028322944,
            "ProjectName": "Project BPM04",
            "ProjectNumber": "10027"
        },
        {
            "ProjectId": 300000028322189,
            "ProjectName": "Project BPM2",
            "ProjectNumber": "10025"
        },
        {
            "ProjectId": 300000028322514,
            "ProjectName": "Project BPM3",
            "ProjectNumber": "10026"
        },
        {
            "ProjectId": 300000028026781,
            "ProjectName": "AD PMO Project_002",
            "ProjectNumber": "10021"
        },
        {
            "ProjectId": 300000028026737,
            "ProjectName": "ADA PMO Project_001",
            "ProjectNumber": "10020"
        },
        {
            "ProjectId": 300000028625004,
            "ProjectName": "Budget111",
            "ProjectNumber": "10031"
        },
        {
            "ProjectId": 300000028625492,
            "ProjectName": "CAPEX Project001",
            "ProjectNumber": "10032"
        },
        {
            "ProjectId": 300000028367451,
            "ProjectName": "Project Workflow",
            "ProjectNumber": "10028"
        },
        {
            "ProjectId": 300000029403910,
            "ProjectName": "GL vs PPM Budget End dates checking project",
            "ProjectNumber": "10033"
        },
        {
            "ProjectId": 300000028587825,
            "ProjectName": "ADAC CAPEX 01",
            "ProjectNumber": "10030"
        },
        {
            "ProjectId": 300000029422912,
            "ProjectName": "Test Project Plan",
            "ProjectNumber": "300000029422912"
        },
        {
            "ProjectId": 300000028587717,
            "ProjectName": "Project Budget BPM Testing1",
            "ProjectNumber": "10029"
        },
        {
            "ProjectId": 300000029718474,
            "ProjectName": "Chargable Flag testin at Task level",
            "ProjectNumber": "10035"
        },
        {
            "ProjectId": 300000030302165,
            "ProjectName": "Test Project Plan - CRP",
            "ProjectNumber": "300000030302165"
        },
        {
            "ProjectId": 300000030638906,
            "ProjectName": "Capital Project Gateway Process",
            "ProjectNumber": "10040"
        },
        {
            "ProjectId": 300000030623965,
            "ProjectName": "Test for Asset Book",
            "ProjectNumber": "10038"
        },
        {
            "ProjectId": 300000029585956,
            "ProjectName": "Contengency and Escalation Budget Testing Project",
            "ProjectNumber": "10034"
        },
        {
            "ProjectId": 300000030302270,
            "ProjectName": "RFI Testing",
            "ProjectNumber": "10036"
        },
        {
            "ProjectId": 300000030302564,
            "ProjectName": "Test Project",
            "ProjectNumber": "10037"
        },
        {
            "ProjectId": 300000030632869,
            "ProjectName": "Negotiation Plan in PPM",
            "ProjectNumber": "300000030632869"
        },
        {
            "ProjectId": 300000030638298,
            "ProjectName": "Test Project  Plan",
            "ProjectNumber": "10051"
        },
        {
            "ProjectId": 300000030665071,
            "ProjectName": "Test forRequirements",
            "ProjectNumber": "300000030665071"
        },
        {
            "ProjectId": 300000030918214,
            "ProjectName": "Test for Project Approvals",
            "ProjectNumber": "10042"
        },
        {
            "ProjectId": 300000030918551,
            "ProjectName": "ADAC Inventory Org Project 1",
            "ProjectNumber": "10043"
        },
        {
            "ProjectId": 300000030665256,
            "ProjectName": "Test Project_2209",
            "ProjectNumber": "10039"
        },
        {
            "ProjectId": 300000030645120,
            "ProjectName": "S1.1 Project Requirements Defined",
            "ProjectNumber": "300000030645120"
        },
        {
            "ProjectId": 300000030903129,
            "ProjectName": "Test for Sourcing",
            "ProjectNumber": "10041"
        },
        {
            "ProjectId": 300000031000329,
            "ProjectName": "Test Project for PEM2",
            "ProjectNumber": "300000031000329"
        },
        {
            "ProjectId": 300000031000368,
            "ProjectName": "ADAC PMO Project 1",
            "ProjectNumber": "10049"
        },
        {
            "ProjectId": 300000031000455,
            "ProjectName": "Budget Project 2",
            "ProjectNumber": "300000031000455"
        },
        {
            "ProjectId": 300000030918580,
            "ProjectName": "ADAC Inventory Org Project 2",
            "ProjectNumber": "10044"
        },
        {
            "ProjectId": 300000030956408,
            "ProjectName": "BPM_001",
            "ProjectNumber": "10045"
        },
        {
            "ProjectId": 300000031000060,
            "ProjectName": "Test Project for PEM1",
            "ProjectNumber": "10048"
        },
        {
            "ProjectId": 300000030956968,
            "ProjectName": "Requirement for P1",
            "ProjectNumber": "10047"
        },
        {
            "ProjectId": 300000030956571,
            "ProjectName": "Test Project for PEM",
            "ProjectNumber": "10046"
        },
        {
            "ProjectId": 300000031000337,
            "ProjectName": "Sourcing Project",
            "ProjectNumber": "300000031000337"
        },
        {
            "ProjectId": 300000031000463,
            "ProjectName": "Test Project for PEM3",
            "ProjectNumber": "300000031000463"
        },
        {
            "ProjectId": 300000031000599,
            "ProjectName": "SOUTHSIDE CARGO TERMINALS & CARGO VILLAGE REFURBISHMENT",
            "ProjectNumber": "300000031000599"
        },
        {
            "ProjectId": 300000031011412,
            "ProjectName": "Space Port",
            "ProjectNumber": "T00001"
        },
        {
            "ProjectId": 300000031000636,
            "ProjectName": "SOUTHSIDE CARGO TERMINALS & CARGO VILLAGE REFURBISHMENT1",
            "ProjectNumber": "AUH.01.09.06"
        },
        {
            "ProjectId": 300000031000398,
            "ProjectName": "Budget Project 1",
            "ProjectNumber": "300000031000398"
        },
        {
            "ProjectId": 300000031000495,
            "ProjectName": "test 123",
            "ProjectNumber": "10050"
        },
        {
            "ProjectId": 300000031000746,
            "ProjectName": "SOUTHSIDE CARGO TERMINALS & CARGO VILLAGE REFURBISHMENT 1",
            "ProjectNumber": "300000031000746"
        },
        {
            "ProjectId": 300000031064543,
            "ProjectName": "PPM BPM2",
            "ProjectNumber": "PPM BPM2"
        },
        {
            "ProjectId": 300000031143820,
            "ProjectName": "Project BPM4",
            "ProjectNumber": "Project BPM4"
        },
        {
            "ProjectId": 300000031064516,
            "ProjectName": "PPM BPM 1",
            "ProjectNumber": "PPM BPM 1"
        },
        {
            "ProjectId": 300000031011511,
            "ProjectName": "ADAC Project Approvals",
            "ProjectNumber": "ADAC Project Approvals"
        },
        {
            "ProjectId": 300000031011753,
            "ProjectName": "Smoke Test 1",
            "ProjectNumber": "Smoke Test 1"
        },
        {
            "ProjectId": 300000031064590,
            "ProjectName": "PPM BPM3",
            "ProjectNumber": "PPM BPM3"
        },
        {
            "ProjectId": 300000031163397,
            "ProjectName": "Sourcing",
            "ProjectNumber": "300000031163397"
        },
        {
            "ProjectId": 300000031213017,
            "ProjectName": "BPM Test P1",
            "ProjectNumber": "BPM Test P1"
        },
        {
            "ProjectId": 300000031222632,
            "ProjectName": "Southern_1",
            "ProjectNumber": "AUH.01.09.06_1"
        },
        {
            "ProjectId": 300000031226492,
            "ProjectName": "Budget checking with zero period Amounts",
            "ProjectNumber": "AUH_0001"
        },
        {
            "ProjectId": 300000031226659,
            "ProjectName": "DNU1",
            "ProjectNumber": "DNU1"
        },
        {
            "ProjectId": 300000031213032,
            "ProjectName": "Project BPM5",
            "ProjectNumber": "Project BPM5"
        },
        {
            "ProjectId": 300000031222094,
            "ProjectName": "DNU",
            "ProjectNumber": "DNU"
        },
        {
            "ProjectId": 300000031222145,
            "ProjectName": "Currency Conversion",
            "ProjectNumber": "Currency Conversion1"
        },
        {
            "ProjectId": 300000031226057,
            "ProjectName": "Test1",
            "ProjectNumber": "Test1"
        },
        {
            "ProjectId": 300000031226702,
            "ProjectName": "SOUTHSIDE CARGO AUH_0004",
            "ProjectNumber": "AUH_0004"
        },
        {
            "ProjectId": 300000031226691,
            "ProjectName": "SOUTHSIDE CARGO AUH_0003",
            "ProjectNumber": "AUH_0003"
        },
        {
            "ProjectId": 300000031226680,
            "ProjectName": "SOUTHSIDE CARGO AUH_0002",
            "ProjectNumber": "AUH_0002"
        },
        {
            "ProjectId": 300000031226713,
            "ProjectName": "SOUTHSIDE CARGO AUH_0005",
            "ProjectNumber": "AUH_0005"
        },
        {
            "ProjectId": 300000031290194,
            "ProjectName": "Maintained Project budget all periods as per project Start and End dates Except AUG and SEP 2024 and tried  to create Cost to that specific periods",
            "ProjectNumber": "AUH_0007"
        },
        {
            "ProjectId": 300000031235138,
            "ProjectName": "DNU2",
            "ProjectNumber": "AUH_0006"
        },
        {
            "ProjectId": 300000031306408,
            "ProjectName": "ADAC INV Project Testing",
            "ProjectNumber": "10060"
        },
        {
            "ProjectId": 300000031290348,
            "ProjectName": "Maintaining Budgetary controls absolute at Top RESOURCE and Top TASK LEVL",
            "ProjectNumber": "AUH_0008"
        },
        {
            "ProjectId": 300000031290448,
            "ProjectName": "Planned dates from 1 Jan to 31 Jan and Trasaction Start date from 1 Oct to 30 Oct",
            "ProjectNumber": "AUH_0009"
        },
        {
            "ProjectId": 300000031306157,
            "ProjectName": "Maintaining Budgetary controls absolute at Lowest RESOURCE and Lowest TASK LEVL",
            "ProjectNumber": "AUH_0010"
        },
        {
            "ProjectId": 300000031324888,
            "ProjectName": "USCBP MTB_001",
            "ProjectNumber": "USCBP MTB_001"
        },
        {
            "ProjectId": 300000031334430,
            "ProjectName": "ADDF Project 1",
            "ProjectNumber": "ADDF_0001"
        },
        {
            "ProjectId": 300000031324919,
            "ProjectName": "Test 1",
            "ProjectNumber": "Test 1"
        },
        {
            "ProjectId": 300000031340516,
            "ProjectName": "USCBP MTB_004",
            "ProjectNumber": "USCBP MTB_004"
        },
        {
            "ProjectId": 300000031340304,
            "ProjectName": "USCBP MTB_002",
            "ProjectNumber": "USCBP MTB_002"
        }
    ],
    "count": 100,
    "hasMore": true,
    "limit": 100,
    "offset": 0,
    "links": [
        {
            "rel": "self",
            "href": "https://hcts-test.fa.em2.oraclecloud.com:443/fscmRestApi/resources/11.13.18.05/projects",
            "name": "projects",
            "kind": "collection"
        }
    ]
}