{
    "items": [
        {
            "sno_number": 28,
            "slot_id": 698,
            "slot_number": "UF9808",
            "pd_qtr": "1",
            "mrp_qtr": "1",
            "platform": "UFLEX STS",
            "system": "12 SLOTS",
            "slot_type": "Revenue",
            "slot_status": "Identified",
            "customer": "QUALCOMM TAIWAN CORPORATION",
            "demand_class": "UFlex Systems",
            "schedule_date": "2026-03-04T00:00:00Z",
            "promised_date": "2026-03-20T00:00:00Z",
            "quantity": 3,
            "part_number": "609-219-05",
            "part_description": "ULTRAPIN1600+ 256PIN INSTRUMENT ASSEMBLY",
            "actual_date": null,
            "sales_order": null,
            "planning_organization": "STS",
            "mfr": "Flex",
            "mfr_site": "Penang",
            "forecast_name": null,
            "revenue": "830000",
            "config_number": "997171",
            "request_number": "CR135240",
            "customer_date": "2026-03-20T00:00:00Z",
            "customer_site_id": "174669",
            "revenue_qtr": "1",
            "system_count": null,
            "revenue_system_count": null,
            "system_count_adj": null,
            "revenue_adj": null,
            "cogs_adj": null,
            "adjustment_comment": null,
            "finance_comments": null,
            "marketing_comments": null,
            "operations_comments": null
        },
        {
            "sno_number": 29,
            "slot_id": 698,
            "slot_number": "UF9808",
            "pd_qtr": "1",
            "mrp_qtr": "1",
            "platform": "UFLEX STS",
            "system": "12 SLOTS",
            "slot_type": "Revenue",
            "slot_status": "Identified",
            "customer": "QUALCOMM TAIWAN CORPORATION",
            "demand_class": "UFlex Systems",
            "schedule_date": "2026-03-04T00:00:00Z",
            "promised_date": "2026-03-20T00:00:00Z",
            "quantity": 8,
            "part_number": "609-256-00",
            "part_description": "KIT UVI-80",
            "actual_date": null,
            "sales_order": null,
            "planning_organization": "STS",
            "mfr": "Flex",
            "mfr_site": "Penang",
            "forecast_name": null,
            "revenue": "830000",
            "config_number": "997171",
            "request_number": "CR135240",
            "customer_date": "2026-03-20T00:00:00Z",
            "customer_site_id": "174669",
            "revenue_qtr": "1",
            "system_count": null,
            "revenue_system_count": null,
            "system_count_adj": null,
            "revenue_adj": null,
            "cogs_adj": null,
            "adjustment_comment": null,
            "finance_comments": null,
            "marketing_comments": null,
            "operations_comments": null
        }
    ],
    "hasMore": false,
    "limit": 1000,
    "offset": 0,
    "count": 2,
    "links": [
        {
            "rel": "self",
            "href": "https://g399b9d54c076b5-fusionpaasdev.adb.us-ashburn-1.oraclecloudapps.com/ords/terext/slotplanning/getViewDetails?p_slot_number=UF9808"
        },
        {
            "rel": "describedby",
            "href": "https://g399b9d54c076b5-fusionpaasdev.adb.us-ashburn-1.oraclecloudapps.com/ords/terext/metadata-catalog/slotplanning/item"
        },
        {
            "rel": "first",
            "href": "https://g399b9d54c076b5-fusionpaasdev.adb.us-ashburn-1.oraclecloudapps.com/ords/terext/slotplanning/getViewDetails?p_slot_number=UF9808"
        }
    ]
}