{
    "AgreementHeaderId": 324005,
    "AgreementNumber": "PA-US00000000614",
    "ProcurementBUId": 300000002301171,
    "ProcurementBU": "US_PROC_USD_BU",
    "BuyerId": 300000006615796,
    "Buyer": "Integration, Dev2",
    "DocumentStyleId": 1,
    "DocumentStyle": "Blanket Purchase Agreement",
    "StatusCode": "OPEN",
    "Status": "Open",
    "SupplierId": 300000004350110,
    "Supplier": "Office Depot",
    "SupplierSiteId": 300000004350135,
    "SupplierSite": "STORE-6253",
    "SupplierContactId": 300000004350235,
    "SupplierContact": "Smith, Jack",
    "SupplierCommunicationMethodCode": "EMAIL",
    "SupplierEmailAddress": "kirpatil@deloitte.com",
    "SupplierFax": null,
    "StartDate": "2025-02-07",
    "EndDate": "4712-12-31",
    "AgreementAmount": 350000,
    "CurrencyCode": "USD",
    "Currency": "US Dollar",
    "AmountLimit": 350000,
    "MinimumReleaseAmount": null,
    "ReleasedAmount": null,
    "Description": "Testing REST BPA  ",
    "DocumentTypeCode": "BLANKET",
    "MasterContractId": null,
    "MasterContractNumber": null,
    "MasterContractTypeId": null,
    "MasterContractType": null,
    "ConversionRateTypeCode": null,
    "ConversionRateDate": null,
    "ConversionRate": null,
    "RevisionNumber": 3,
    "SupplierAgreement": null,
    "ReferenceNumber": null,
    "ClosedDate": null,
    "RequiredAcknowledgmentCode": "N",
    "RequiredAcknowledgment": "None",
    "AcknowledgmentDueDate": null,
    "AcknowledgmentWithinDays": null,
    "PaymentTermsId": null,
    "PaymentTerms": null,
    "CarrierId": null,
    "Carrier": null,
    "ModeOfTransportCode": null,
    "ModeOfTransport": null,
    "ServiceLevelCode": null,
    "ServiceLevel": null,
    "FreightTermsCode": null,
    "FreightTerms": null,
    "FOBCode": null,
    "FOB": null,
    "RequiresSignatureFlag": false,
    "BuyerManagedTransportFlag": false,
    "PayOnReceiptFlag": false,
    "ConfirmingOrderFlag": false,
    "ConsumptionAdviceFrequencyCode": null,
    "ConsumptionAdviceFrequency": null,
    "ConsumptionAdviceSummaryCode": null,
    "ConsumptionAdviceSummary": null,
    "AgingOnsetPointCode": "NONE",
    "AgingOnsetPoint": "None",
    "AgingPeriodDays": null,
    "NoteToReceiver": null,
    "NoteToSupplier": null,
    "AutomaticallyGenerateOrdersFlag": true,
    "AutomaticallySubmitForApprovalFlag": true,
    "GroupRequisitionsFlag": true,
    "UseCustomerSalesOrderFlag": null,
    "UseShipToLocationFlag": false,
    "GroupRequisitionLinesFlag": true,
    "UseRequestedDateFlag": null,
    "UseShipToOrganizationAndLocationFlag": null,
    "AllowUnassignedSitesFlag": false,
    "EnableRetroactivePricingFlag": true,
    "InitiateRetroactivePricingUponApprovalFlag": false,
    "RepriceOpenOrdersFlag": true,
    "CommunicateRepricedOrdersFlag": true,
    "PunchoutRequestsOnlyFlag": null,
    "UseOrderDateForOrderPricingFlag": false,
    "Priority": null,
    "Checklist": null,
    "CreationDate": "2025-02-07T06:52:13+00:00",
    "CreatedBy": "DELL_INT_USER",
    "LastUpdateDate": "2025-03-05T10:21:18.135+00:00",
    "LastUpdatedBy": "FUSION_APPS_PRC_SOA_APPID",
    "businessUnitAccess": {
        "items": [
            {
                "OrganizationAssignmentId": 126005,
                "RequisitioningBUId": 300000002301157,
                "RequisitioningBU": "US_PL_USD_BU",
                "OrderLocallyFlag": false,
                "PurchasingSiteId": 300000004350135,
                "PurchasingSite": "STORE-6253",
                "ShipToLocationId": 300000002453126,
                "ShipToLocationCode": "EL PASO AIO AND DCS",
                "ShipToLocation": "EL PASO AIO AND DCS",
                "BilltoBUId": 300000002301157,
                "BillToBU": "US_PL_USD_BU",
                "BillToLocationId": 300000002453126,
                "BillToLocation": "EL PASO AIO AND DCS",
                "EnabledFlag": true,
                "CreatedBy": "dell_ext_user",
                "CreationDate": "2025-02-07T06:51:06.035+00:00",
                "LastUpdatedBy": "FUSION_APPS_PRC_SOA_APPID",
                "LastUpdateDate": "2025-03-05T10:21:18+00:00"
            }
        ],
        "count": 1,
        "hasMore": false,
        "limit": 24,
        "offset": 0,
        "links": [
            {
                "rel": "self",
                "href": "https://iawmqy-dev2.fa.ocs.oraclecloud.com:443/fscmRestApi/resources/11.13.18.05/purchaseAgreements/324005/child/businessUnitAccess",
                "name": "businessUnitAccess",
                "kind": "collection"
            }
        ]
    },
    "lines": {
        "items": [
            {
                "AgreementLineId": 344011,
                "LineNumber": 1,
                "AgreementHeaderId": 324005,
                "AgreementNumber": "PA-US00000000614",
                "ProcurementBUId": 300000002301171,
                "ProcurementBU": "US_PROC_USD_BU",
                "SupplierId": 300000004350110,
                "Supplier": "Office Depot",
                "SupplierSiteId": 300000004350135,
                "SupplierSite": "STORE-6253",
                "LineTypeId": 1,
                "LineType": "Goods",
                "ItemId": 300000003665910,
                "Item": "10000482",
                "ItemRevision": null,
                "Description": "Peripherals_Type_Docking Stations",
                "SupplierItem": null,
                "CategoryId": 300000002452338,
                "CategoryCode": "Goods",
                "Category": "Goods",
                "StatusCode": "OPEN",
                "Status": "Open",
                "UOMCode": "Ea",
                "UOM": "Each",
                "Price": 1400,
                "Amount": null,
                "CurrencyCode": "USD",
                "Currency": "US Dollar",
                "ConsignmentLineFlag": false,
                "NoteToSupplier": " Note to supplier line1",
                "AllowItemDescriptionUpdateFlag": true,
                "PriceLimit": null,
                "AllowPriceOverrideFlag": false,
                "NegotiatedFlag": true,
                "LineStartDate": null,
                "ExpirationDate": null,
                "MinimumReleaseAmount": null,
                "AgreementAmount": 350000,
                "AgreementQuantity": null,
                "ReleasedAmount": null,
                "PriceBreakTypeCode": "CUMULATIVE",
                "SupplierItemAuxiliaryIdentifier": null,
                "ParentItemId": null,
                "SupplierParentItem": null,
                "TopModelId": null,
                "SupplierTopModel": null,
                "UnNumberId": null,
                "UnNumber": null,
                "UNNumberDescription": null,
                "HazardClassId": null,
                "HazardClassCode": null,
                "HazardClass": null,
                "AgingPeriodDays": null,
                "CreatedBy": "DELL_INT_USER",
                "CreationDate": "2025-02-07T06:52:14+00:00",
                "LastUpdatedBy": "FUSION_APPS_PRC_SOA_APPID",
                "LastUpdateDate": "2025-03-05T10:21:18+00:00"
            }
        ],
        "count": 1,
        "hasMore": false,
        "limit": 25,
        "offset": 0,
        "links": [
            {
                "rel": "self",
                "href": "https://iawmqy-dev2.fa.ocs.oraclecloud.com:443/fscmRestApi/resources/11.13.18.05/purchaseAgreements/324005/child/lines",
                "name": "lines",
                "kind": "collection"
            }
        ]
    },
    "notificationControls": {
        "items": [],
        "count": 0,
        "hasMore": false,
        "limit": 24,
        "offset": 0,
        "links": [
            {
                "rel": "self",
                "href": "https://iawmqy-dev2.fa.ocs.oraclecloud.com:443/fscmRestApi/resources/11.13.18.05/purchaseAgreements/324005/child/notificationControls",
                "name": "notificationControls",
                "kind": "collection"
            }
        ]
    }
}