{
    "items": [
        {
            "AssignmentId": 300000002864255,
            "ClientBUId": 300000002324029,
            "ClientBU": "CN_PL_CNY_BU",
            "BillToBUId": 300000002324029,
            "BillToBU": "CN_PL_CNY_BU",
            "ShipToLocationId": null,
            "ShipToLocation": null,
            "ShipToLocationCode": null,
            "BillToLocationId": null,
            "BillToLocation": null,
            "BillToLocationCode": null,
            "UseWithholdingTaxFlag": null,
            "WithholdingTaxGroupId": null,
            "WithholdingTaxGroup": null,
            "ChartOfAccountsId": 2001,
            "LiabilityDistributionId": null,
            "LiabilityDistribution": null,
            "PrepaymentDistributionId": null,
            "PrepaymentDistribution": null,
            "BillPayableDistributionId": null,
            "BillPayableDistribution": null,
            "DistributionSetId": null,
            "DistributionSet": null,
            "InactiveDate": null,
            "Status": "ACTIVE",
            "CreationDate": "2024-08-14T09:18:36.260+00:00",
            "CreatedBy": "1405164",
            "LastUpdateDate": "2024-08-14T09:18:43.917+00:00",
            "LastUpdatedBy": "1405164"
        },
        {
            "AssignmentId": 300000002864253,
            "ClientBUId": 300000002301184,
            "ClientBU": "AU_PL_AUD_BU",
            "BillToBUId": 300000002301184,
            "BillToBU": "AU_PL_AUD_BU",
            "ShipToLocationId": null,
            "ShipToLocation": null,
            "ShipToLocationCode": null,
            "BillToLocationId": null,
            "BillToLocation": null,
            "BillToLocationCode": null,
            "UseWithholdingTaxFlag": null,
            "WithholdingTaxGroupId": null,
            "WithholdingTaxGroup": null,
            "ChartOfAccountsId": 2001,
            "LiabilityDistributionId": null,
            "LiabilityDistribution": null,
            "PrepaymentDistributionId": null,
            "PrepaymentDistribution": null,
            "BillPayableDistributionId": null,
            "BillPayableDistribution": null,
            "DistributionSetId": null,
            "DistributionSet": null,
            "InactiveDate": null,
            "Status": "ACTIVE",
            "CreationDate": "2024-08-14T09:18:36.257+00:00",
            "CreatedBy": "1405164",
            "LastUpdateDate": "2024-08-14T09:18:43.917+00:00",
            "LastUpdatedBy": "1405164"
        },
        {
            "AssignmentId": 300000002864261,
            "ClientBUId": 300000002301198,
            "ClientBU": "MY_PL_MYR_BU",
            "BillToBUId": 300000002301198,
            "BillToBU": "MY_PL_MYR_BU",
            "ShipToLocationId": null,
            "ShipToLocation": null,
            "ShipToLocationCode": null,
            "BillToLocationId": null,
            "BillToLocation": null,
            "BillToLocationCode": null,
            "UseWithholdingTaxFlag": null,
            "WithholdingTaxGroupId": null,
            "WithholdingTaxGroup": null,
            "ChartOfAccountsId": 2001,
            "LiabilityDistributionId": null,
            "LiabilityDistribution": null,
            "PrepaymentDistributionId": null,
            "PrepaymentDistribution": null,
            "BillPayableDistributionId": null,
            "BillPayableDistribution": null,
            "DistributionSetId": null,
            "DistributionSet": null,
            "InactiveDate": null,
            "Status": "ACTIVE",
            "CreationDate": "2024-08-14T09:18:36.269+00:00",
            "CreatedBy": "1405164",
            "LastUpdateDate": "2024-08-14T09:18:43.917+00:00",
            "LastUpdatedBy": "1405164"
        },
        {
            "AssignmentId": 300000002864265,
            "ClientBUId": 300000002324087,
            "ClientBU": "JP_PL_JPY_BU",
            "BillToBUId": 300000002324087,
            "BillToBU": "JP_PL_JPY_BU",
            "ShipToLocationId": null,
            "ShipToLocation": null,
            "ShipToLocationCode": null,
            "BillToLocationId": null,
            "BillToLocation": null,
            "BillToLocationCode": null,
            "UseWithholdingTaxFlag": null,
            "WithholdingTaxGroupId": null,
            "WithholdingTaxGroup": null,
            "ChartOfAccountsId": 2001,
            "LiabilityDistributionId": null,
            "LiabilityDistribution": null,
            "PrepaymentDistributionId": null,
            "PrepaymentDistribution": null,
            "BillPayableDistributionId": null,
            "BillPayableDistribution": null,
            "DistributionSetId": null,
            "DistributionSet": null,
            "InactiveDate": null,
            "Status": "ACTIVE",
            "CreationDate": "2024-08-14T09:18:36.275+00:00",
            "CreatedBy": "1405164",
            "LastUpdateDate": "2024-08-14T09:18:43.918+00:00",
            "LastUpdatedBy": "1405164"
        },
        {
            "AssignmentId": 300000004366234,
            "ClientBUId": 300000004286280,
            "ClientBU": "SG_PL_USD_BU_AME",
            "BillToBUId": 300000004286280,
            "BillToBU": "SG_PL_USD_BU_AME",
            "ShipToLocationId": null,
            "ShipToLocation": null,
            "ShipToLocationCode": null,
            "BillToLocationId": null,
            "BillToLocation": null,
            "BillToLocationCode": null,
            "UseWithholdingTaxFlag": null,
            "WithholdingTaxGroupId": null,
            "WithholdingTaxGroup": null,
            "ChartOfAccountsId": 2001,
            "LiabilityDistributionId": null,
            "LiabilityDistribution": null,
            "PrepaymentDistributionId": null,
            "PrepaymentDistribution": null,
            "BillPayableDistributionId": null,
            "BillPayableDistribution": null,
            "DistributionSetId": null,
            "DistributionSet": null,
            "InactiveDate": null,
            "Status": "ACTIVE",
            "CreationDate": "2024-10-17T12:57:01.320+00:00",
            "CreatedBy": "1411482",
            "LastUpdateDate": "2024-10-17T12:57:03.760+00:00",
            "LastUpdatedBy": "1411482"
        },
        {
            "AssignmentId": 300000002864267,
            "ClientBUId": 300000002603180,
            "ClientBU": "CN_PL_USD_BU_CHN",
            "BillToBUId": 300000002603180,
            "BillToBU": "CN_PL_USD_BU_CHN",
            "ShipToLocationId": null,
            "ShipToLocation": null,
            "ShipToLocationCode": null,
            "BillToLocationId": null,
            "BillToLocation": null,
            "BillToLocationCode": null,
            "UseWithholdingTaxFlag": null,
            "WithholdingTaxGroupId": null,
            "WithholdingTaxGroup": null,
            "ChartOfAccountsId": 2001,
            "LiabilityDistributionId": null,
            "LiabilityDistribution": null,
            "PrepaymentDistributionId": null,
            "PrepaymentDistribution": null,
            "BillPayableDistributionId": null,
            "BillPayableDistribution": null,
            "DistributionSetId": null,
            "DistributionSet": null,
            "InactiveDate": null,
            "Status": "ACTIVE",
            "CreationDate": "2024-08-14T09:18:36.278+00:00",
            "CreatedBy": "1405164",
            "LastUpdateDate": "2024-08-14T09:18:43.918+00:00",
            "LastUpdatedBy": "1405164"
        },
        {
            "AssignmentId": 300000002864259,
            "ClientBUId": 300000002788026,
            "ClientBU": "MY_PL_USD_BU_CM",
            "BillToBUId": 300000002788026,
            "BillToBU": "MY_PL_USD_BU_CM",
            "ShipToLocationId": null,
            "ShipToLocation": null,
            "ShipToLocationCode": null,
            "BillToLocationId": null,
            "BillToLocation": null,
            "BillToLocationCode": null,
            "UseWithholdingTaxFlag": null,
            "WithholdingTaxGroupId": null,
            "WithholdingTaxGroup": null,
            "ChartOfAccountsId": 2001,
            "LiabilityDistributionId": null,
            "LiabilityDistribution": null,
            "PrepaymentDistributionId": null,
            "PrepaymentDistribution": null,
            "BillPayableDistributionId": null,
            "BillPayableDistribution": null,
            "DistributionSetId": null,
            "DistributionSet": null,
            "InactiveDate": null,
            "Status": "ACTIVE",
            "CreationDate": "2024-08-14T09:18:36.266+00:00",
            "CreatedBy": "1405164",
            "LastUpdateDate": "2024-08-14T09:18:43.917+00:00",
            "LastUpdatedBy": "1405164"
        },
        {
            "AssignmentId": 300000004366236,
            "ClientBUId": 300000004286294,
            "ClientBU": "SG_PL_USD_BU_EME",
            "BillToBUId": 300000004286294,
            "BillToBU": "SG_PL_USD_BU_EME",
            "ShipToLocationId": null,
            "ShipToLocation": null,
            "ShipToLocationCode": null,
            "BillToLocationId": null,
            "BillToLocation": null,
            "BillToLocationCode": null,
            "UseWithholdingTaxFlag": null,
            "WithholdingTaxGroupId": null,
            "WithholdingTaxGroup": null,
            "ChartOfAccountsId": 2001,
            "LiabilityDistributionId": null,
            "LiabilityDistribution": null,
            "PrepaymentDistributionId": null,
            "PrepaymentDistribution": null,
            "BillPayableDistributionId": null,
            "BillPayableDistribution": null,
            "DistributionSetId": null,
            "DistributionSet": null,
            "InactiveDate": null,
            "Status": "ACTIVE",
            "CreationDate": "2024-10-17T12:57:01.323+00:00",
            "CreatedBy": "1411482",
            "LastUpdateDate": "2024-10-17T12:57:03.760+00:00",
            "LastUpdatedBy": "1411482"
        },
        {
            "AssignmentId": 300000002864269,
            "ClientBUId": 300000002422091,
            "ClientBU": "KR_PL_KRW_BU",
            "BillToBUId": 300000002422091,
            "BillToBU": "KR_PL_KRW_BU",
            "ShipToLocationId": null,
            "ShipToLocation": null,
            "ShipToLocationCode": null,
            "BillToLocationId": null,
            "BillToLocation": null,
            "BillToLocationCode": null,
            "UseWithholdingTaxFlag": null,
            "WithholdingTaxGroupId": null,
            "WithholdingTaxGroup": null,
            "ChartOfAccountsId": 2001,
            "LiabilityDistributionId": null,
            "LiabilityDistribution": null,
            "PrepaymentDistributionId": null,
            "PrepaymentDistribution": null,
            "BillPayableDistributionId": null,
            "BillPayableDistribution": null,
            "DistributionSetId": null,
            "DistributionSet": null,
            "InactiveDate": null,
            "Status": "ACTIVE",
            "CreationDate": "2024-08-14T09:18:36.280+00:00",
            "CreatedBy": "1405164",
            "LastUpdateDate": "2024-08-14T09:18:43.918+00:00",
            "LastUpdatedBy": "1405164"
        },
        {
            "AssignmentId": 300000002864245,
            "ClientBUId": 300000002603276,
            "ClientBU": "SG_PL_USD_BU",
            "BillToBUId": 300000002603276,
            "BillToBU": "SG_PL_USD_BU",
            "ShipToLocationId": null,
            "ShipToLocation": null,
            "ShipToLocationCode": null,
            "BillToLocationId": null,
            "BillToLocation": null,
            "BillToLocationCode": null,
            "UseWithholdingTaxFlag": null,
            "WithholdingTaxGroupId": null,
            "WithholdingTaxGroup": null,
            "ChartOfAccountsId": 2001,
            "LiabilityDistributionId": null,
            "LiabilityDistribution": null,
            "PrepaymentDistributionId": null,
            "PrepaymentDistribution": null,
            "BillPayableDistributionId": null,
            "BillPayableDistribution": null,
            "DistributionSetId": null,
            "DistributionSet": null,
            "InactiveDate": null,
            "Status": "ACTIVE",
            "CreationDate": "2024-08-14T09:18:35.900+00:00",
            "CreatedBy": "1405164",
            "LastUpdateDate": "2024-08-14T09:18:43.917+00:00",
            "LastUpdatedBy": "1405164"
        },
        {
            "AssignmentId": 300000002864257,
            "ClientBUId": 300000002788012,
            "ClientBU": "CN_PL_USD_BU_XIA",
            "BillToBUId": 300000002788012,
            "BillToBU": "CN_PL_USD_BU_XIA",
            "ShipToLocationId": null,
            "ShipToLocation": null,
            "ShipToLocationCode": null,
            "BillToLocationId": null,
            "BillToLocation": null,
            "BillToLocationCode": null,
            "UseWithholdingTaxFlag": null,
            "WithholdingTaxGroupId": null,
            "WithholdingTaxGroup": null,
            "ChartOfAccountsId": 2001,
            "LiabilityDistributionId": null,
            "LiabilityDistribution": null,
            "PrepaymentDistributionId": null,
            "PrepaymentDistribution": null,
            "BillPayableDistributionId": null,
            "BillPayableDistribution": null,
            "DistributionSetId": null,
            "DistributionSet": null,
            "InactiveDate": null,
            "Status": "ACTIVE",
            "CreationDate": "2024-08-14T09:18:36.263+00:00",
            "CreatedBy": "1405164",
            "LastUpdateDate": "2024-08-14T09:18:43.917+00:00",
            "LastUpdatedBy": "1405164"
        },
        {
            "AssignmentId": 300000002864247,
            "ClientBUId": 300000002768998,
            "ClientBU": "CN_PL_USD_BU_KUN",
            "BillToBUId": 300000002768998,
            "BillToBU": "CN_PL_USD_BU_KUN",
            "ShipToLocationId": null,
            "ShipToLocation": null,
            "ShipToLocationCode": null,
            "BillToLocationId": null,
            "BillToLocation": null,
            "BillToLocationCode": null,
            "UseWithholdingTaxFlag": null,
            "WithholdingTaxGroupId": null,
            "WithholdingTaxGroup": null,
            "ChartOfAccountsId": 2001,
            "LiabilityDistributionId": null,
            "LiabilityDistribution": null,
            "PrepaymentDistributionId": null,
            "PrepaymentDistribution": null,
            "BillPayableDistributionId": null,
            "BillPayableDistribution": null,
            "DistributionSetId": null,
            "DistributionSet": null,
            "InactiveDate": null,
            "Status": "ACTIVE",
            "CreationDate": "2024-08-14T09:18:36.247+00:00",
            "CreatedBy": "1405164",
            "LastUpdateDate": "2024-08-14T09:18:43.917+00:00",
            "LastUpdatedBy": "1405164"
        },
        {
            "AssignmentId": 300000004366238,
            "ClientBUId": 300000004286308,
            "ClientBU": "SG_PL_USD_BU_DGP",
            "BillToBUId": 300000004286308,
            "BillToBU": "SG_PL_USD_BU_DGP",
            "ShipToLocationId": null,
            "ShipToLocation": null,
            "ShipToLocationCode": null,
            "BillToLocationId": null,
            "BillToLocation": null,
            "BillToLocationCode": null,
            "UseWithholdingTaxFlag": null,
            "WithholdingTaxGroupId": null,
            "WithholdingTaxGroup": null,
            "ChartOfAccountsId": 2001,
            "LiabilityDistributionId": null,
            "LiabilityDistribution": null,
            "PrepaymentDistributionId": null,
            "PrepaymentDistribution": null,
            "BillPayableDistributionId": null,
            "BillPayableDistribution": null,
            "DistributionSetId": null,
            "DistributionSet": null,
            "InactiveDate": null,
            "Status": "ACTIVE",
            "CreationDate": "2024-10-17T12:57:01.326+00:00",
            "CreatedBy": "1411482",
            "LastUpdateDate": "2024-10-17T12:57:03.760+00:00",
            "LastUpdatedBy": "1411482"
        },
        {
            "AssignmentId": 300000002864271,
            "ClientBUId": 300000002324058,
            "ClientBU": "IN_PL_INR_BU",
            "BillToBUId": 300000002324058,
            "BillToBU": "IN_PL_INR_BU",
            "ShipToLocationId": null,
            "ShipToLocation": null,
            "ShipToLocationCode": null,
            "BillToLocationId": null,
            "BillToLocation": null,
            "BillToLocationCode": null,
            "UseWithholdingTaxFlag": null,
            "WithholdingTaxGroupId": null,
            "WithholdingTaxGroup": null,
            "ChartOfAccountsId": 2001,
            "LiabilityDistributionId": null,
            "LiabilityDistribution": null,
            "PrepaymentDistributionId": null,
            "PrepaymentDistribution": null,
            "BillPayableDistributionId": null,
            "BillPayableDistribution": null,
            "DistributionSetId": null,
            "DistributionSet": null,
            "InactiveDate": null,
            "Status": "ACTIVE",
            "CreationDate": "2024-08-14T09:18:36.283+00:00",
            "CreatedBy": "1405164",
            "LastUpdateDate": "2024-08-14T09:18:43.918+00:00",
            "LastUpdatedBy": "1405164"
        },
        {
            "AssignmentId": 300000002864251,
            "ClientBUId": 300000002324073,
            "ClientBU": "SG_PL_SGD_BU",
            "BillToBUId": 300000002324073,
            "BillToBU": "SG_PL_SGD_BU",
            "ShipToLocationId": null,
            "ShipToLocation": null,
            "ShipToLocationCode": null,
            "BillToLocationId": null,
            "BillToLocation": null,
            "BillToLocationCode": null,
            "UseWithholdingTaxFlag": null,
            "WithholdingTaxGroupId": null,
            "WithholdingTaxGroup": null,
            "ChartOfAccountsId": 2001,
            "LiabilityDistributionId": null,
            "LiabilityDistribution": null,
            "PrepaymentDistributionId": null,
            "PrepaymentDistribution": null,
            "BillPayableDistributionId": null,
            "BillPayableDistribution": null,
            "DistributionSetId": null,
            "DistributionSet": null,
            "InactiveDate": null,
            "Status": "ACTIVE",
            "CreationDate": "2024-08-14T09:18:36.254+00:00",
            "CreatedBy": "1405164",
            "LastUpdateDate": "2024-08-14T09:18:43.917+00:00",
            "LastUpdatedBy": "1405164"
        },
        {
            "AssignmentId": 300000002864249,
            "ClientBUId": 300000002603208,
            "ClientBU": "MY_PL_USD_BU",
            "BillToBUId": 300000002603208,
            "BillToBU": "MY_PL_USD_BU",
            "ShipToLocationId": null,
            "ShipToLocation": null,
            "ShipToLocationCode": null,
            "BillToLocationId": null,
            "BillToLocation": null,
            "BillToLocationCode": null,
            "UseWithholdingTaxFlag": null,
            "WithholdingTaxGroupId": null,
            "WithholdingTaxGroup": null,
            "ChartOfAccountsId": 2001,
            "LiabilityDistributionId": null,
            "LiabilityDistribution": null,
            "PrepaymentDistributionId": null,
            "PrepaymentDistribution": null,
            "BillPayableDistributionId": null,
            "BillPayableDistribution": null,
            "DistributionSetId": null,
            "DistributionSet": null,
            "InactiveDate": null,
            "Status": "ACTIVE",
            "CreationDate": "2024-08-14T09:18:36.251+00:00",
            "CreatedBy": "1405164",
            "LastUpdateDate": "2024-08-14T09:18:43.917+00:00",
            "LastUpdatedBy": "1405164"
        },
        {
            "AssignmentId": 300000002864263,
            "ClientBUId": 300000002603304,
            "ClientBU": "VN_PL_VND_BU",
            "BillToBUId": 300000002603304,
            "BillToBU": "VN_PL_VND_BU",
            "ShipToLocationId": null,
            "ShipToLocation": null,
            "ShipToLocationCode": null,
            "BillToLocationId": null,
            "BillToLocation": null,
            "BillToLocationCode": null,
            "UseWithholdingTaxFlag": null,
            "WithholdingTaxGroupId": null,
            "WithholdingTaxGroup": null,
            "ChartOfAccountsId": 2001,
            "LiabilityDistributionId": null,
            "LiabilityDistribution": null,
            "PrepaymentDistributionId": null,
            "PrepaymentDistribution": null,
            "BillPayableDistributionId": null,
            "BillPayableDistribution": null,
            "DistributionSetId": null,
            "DistributionSet": null,
            "InactiveDate": null,
            "Status": "ACTIVE",
            "CreationDate": "2024-08-14T09:18:36.272+00:00",
            "CreatedBy": "1405164",
            "LastUpdateDate": "2024-08-14T09:18:43.918+00:00",
            "LastUpdatedBy": "1405164"
        },
        {
            "AssignmentId": 300000002864273,
            "ClientBUId": 300000002422133,
            "ClientBU": "TH_PL_THB_BU",
            "BillToBUId": 300000002422133,
            "BillToBU": "TH_PL_THB_BU",
            "ShipToLocationId": null,
            "ShipToLocation": null,
            "ShipToLocationCode": null,
            "BillToLocationId": null,
            "BillToLocation": null,
            "BillToLocationCode": null,
            "UseWithholdingTaxFlag": null,
            "WithholdingTaxGroupId": null,
            "WithholdingTaxGroup": null,
            "ChartOfAccountsId": 2001,
            "LiabilityDistributionId": null,
            "LiabilityDistribution": null,
            "PrepaymentDistributionId": null,
            "PrepaymentDistribution": null,
            "BillPayableDistributionId": null,
            "BillPayableDistribution": null,
            "DistributionSetId": null,
            "DistributionSet": null,
            "InactiveDate": null,
            "Status": "ACTIVE",
            "CreationDate": "2024-08-14T09:18:36.286+00:00",
            "CreatedBy": "1405164",
            "LastUpdateDate": "2024-08-14T09:18:43.918+00:00",
            "LastUpdatedBy": "1405164"
        },
        {
            "AssignmentId": 300000004366240,
            "ClientBUId": 300000004286322,
            "ClientBU": "SG_PL_USD_BU_APJ",
            "BillToBUId": 300000004286322,
            "BillToBU": "SG_PL_USD_BU_APJ",
            "ShipToLocationId": null,
            "ShipToLocation": null,
            "ShipToLocationCode": null,
            "BillToLocationId": null,
            "BillToLocation": null,
            "BillToLocationCode": null,
            "UseWithholdingTaxFlag": null,
            "WithholdingTaxGroupId": null,
            "WithholdingTaxGroup": null,
            "ChartOfAccountsId": 2001,
            "LiabilityDistributionId": null,
            "LiabilityDistribution": null,
            "PrepaymentDistributionId": null,
            "PrepaymentDistribution": null,
            "BillPayableDistributionId": null,
            "BillPayableDistribution": null,
            "DistributionSetId": null,
            "DistributionSet": null,
            "InactiveDate": null,
            "Status": "ACTIVE",
            "CreationDate": "2024-10-17T12:57:01.328+00:00",
            "CreatedBy": "1411482",
            "LastUpdateDate": "2024-10-17T12:57:03.760+00:00",
            "LastUpdatedBy": "1411482"
        }
    ],
    "count": 19,
    "hasMore": false,
    "limit": 25,
    "offset": 0,
    "links": [
        {
            "rel": "self",
            "href": "https://iawmqy-dev2.fa.ocs.oraclecloud.com:443/fscmRestApi/resources/11.13.18.05/suppliers/300000002823279/child/sites/300000002823381/child/assignments",
            "name": "assignments",
            "kind": "collection"
        }
    ]
}