{
    "items": [
        {
            "product_type": "90SF Manipulator"
        },
        {
            "product_type": "General Manipulator"
        },
        {
            "product_type": "Instruments Sub Category"
        },
        {
            "product_type": "J750"
        },
        {
            "product_type": "UltraFLEX"
        },
        {
            "product_type": "UltraFLEX+"
        },
        {
            "product_type": "Zero-Pin Sub Category"
        }
    ],
    "hasMore": false,
    "limit": 1000,
    "offset": 0,
    "count": 7,
    "links": [
        {
            "rel": "self",
            "href": "https://g399b9d54c076b5-fusionpaasdev.adb.us-ashburn-1.oraclecloudapps.com/ords/terext/slotplanning/getproducttypelov"
        },
        {
            "rel": "describedby",
            "href": "https://g399b9d54c076b5-fusionpaasdev.adb.us-ashburn-1.oraclecloudapps.com/ords/terext/metadata-catalog/slotplanning/item"
        },
        {
            "rel": "first",
            "href": "https://g399b9d54c076b5-fusionpaasdev.adb.us-ashburn-1.oraclecloudapps.com/ords/terext/slotplanning/getproducttypelov"
        }
    ]
}