{
  "id": "buyer-po",
  "description": "Flow main",
  "defaultPage": "po-search",
  "services": {},
  "types": {
    "@decorators.getPODetails": {
      "endpoint": "getPODetails",
      "service": "ords",
      "path": "response"
    },
    "@decorators.getPurchaseOrder": {
      "endpoint": "getPurchaseOrder",
      "service": "fscm_conn",
      "path": "response"
    },
    "@decorators.getSuppliers": {
      "endpoint": "getSuppliers",
      "service": "fscm",
      "path": "response"
    },
    "defaultLOV": {
      "label": "string",
      "value": "string"
    },
    "CreateActionHistoryType": {
      "ACTION_CODE": "string",
      "ACTION_DATE": "string",
      "ASSIGNMENT_DATE": "string",
      "CORRELATION_ID": "string",
      "EMAIL_MESSAGE_ID": "string",
      "INCOMPLETE_ERROR_MESSAGE": "string",
      "LAST_UPDATED_BY": "string",
      "NOTE": "string",
      "OBJECT_ID": "string",
      "OBJECT_SUB_TYPE_CODE": "string",
      "OBJECT_TYPE_CODE": "string",
      "OBJECT_VERSION_NUMBER": "string",
      "P_PO_NUMBER": "string",
      "PERFORMER_ID": "string",
      "PERFORMER_NAME": "string",
      "PO_VERSION_ID": "string",
      "REQUEST_ID": "string",
      "ROLE_CODE": "string",
      "SEQUENCE_NUM": "string"
    },
    "getPODetails": {
      "acknowledge_within_days": "any",
      "attribute_category": "any",
      "attribute1": "any",
      "attribute10": "any",
      "attribute2": "any",
      "attribute3": "any",
      "attribute4": "any",
      "attribute5": "any",
      "attribute6": "any",
      "attribute7": "any",
      "attribute8": "any",
      "attribute9": "any",
      "bill_to_bu": "any",
      "bill_to_location": "string",
      "buyer_id": "any",
      "buyer_name": "string",
      "change_order_description": "any",
      "change_order_num": "any",
      "change_type": "any",
      "communication_method": "any",
      "communication_value": "any",
      "created_by": "string",
      "creation_date": "string",
      "currency_code": "any",
      "document_type_code": "any",
      "fob": "string",
      "freight_terms": "string",
      "functional_currency": "any",
      "initiating_party": "any",
      "lines": [
        {
          "amount": "any",
          "attribute_category": "any",
          "attribute1": "string",
          "attribute2": "any",
          "attribute3": "any",
          "attribute4": "any",
          "attribute5": "any",
          "category_name": "any",
          "change_type": "any",
          "cost_type_desc": "any",
          "created_by": "any",
          "creation_date": "string",
          "extended_price": "any",
          "item_cost": "any",
          "item_description": "string",
          "item_number": "string",
          "item_revision": "any",
          "late_rev": "any",
          "line_num": "any",
          "line_type": "any",
          "material_cost": "any",
          "naics_code": "any",
          "need_by_date": "any",
          "note_to_receiver": "any",
          "note_to_supplier": "any",
          "object_version": "any",
          "open_quantity": "any",
          "ordered_quantity": "number",
          "organization_code": "string",
          "po_line_cancel_date": "any",
          "po_line_cancel_flag": "any",
          "po_line_cancel_reason": "any",
          "po_line_cancelled_by": "any",
          "po_line_closed_date": "any",
          "po_line_created_by": "any",
          "po_line_creation_date": "any",
          "po_line_last_update_date": "any",
          "po_line_last_updated_by": "any",
          "po_line_status": "any",
          "price": "number",
          "request_line_id": "number",
          "uom": "string",
          "updated_by": "any",
          "updated_date": "string"
        }
      ],
      "note_to_receiver": "string",
      "note_to_supplier": "string",
      "object_version": "any",
      "payment_terms": "string",
      "po_comments": "any",
      "po_header_id": "any",
      "po_number": "any",
      "po_status": "string",
      "po_style": "string",
      "procurement_bu": "string",
      "rate": "any",
      "rate_date": "any",
      "rate_type": "any",
      "request_id": "number",
      "required_acknowledgment": "any",
      "requisitioning_bu": "string",
      "sequencenumber": "any",
      "ship_address1": "any",
      "ship_address2": "any",
      "ship_address3": "any",
      "ship_city": "any",
      "ship_country": "any",
      "ship_state": "any",
      "ship_to_location": "string",
      "ship_to_tax": "any",
      "ship_zip": "any",
      "shipment_method": "any",
      "shipping_contact": "string",
      "shipping_instruction": "string",
      "shipping_method": "any",
      "sold_to_legal_entity": "string",
      "supplier": "string",
      "supplier_contact": "string",
      "supplier_contact_id": "any",
      "supplier_id": "number",
      "supplier_site": "string",
      "supplier_site_id": "number",
      "updated_by": "string",
      "updated_date": "string"
    },
    "getPurchaseOrder": {
      "AcknowledgeWithinDays": "any",
      "AcknowledgmentDueDate": "any",
      "AdditionalContactEmail": "any",
      "BillToBU": "string",
      "BillToBUId": "number",
      "BillToLocation": "string",
      "BillToLocationId": "number",
      "Buyer": "string",
      "BuyerDisplayName": "string",
      "BuyerId": "number",
      "BuyerManagedTransportFlag": "boolean",
      "Carrier": "any",
      "CarrierId": "any",
      "ConfirmingOrderFlag": "boolean",
      "ConsignmentTermsFlag": "boolean",
      "ConversionRate": "any",
      "ConversionRateDate": "any",
      "ConversionRateType": "any",
      "CreatedBy": "string",
      "CreationDate": "string",
      "CreditAmount": "number",
      "Currency": "string",
      "CurrencyCode": "string",
      "Description": "any",
      "DiscountAmount": "number",
      "DocumentStyle": "string",
      "DocumentStyleId": "number",
      "FOB": "string",
      "FOBCode": "string",
      "FreightTerms": "string",
      "FreightTermsCode": "string",
      "ImportSourceCode": "any",
      "LastUpdateDate": "string",
      "LastUpdatedBy": "string",
      "lines": {
        "count": "number",
        "hasMore": "boolean",
        "items": [
          {
            "BasePrice": "number",
            "Category": "string",
            "CategoryCode": "string",
            "CategoryId": "number",
            "ConsignmentLineFlag": "boolean",
            "CreatedBy": "string",
            "CreationDate": "string",
            "CreditFlag": "boolean",
            "Currency": "string",
            "CurrencyCode": "string",
            "Description": "string",
            "Discount": "any",
            "DiscountReason": "any",
            "DiscountType": "any",
            "HazardClass": "any",
            "HazardClassCode": "any",
            "HazardClassId": "any",
            "Item": "string",
            "ItemId": "number",
            "ItemRevision": "any",
            "LastUpdateDate": "string",
            "LastUpdatedBy": "string",
            "LineNumber": "number",
            "LineType": "string",
            "LineTypeId": "number",
            "Manufacturer": "any",
            "ManufacturerPartNumber": "any",
            "MaximumRetainageAmount": "any",
            "NegotiatedFlag": "boolean",
            "Negotiation": "any",
            "NegotiationId": "any",
            "NegotiationLine": "any",
            "NoteToSupplier": "any",
            "Ordered": "number",
            "OrderNumber": "string",
            "POHeaderId": "number",
            "POLineId": "number",
            "Price": "number",
            "PricingUOM": "string",
            "PricingUOMCode": "string",
            "Quantity": "number",
            "SecondaryQuantity": "any",
            "SecondaryUOM": "any",
            "SecondaryUOMCode": "any",
            "SourceAgreementId": "any",
            "SourceAgreementLine": "any",
            "SourceAgreementLineId": "any",
            "SourceAgreementNumber": "any",
            "SourceAgreementProcurementBU": "any",
            "SourceAgreementProcurementBUId": "any",
            "SourceAgreementType": "any",
            "SourceAgreementTypeCode": "any",
            "Status": "string",
            "StatusCode": "string",
            "SupplierConfigurationId": "any",
            "SupplierItem": "any",
            "Total": "number",
            "TotalTax": "number",
            "UNNumber": "any",
            "UNNumberDescription": "any",
            "UNNumberId": "any",
            "UOM": "string",
            "UOMCode": "string",
            "WorkOrderProduct": "any",
            "schedules": {
              "items":  [ 
                {
                "ScheduleNumber":"number",
                "Quantity": "number",
                "ShipToLocation": "string",
                "ShipToOrganizationCode": "string",
                "ReceiptCloseTolerancePercent": "string",
                "InvoiceMatchOptionCode": "string",
                "EarlyReceiptToleranceDays": "number",
                "InvoiceCloseTolerancePercent": "number",
                "LateReceiptToleranceDays": "number",
                "AccrueAtReceiptFlag": "boolean",
                "InspectionRequiredFlag": "boolean",
                "ReceiptRequiredFlag": "boolean",
                "ReceiptRoutingId": "number",
                "DestinationTypeCode": "string",
                "Carrier": "string",
                "RequestedDeliveryDate": "string",
                "distributions":  {
                  "items": [ 
                    {
                    "DistributionNumber":"number",
                    "DeliverToLocation": "string",
                    "Quantity": "number"
                    }
                  ]
                }
                }
              ]
            }
          }
        ],
        "limit": "number",
        "links": [
          {
            "href": "string",
            "kind": "string",
            "name": "string",
            "rel": "string"
          }
        ],
        "offset": "number"
      },
      "MasterContractId": "any",
      "MasterContractNumber": "any",
      "MasterContractType": "any",
      "MasterContractTypeId": "any",
      "ModeOfTransport": "any",
      "ModeOfTransportCode": "any",
      "Negotiation": "any",
      "NoteToReceiver": "string",
      "NoteToSupplier": "string",
      "Ordered": "number",
      "OrderedAmountBeforeAdjustments": "number",
      "OrderNumber": "string",
      "OverrideB2BCommunicationFlag": "boolean",
      "OverridingApprover": "any",
      "OverridingApproverDisplayName": "any",
      "OverridingApproverId": "any",
      "PaymentTerms": "string",
      "PaymentTermsId": "number",
      "PayOnReceiptFlag": "boolean",
      "POHeaderId": "number",
      "ProcurementBU": "string",
      "ProcurementBUId": "number",
      "ProgressPaymentFlag": "boolean",
      "PurchaseBasis": "string",
      "ReferenceNumber": "any",
      "RequesterDisplayName": "any",
      "RequesterId": "any",
      "RequiredAcknowledgment": "string",
      "RequiredAcknowledgmentCode": "string",
      "RequiresSignatureFlag": "boolean",
      "Requisition": "any",
      "RequisitioningBU": "string",
      "RequisitioningBUId": "number",
      "Revision": "number",
      "SalesOrder": "any",
      "ServiceLevel": "any",
      "ServiceLevelCode": "any",
      "ShippingMethod": "string",
      "ShipToLocationAddress": "string",
      "ShipToLocationCode": "string",
      "ShipToLocationId": "number",
      "SoldToLegalEntity": "string",
      "SoldToLegalEntityId": "number",
      "SourceAgreement": "any",
      "SpecialHandlingType": "any",
      "SpecialHandlingTypeCode": "any",
      "Status": "string",
      "StatusCode": "string",
      "StyleId": "number",
      "Supplier": "string",
      "SupplierBccEmailAddress": "any",
      "SupplierCcEmailAddress": "any",
      "SupplierCommunicationMethod": "string",
      "SupplierCommunicationMethodCode": "string",
      "SupplierContact": "any",
      "SupplierContactDisplayName": "any",
      "SupplierContactId": "any",
      "SupplierEmailAddress": "string",
      "SupplierFax": "any",
      "SupplierId": "number",
      "SupplierOrder": "any",
      "SupplierSite": "string",
      "SupplierSiteId": "number",
      "Total": "number",
      "TotalTax": "number"
    },
    "getSuppliers": {
      "items": [
        {
          "AlternateName": "string",
          "Supplier": "string",
          "SupplierId": "number",
          "SupplierNumber": "string"
        }
      ]
    }
  },
  "variables": {
    "actionApprovalADP": {
      "defaultValue": {
        "itemType": "any"
      },
      "type": "vb/ArrayDataProvider2"
    },
    "actionHistoryADP": {
      "type": "vb/ArrayDataProvider2",
      "defaultValue": {
        "itemType": "any"
      }
    },
    "buyerADP": {
      "type": "vb/ArrayDataProvider2",
      "defaultValue": {
        "itemType": "defaultLOV",
        "keyAttributes": "value"
      }
    },
    "communicationMethodADP": {
      "type": "vb/ArrayDataProvider2",
      "defaultValue": {
        "itemType": "any",
        "keyAttributes": "value"
      }
    },
    "paymentTermADP": {
      "type": "vb/ArrayDataProvider2",
      "defaultValue": {
        "itemType": "any",
        "keyAttributes": "Name"
      }
    },
    "poStylesADP": {
      "type": "vb/ArrayDataProvider2",
      "defaultValue": {
        "itemType": "any",
        "keyAttributes": "styleName"
      }
    },
    "procurementBU": {
      "type": "vb/ArrayDataProvider2",
      "defaultValue": {
        "itemType": "any",
        "keyAttributes": "value"
      }
    },
    "searchFilter": {
      "type": {
        "buyer": "string",
        "fromDate": "string",
        "request_id": "string",
        "status": "string",
        "supplier": "string",
        "text": "string",
        "toDate": "string"
      }
    },
    "shippingMethodADP": {
      "type": "vb/ArrayDataProvider2",
      "defaultValue": {
        "itemType": "any",
        "keyAttributes": "ShippingMethod"
      }
    },
    "supplierAssoc": {
      "type": "any"
    },
    "supplierSDP": {
      "type": "vb/ServiceDataProvider",
      "defaultValue": {
        "endpoint": "fscm_conn/getSuppliers",
        "responseType": "getSuppliers",
        "itemsPath": "items",
        "transformsContext": {
          "vb-textFilterAttributes": [
            "SupplierNumber",
            "Supplier"
          ]
        },
        "uriParameters": {
          "q": "{{ $variables.supplierAssoc ? 'Supplier in ' + $application.functions.getInClause($variables.supplierAssoc.supplierList): '' }}"
        },
        "keyAttributes": "SupplierId"
      }
    },
    "transferStatusADP": {
      "defaultValue": {
        "itemType": "any",
        "keyAttributes": "value"
      },
      "type": "vb/ArrayDataProvider2"
    },
    "transferTypeADP": {
      "type": "vb/ArrayDataProvider2",
      "defaultValue": {
        "itemType": "any",
        "keyAttributes": "value"
      }
    },
  "transReqDetails": {
      "type": "getPurchaseOrder"
    }
  },
  "eventListeners": {
    "vbEnter": {
      "chains": [
        {
          "parameters": {},
          "chain": "flowLoadChain"
        }
      ]
    }
  }
}