{
    "items": [
        {
            "status": "Booked"
        },
        {
            "status": "Identified"
        },
        {
            "status": "Open"
        },
        {
            "status": "Shipped"
        }
    ],
    "hasMore": false,
    "limit": 1000,
    "offset": 0,
    "count": 4,
    "links": [
        {
            "rel": "self",
            "href": "https://g399b9d54c076b5-fusionpaasdev.adb.us-ashburn-1.oraclecloudapps.com/ords/terext/slotplanning/getslotstatuslov"
        },
        {
            "rel": "describedby",
            "href": "https://g399b9d54c076b5-fusionpaasdev.adb.us-ashburn-1.oraclecloudapps.com/ords/terext/metadata-catalog/slotplanning/item"
        },
        {
            "rel": "first",
            "href": "https://g399b9d54c076b5-fusionpaasdev.adb.us-ashburn-1.oraclecloudapps.com/ords/terext/slotplanning/getslotstatuslov"
        }
    ]
}