{
    "items": [
        {
            "slot_type": "Hot-Lot"
        },
        {
            "slot_type": "Non-Operational Slot"
        },
        {
            "slot_type": "Revenue"
        },
        {
            "slot_type": "Tuse"
        },
        {
            "slot_type": "Upside"
        }
    ],
    "hasMore": false,
    "limit": 1000,
    "offset": 0,
    "count": 5,
    "links": [
        {
            "rel": "self",
            "href": "https://g399b9d54c076b5-fusionpaasdev.adb.us-ashburn-1.oraclecloudapps.com/ords/terext/slotplanning/getslottypelov"
        },
        {
            "rel": "describedby",
            "href": "https://g399b9d54c076b5-fusionpaasdev.adb.us-ashburn-1.oraclecloudapps.com/ords/terext/metadata-catalog/slotplanning/item"
        },
        {
            "rel": "first",
            "href": "https://g399b9d54c076b5-fusionpaasdev.adb.us-ashburn-1.oraclecloudapps.com/ords/terext/slotplanning/getslottypelov"
        }
    ]
}