{
    "openapi": "3.0.0",
    "info": {
        "title": "SlotPlanningModule",
        "version": "1.0.0"
    },
    "servers": [
        {
            "url": "vb-catalog://backends/SlotPlanningModule"
        }
    ],
    "paths": {
        "/getsearchtable": {
            "get": {
                "operationId": "getGetsearchtable",
                "parameters": [
                    {
                        "name": "p_searchvalue",
                        "in": "query",
                        "schema": {
                            "type": "string"
                        }
                    }
                ],
                "responses": {
                    "default": {
                        "description": "Response for default",
                        "content": {
                            "application/json": {
                                "schema": {
                                    "$ref": "#/components/schemas/GetGetsearchtable"
                                },
                                "examples": {
                                    "vb": {
                                        "summary": "Example stored by VB User",
                                        "externalValue": "./examples/getGetsearchtable/response_default_application_json_vb.json"
                                    }
                                }
                            }
                        }
                    }
                },
                "x-vb": {
                    "actionHint": "getMany"
                }
            }
        },
        "/getdashboardtotal": {
            "get": {
                "operationId": "getGetdashboardtotal",
                "responses": {
                    "default": {
                        "description": "Response for default",
                        "content": {
                            "application/json": {
                                "schema": {
                                    "$ref": "#/components/schemas/GetGetdashboardtotal"
                                },
                                "examples": {
                                    "vb": {
                                        "summary": "Example stored by VB User",
                                        "externalValue": "./examples/getGetdashboardtotal/response_default_application_json_vb.json"
                                    }
                                }
                            }
                        }
                    }
                },
                "x-vb": {
                    "actionHint": "getMany"
                },
                "parameters": [
                    {
                        "name": "p_mrp_qtr",
                        "in": "query",
                        "schema": {
                            "type": "string"
                        }
                    }
                ]
            }
        },
        "/getfiltersearch": {
            "get": {
                "operationId": "getGetfiltersearch",
                "parameters": [
                    {
                        "name": "p_slot_number",
                        "in": "query",
                        "schema": {
                            "type": "string"
                        }
                    },
                    {
                        "name": "p_period",
                        "in": "query",
                        "schema": {
                            "type": "string"
                        }
                    },
                    {
                        "name": "p_product_type",
                        "in": "query",
                        "schema": {
                            "type": "string"
                        }
                    },
                    {
                        "name": "p_slot_type",
                        "in": "query",
                        "schema": {
                            "type": "string"
                        }
                    },
                    {
                        "name": "p_status",
                        "in": "query",
                        "schema": {
                            "type": "string"
                        }
                    },
                    {
                        "name": "p_customer_name",
                        "in": "query",
                        "schema": {
                            "type": "string"
                        }
                    }
                ],
                "responses": {
                    "default": {
                        "description": "Response for default",
                        "content": {
                            "application/json": {
                                "schema": {
                                    "$ref": "#/components/schemas/GetGetfiltersearch"
                                },
                                "examples": {
                                    "vb": {
                                        "summary": "Example stored by VB User",
                                        "externalValue": "./examples/getGetfiltersearch/response_default_application_json_vb.json"
                                    }
                                }
                            }
                        }
                    }
                },
                "x-vb": {
                    "actionHint": "getMany"
                }
            }
        },
        "/getcustomernamelov": {
            "get": {
                "operationId": "getGetcustomernamelov",
                "parameters": [
                    {
                        "name": "p_searchvalue",
                        "in": "query",
                        "schema": {
                            "type": "string"
                        }
                    }
                ],
                "responses": {
                    "default": {
                        "description": "Response for default",
                        "content": {
                            "application/json": {
                                "schema": {
                                    "$ref": "#/components/schemas/GetGetcustomernamelov"
                                },
                                "examples": {
                                    "vb": {
                                        "summary": "Example stored by VB User",
                                        "externalValue": "./examples/getGetcustomernamelov/response_default_application_json_vb.json"
                                    }
                                }
                            }
                        }
                    }
                },
                "x-vb": {
                    "actionHint": "getMany"
                }
            }
        },
        "/getperiodlov": {
            "get": {
                "operationId": "getGetperiodlov",
                "parameters": [
                    {
                        "name": "p_searchvalue",
                        "in": "query",
                        "schema": {
                            "type": "string"
                        }
                    }
                ],
                "responses": {
                    "default": {
                        "description": "Response for default",
                        "content": {
                            "application/json": {
                                "schema": {
                                    "$ref": "#/components/schemas/GetGetperiodlov"
                                },
                                "examples": {
                                    "vb": {
                                        "summary": "Example stored by VB User",
                                        "externalValue": "./examples/getGetperiodlov/response_default_application_json_vb.json"
                                    }
                                }
                            }
                        }
                    }
                },
                "x-vb": {
                    "actionHint": "getMany"
                }
            }
        },
        "/getproducttypelov": {
            "get": {
                "operationId": "getGetproducttypelov",
                "parameters": [
                    {
                        "name": "p_searchvalue",
                        "in": "query",
                        "schema": {
                            "type": "string"
                        }
                    }
                ],
                "responses": {
                    "default": {
                        "description": "Response for default",
                        "content": {
                            "application/json": {
                                "schema": {
                                    "$ref": "#/components/schemas/GetGetproducttypelov"
                                },
                                "examples": {
                                    "vb": {
                                        "summary": "Example stored by VB User",
                                        "externalValue": "./examples/getGetproducttypelov/response_default_application_json_vb.json"
                                    }
                                }
                            }
                        }
                    }
                },
                "x-vb": {
                    "actionHint": "getMany"
                }
            }
        },
        "/getslotnumberlov": {
            "get": {
                "operationId": "getGetslotnumberlov",
                "parameters": [
                    {
                        "name": "p_searchvalue",
                        "in": "query",
                        "schema": {
                            "type": "string"
                        }
                    }
                ],
                "responses": {
                    "default": {
                        "description": "Response for default",
                        "content": {
                            "application/json": {
                                "schema": {
                                    "$ref": "#/components/schemas/GetGetslotnumberlov"
                                },
                                "examples": {
                                    "vb": {
                                        "summary": "Example stored by VB User",
                                        "externalValue": "./examples/getGetslotnumberlov/response_default_application_json_vb.json"
                                    }
                                }
                            }
                        }
                    }
                },
                "x-vb": {
                    "actionHint": "getMany"
                }
            }
        },
        "/getslotstatuslov": {
            "get": {
                "operationId": "getGetslotstatuslov",
                "parameters": [
                    {
                        "name": "p_searchvalue",
                        "in": "query",
                        "schema": {
                            "type": "string"
                        }
                    }
                ],
                "responses": {
                    "default": {
                        "description": "Response for default",
                        "content": {
                            "application/json": {
                                "schema": {
                                    "$ref": "#/components/schemas/GetGetslotstatuslov"
                                },
                                "examples": {
                                    "vb": {
                                        "summary": "Example stored by VB User",
                                        "externalValue": "./examples/getGetslotstatuslov/response_default_application_json_vb.json"
                                    }
                                }
                            }
                        }
                    }
                },
                "x-vb": {
                    "actionHint": "getMany"
                }
            }
        },
        "/getslottypelov": {
            "get": {
                "operationId": "getGetslottypelov",
                "parameters": [
                    {
                        "name": "p_searchvalue",
                        "in": "query",
                        "schema": {
                            "type": "string"
                        }
                    }
                ],
                "responses": {
                    "default": {
                        "description": "Response for default",
                        "content": {
                            "application/json": {
                                "schema": {
                                    "$ref": "#/components/schemas/GetGetslottypelov"
                                },
                                "examples": {
                                    "vb": {
                                        "summary": "Example stored by VB User",
                                        "externalValue": "./examples/getGetslottypelov/response_default_application_json_vb.json"
                                    }
                                }
                            }
                        }
                    }
                },
                "x-vb": {
                    "actionHint": "getMany"
                }
            }
        },
        "/deletetabledetails": {
            "post": {
                "operationId": "postDeletetabledetails",
                "parameters": [
                    {
                        "name": "p_slot_id",
                        "in": "query",
                        "schema": {
                            "type": "string"
                        }
                    }
                ],
                "responses": {
                    "default": {
                        "description": "Response for default",
                        "content": {
                            "application/json": {
                                "schema": {
                                    "$ref": "#/components/schemas/PostDeletetabledetailsResponse"
                                },
                                "examples": {
                                    "vb": {
                                        "summary": "Example stored by VB User",
                                        "externalValue": "./examples/postDeletetabledetails/response_default_application_json_vb.json"
                                    }
                                }
                            }
                        }
                    }
                },
                "x-vb": {
                    "actionHint": "getMany"
                }
            }
        },
        "/getexportdetails": {
            "get": {
                "operationId": "getGetexportdetails",
                "responses": {
                    "default": {
                        "description": "Response for default",
                        "content": {
                            "application/json": {
                                "schema": {
                                    "$ref": "#/components/schemas/GetGetexportdetails"
                                },
                                "examples": {
                                    "vb": {
                                        "summary": "Example stored by VB User",
                                        "externalValue": "./examples/getGetexportdetails/response_default_application_json_vb.json"
                                    }
                                }
                            }
                        }
                    }
                },
                "x-vb": {
                    "actionHint": "getMany"
                },
                "parameters": [
                    {
                        "name": "p_slot_number",
                        "in": "query",
                        "schema": {
                            "type": "string"
                        }
                    },
                    {
                        "name": "p_period",
                        "in": "query",
                        "schema": {
                            "type": "string"
                        }
                    },
                    {
                        "name": "p_product_type",
                        "in": "query",
                        "schema": {
                            "type": "string"
                        }
                    },
                    {
                        "name": "p_slot_type",
                        "in": "query",
                        "schema": {
                            "type": "string"
                        }
                    },
                    {
                        "name": "p_status",
                        "in": "query",
                        "schema": {
                            "type": "string"
                        }
                    },
                    {
                        "name": "p_customer_name",
                        "in": "query",
                        "schema": {
                            "type": "string"
                        }
                    }
                ]
            }
        },
        "/getquarterdetails": {
            "get": {
                "operationId": "getGetquarterdetails",
                "parameters": [
                    {
                        "name": "p_searchvalue",
                        "in": "query",
                        "schema": {
                            "type": "string"
                        }
                    }
                ],
                "responses": {
                    "default": {
                        "description": "Response for default",
                        "content": {
                            "application/json": {
                                "schema": {
                                    "$ref": "#/components/schemas/GetGetquarterdetails"
                                },
                                "examples": {
                                    "vb": {
                                        "summary": "Example stored by VB User",
                                        "externalValue": "./examples/getGetquarterdetails/response_default_application_json_vb.json"
                                    }
                                }
                            }
                        }
                    }
                },
                "x-vb": {
                    "actionHint": "getMany"
                }
            }
        },
        "/getexportsearchdetails": {
            "get": {
                "operationId": "getGetexportsearchdetails",
                "parameters": [
                    {
                        "name": "p_searchvalue",
                        "in": "query",
                        "schema": {
                            "type": "string"
                        }
                    }
                ],
                "responses": {
                    "default": {
                        "description": "Response for default",
                        "content": {
                            "application/json": {
                                "schema": {
                                    "$ref": "#/components/schemas/GetGetexportsearchdetails"
                                },
                                "examples": {
                                    "vb": {
                                        "summary": "Example stored by VB User",
                                        "externalValue": "./examples/getGetexportsearchdetails/response_default_application_json_vb.json"
                                    }
                                }
                            }
                        }
                    }
                },
                "x-vb": {
                    "actionHint": "getMany"
                }
            }
        }
    },
    "components": {
        "schemas": {
            "GetGetsearchtable": {
                "type": "object",
                "properties": {
                    "items": {
                        "type": "array",
                        "items": {
                            "type": "object",
                            "properties": {
                                "slot_id": {
                                    "type": "integer"
                                },
                                "slot_number": {
                                    "type": "string"
                                },
                                "pd_qtr": {
                                    "type": "string"
                                },
                                "platform": {
                                    "type": "string"
                                },
                                "system": {
                                    "type": "string"
                                },
                                "slot_type": {
                                    "type": "string"
                                },
                                "slot_status": {
                                    "type": "string"
                                },
                                "demand_class": {
                                    "type": "string"
                                },
                                "customer": {
                                    "type": "string"
                                },
                                "customer_id": {
                                    "type": "integer"
                                },
                                "customer_site_id": {
                                    "type": "integer"
                                },
                                "config_number": {
                                    "type": "integer"
                                },
                                "partial_flag": {
                                    "type": "string"
                                },
                                "schedule_date": {
                                    "type": "string"
                                },
                                "promised_date": {
                                    "type": "string"
                                },
                                "mrp_qtr": {
                                    "type": "string"
                                },
                                "sf_flag": {
                                    "type": "string"
                                },
                                "bi_flag": {
                                    "type": "string"
                                },
                                "notication_flag": {
                                    "type": "string"
                                },
                                "source": {
                                    "type": "string"
                                },
                                "read_only": {
                                    "type": "string"
                                },
                                "created_by": {
                                    "type": "string"
                                },
                                "created_date": {
                                    "type": "string"
                                },
                                "updated_by": {
                                    "type": "string"
                                },
                                "updated_date": {
                                    "type": "string"
                                }
                            }
                        }
                    },
                    "hasMore": {
                        "type": "boolean"
                    },
                    "limit": {
                        "type": "integer"
                    },
                    "offset": {
                        "type": "integer"
                    },
                    "count": {
                        "type": "integer"
                    },
                    "links": {
                        "type": "array",
                        "items": {
                            "type": "object",
                            "properties": {
                                "rel": {
                                    "type": "string"
                                },
                                "href": {
                                    "type": "string"
                                }
                            }
                        }
                    }
                }
            },
            "GetGetdashboardtotal": {
                "type": "object",
                "properties": {
                    "items": {
                        "type": "array",
                        "items": {
                            "type": "object",
                            "properties": {
                                "total_count": {
                                    "type": "integer"
                                },
                                "open_count": {
                                    "type": "integer"
                                },
                                "identified_count": {
                                    "type": "integer"
                                },
                                "booked_count": {
                                    "type": "integer"
                                },
                                "shipped_count": {
                                    "type": "integer"
                                }
                            }
                        }
                    },
                    "hasMore": {
                        "type": "boolean"
                    },
                    "limit": {
                        "type": "integer"
                    },
                    "offset": {
                        "type": "integer"
                    },
                    "count": {
                        "type": "integer"
                    },
                    "links": {
                        "type": "array",
                        "items": {
                            "type": "object",
                            "properties": {
                                "rel": {
                                    "type": "string"
                                },
                                "href": {
                                    "type": "string"
                                }
                            }
                        }
                    }
                }
            },
            "GetGetfiltersearch": {
                "type": "object",
                "properties": {
                    "items": {
                        "type": "array",
                        "items": {
                            "type": "object",
                            "properties": {
                                "slot_id": {
                                    "type": "integer"
                                },
                                "slot_number": {
                                    "type": "string"
                                },
                                "pd_qtr": {
                                    "type": "string"
                                },
                                "platform": {
                                    "type": "string"
                                },
                                "system": {
                                    "type": "string"
                                },
                                "slot_type": {
                                    "type": "string"
                                },
                                "slot_status": {
                                    "type": "string"
                                },
                                "demand_class": {
                                    "type": "string"
                                },
                                "customer": {
                                    "type": "string"
                                },
                                "customer_id": {
                                    "type": "integer"
                                },
                                "customer_site_id": {
                                    "type": "integer"
                                },
                                "config_number": {
                                    "type": "integer"
                                },
                                "partial_flag": {
                                    "type": "string"
                                },
                                "schedule_date": {
                                    "type": "string"
                                },
                                "promised_date": {
                                    "type": "string"
                                },
                                "mrp_qtr": {
                                    "type": "string"
                                },
                                "sf_flag": {
                                    "type": "string"
                                },
                                "bi_flag": {
                                    "type": "string"
                                },
                                "notication_flag": {
                                    "type": "string"
                                },
                                "source": {
                                    "type": "string"
                                },
                                "read_only": {
                                    "type": "string"
                                },
                                "created_by": {
                                    "type": "string"
                                },
                                "created_date": {
                                    "type": "string"
                                },
                                "updated_by": {
                                    "type": "string"
                                },
                                "updated_date": {
                                    "type": "string"
                                }
                            }
                        }
                    },
                    "hasMore": {
                        "type": "boolean"
                    },
                    "limit": {
                        "type": "integer"
                    },
                    "offset": {
                        "type": "integer"
                    },
                    "count": {
                        "type": "integer"
                    },
                    "links": {
                        "type": "array",
                        "items": {
                            "type": "object",
                            "properties": {
                                "rel": {
                                    "type": "string"
                                },
                                "href": {
                                    "type": "string"
                                }
                            }
                        }
                    }
                }
            },
            "GetGetcustomernamelov": {
                "type": "object",
                "properties": {
                    "items": {
                        "type": "array",
                        "items": {
                            "type": "object",
                            "properties": {
                                "customer_name": {
                                    "type": "string"
                                }
                            }
                        }
                    },
                    "hasMore": {
                        "type": "boolean"
                    },
                    "limit": {
                        "type": "integer"
                    },
                    "offset": {
                        "type": "integer"
                    },
                    "count": {
                        "type": "integer"
                    },
                    "links": {
                        "type": "array",
                        "items": {
                            "type": "object",
                            "properties": {
                                "rel": {
                                    "type": "string"
                                },
                                "href": {
                                    "type": "string"
                                }
                            }
                        }
                    }
                }
            },
            "GetGetperiodlov": {
                "type": "object",
                "properties": {
                    "items": {
                        "type": "array",
                        "items": {
                            "type": "object",
                            "properties": {
                                "period": {
                                    "type": "string"
                                }
                            }
                        }
                    },
                    "hasMore": {
                        "type": "boolean"
                    },
                    "limit": {
                        "type": "integer"
                    },
                    "offset": {
                        "type": "integer"
                    },
                    "count": {
                        "type": "integer"
                    },
                    "links": {
                        "type": "array",
                        "items": {
                            "type": "object",
                            "properties": {
                                "rel": {
                                    "type": "string"
                                },
                                "href": {
                                    "type": "string"
                                }
                            }
                        }
                    }
                }
            },
            "GetGetproducttypelov": {
                "type": "object",
                "properties": {
                    "items": {
                        "type": "array",
                        "items": {
                            "type": "object",
                            "properties": {
                                "product_type": {
                                    "type": "string"
                                }
                            }
                        }
                    },
                    "hasMore": {
                        "type": "boolean"
                    },
                    "limit": {
                        "type": "integer"
                    },
                    "offset": {
                        "type": "integer"
                    },
                    "count": {
                        "type": "integer"
                    },
                    "links": {
                        "type": "array",
                        "items": {
                            "type": "object",
                            "properties": {
                                "rel": {
                                    "type": "string"
                                },
                                "href": {
                                    "type": "string"
                                }
                            }
                        }
                    }
                }
            },
            "GetGetslotnumberlov": {
                "type": "object",
                "properties": {
                    "items": {
                        "type": "array",
                        "items": {
                            "type": "object",
                            "properties": {
                                "slot_number": {
                                    "type": "string"
                                }
                            }
                        }
                    },
                    "hasMore": {
                        "type": "boolean"
                    },
                    "limit": {
                        "type": "integer"
                    },
                    "offset": {
                        "type": "integer"
                    },
                    "count": {
                        "type": "integer"
                    },
                    "links": {
                        "type": "array",
                        "items": {
                            "type": "object",
                            "properties": {
                                "rel": {
                                    "type": "string"
                                },
                                "href": {
                                    "type": "string"
                                }
                            }
                        }
                    }
                }
            },
            "GetGetslotstatuslov": {
                "type": "object",
                "properties": {
                    "items": {
                        "type": "array",
                        "items": {
                            "type": "object",
                            "properties": {
                                "status": {
                                    "type": "string"
                                }
                            }
                        }
                    },
                    "hasMore": {
                        "type": "boolean"
                    },
                    "limit": {
                        "type": "integer"
                    },
                    "offset": {
                        "type": "integer"
                    },
                    "count": {
                        "type": "integer"
                    },
                    "links": {
                        "type": "array",
                        "items": {
                            "type": "object",
                            "properties": {
                                "rel": {
                                    "type": "string"
                                },
                                "href": {
                                    "type": "string"
                                }
                            }
                        }
                    }
                }
            },
            "GetGetslottypelov": {
                "type": "object",
                "properties": {
                    "items": {
                        "type": "array",
                        "items": {
                            "type": "object",
                            "properties": {
                                "slot_type": {
                                    "type": "string"
                                }
                            }
                        }
                    },
                    "hasMore": {
                        "type": "boolean"
                    },
                    "limit": {
                        "type": "integer"
                    },
                    "offset": {
                        "type": "integer"
                    },
                    "count": {
                        "type": "integer"
                    },
                    "links": {
                        "type": "array",
                        "items": {
                            "type": "object",
                            "properties": {
                                "rel": {
                                    "type": "string"
                                },
                                "href": {
                                    "type": "string"
                                }
                            }
                        }
                    }
                }
            },
            "PostDeletetabledetailsResponse": {
                "type": "object",
                "properties": {
                    "o_status": {
                        "type": "string"
                    },
                    "o_error_message": {
                        "type": "string"
                    }
                }
            },
            "GetGetexportdetails": {
                "type": "object",
                "properties": {
                    "items": {
                        "type": "array",
                        "items": {
                            "type": "object",
                            "properties": {
                                "s_number": {
                                    "type": "integer"
                                },
                                "slot_id": {
                                    "type": "integer"
                                },
                                "slot_number": {
                                    "type": "string"
                                },
                                "pd_qtr": {
                                    "type": "string"
                                },
                                "platform": {
                                    "type": "string"
                                },
                                "system": {
                                    "type": "string"
                                },
                                "slot_type": {
                                    "type": "string"
                                },
                                "slot_status": {
                                    "type": "string"
                                },
                                "customer": {
                                    "type": "string"
                                },
                                "part_number": {
                                    "type": "integer"
                                },
                                "part_description": {
                                    "type": "string"
                                },
                                "quantity": {
                                    "type": "integer"
                                },
                                "promise_date": {
                                    "nullable": true
                                },
                                "sales_order": {
                                    "type": "string"
                                },
                                "planning_organization": {
                                    "type": "string"
                                },
                                "mfr": {
                                    "type": "string"
                                },
                                "mfr_site": {
                                    "type": "string"
                                },
                                "actual_date": {
                                    "type": "string"
                                },
                                "forecast_name": {
                                    "type": "string"
                                },
                                "revenue": {
                                    "type": "string"
                                },
                                "config_number": {
                                    "type": "string"
                                },
                                "request_number": {
                                    "type": "string"
                                },
                                "customer_date": {
                                    "type": "string"
                                },
                                "marketing_comments": {
                                    "type": "string"
                                },
                                "operations_comments": {
                                    "type": "string"
                                },
                                "sub_division": {
                                    "type": "string"
                                },
                                "rfc_type": {
                                    "type": "string"
                                },
                                "system_count": {
                                    "type": "string"
                                },
                                "revenue_system_count": {
                                    "type": "integer"
                                },
                                "system_count_adj": {
                                    "type": "integer"
                                },
                                "revenue_adj": {
                                    "type": "integer"
                                },
                                "cogs_adj": {
                                    "type": "integer"
                                },
                                "revenue_qtr": {
                                    "type": "string"
                                },
                                "adjustment_comment": {
                                    "type": "string"
                                },
                                "finance_comments": {
                                    "type": "string"
                                }
                            }
                        }
                    },
                    "hasMore": {
                        "type": "boolean"
                    },
                    "limit": {
                        "type": "integer"
                    },
                    "offset": {
                        "type": "integer"
                    },
                    "count": {
                        "type": "integer"
                    },
                    "links": {
                        "type": "array",
                        "items": {
                            "type": "object",
                            "properties": {
                                "rel": {
                                    "type": "string"
                                },
                                "href": {
                                    "type": "string"
                                }
                            }
                        }
                    }
                }
            },
            "GetGetquarterdetails": {
                "type": "object",
                "properties": {
                    "items": {
                        "type": "array",
                        "items": {
                            "type": "object",
                            "properties": {
                                "quarter": {
                                    "type": "string"
                                }
                            }
                        }
                    },
                    "hasMore": {
                        "type": "boolean"
                    },
                    "limit": {
                        "type": "integer"
                    },
                    "offset": {
                        "type": "integer"
                    },
                    "count": {
                        "type": "integer"
                    },
                    "links": {
                        "type": "array",
                        "items": {
                            "type": "object",
                            "properties": {
                                "rel": {
                                    "type": "string"
                                },
                                "href": {
                                    "type": "string"
                                }
                            }
                        }
                    }
                }
            },
            "GetGetexportsearchdetails": {
                "type": "object",
                "properties": {
                    "items": {
                        "type": "array",
                        "items": {
                            "type": "object",
                            "properties": {
                                "s_number": {
                                    "type": "integer"
                                },
                                "slot_id": {
                                    "type": "integer"
                                },
                                "slot_number": {
                                    "type": "string"
                                },
                                "pd_qtr": {
                                    "type": "string"
                                },
                                "platform": {
                                    "type": "string"
                                },
                                "system": {
                                    "type": "string"
                                },
                                "slot_type": {
                                    "type": "string"
                                },
                                "slot_status": {
                                    "type": "string"
                                },
                                "customer": {
                                    "type": "string"
                                },
                                "part_number": {
                                    "type": "integer"
                                },
                                "part_description": {
                                    "type": "string"
                                },
                                "quantity": {
                                    "type": "integer"
                                },
                                "promise_date": {
                                    "nullable": true
                                },
                                "sales_order": {
                                    "type": "string"
                                },
                                "planning_organization": {
                                    "type": "string"
                                },
                                "mfr": {
                                    "type": "string"
                                },
                                "mfr_site": {
                                    "type": "string"
                                },
                                "actual_date": {
                                    "type": "string"
                                },
                                "forecast_name": {
                                    "type": "string"
                                },
                                "revenue": {
                                    "type": "string"
                                },
                                "config_number": {
                                    "type": "string"
                                },
                                "request_number": {
                                    "type": "string"
                                },
                                "customer_date": {
                                    "type": "string"
                                },
                                "marketing_comments": {
                                    "type": "string"
                                },
                                "operations_comments": {
                                    "type": "string"
                                },
                                "sub_division": {
                                    "type": "string"
                                },
                                "rfc_type": {
                                    "type": "string"
                                },
                                "system_count": {
                                    "type": "string"
                                },
                                "revenue_system_count": {
                                    "type": "integer"
                                },
                                "system_count_adj": {
                                    "type": "integer"
                                },
                                "revenue_adj": {
                                    "type": "integer"
                                },
                                "cogs_adj": {
                                    "type": "integer"
                                },
                                "revenue_qtr": {
                                    "type": "string"
                                },
                                "adjustment_comment": {
                                    "type": "string"
                                },
                                "finance_comments": {
                                    "type": "string"
                                }
                            }
                        }
                    },
                    "hasMore": {
                        "type": "boolean"
                    },
                    "limit": {
                        "type": "integer"
                    },
                    "offset": {
                        "type": "integer"
                    },
                    "count": {
                        "type": "integer"
                    },
                    "links": {
                        "type": "array",
                        "items": {
                            "type": "object",
                            "properties": {
                                "rel": {
                                    "type": "string"
                                },
                                "href": {
                                    "type": "string"
                                }
                            }
                        }
                    }
                }
            }
        }
    }
}