{
    "vbcs.dt.version": "20250610-25.10.2",
    "dependencies": {
        "upgrade": "micro",
        "paths": {
            "jet": "https://static.oracle.com/cdn/jet/18.1.4",
            "telemetry": "https://static.oracle.com/cdn/trace/10.2.2",
            "oracleImageGallery": "https://static.oracle.com/cdn/fnd/gallery/2510.0.1",
            "visualRuntime": "https://static.oracle.com/cdn/vb/2510.1.0"
        }
    },
    "source.version": "2510",
    "rootURL": "DEV_KARAN_WS",
    "version": "0.1"
}