{
  "id": "buyer-po",
  "description": "Flow main",
  "defaultPage": "mapping-search",
  "services": {},
  "types": {
    "@decorators.getBuyerGroupDetails": {
      "endpoint": "getBuyerGroupDetails",
      "service": "ords_conn",
      "path": "response"
    },
    "@decorators.getBuyerGroupType": {
      "endpoint": "getBuyerGroup",
      "service": "ords_conn",
      "path": "response"
    },
    "@decorators.getPODetails": {
      "endpoint": "getPODetails",
      "service": "ords",
      "path": "response"
    },
    "@decorators.getProcurementPersonsLOV": {
      "endpoint": "getProcurementPersonsLOV",
      "service": "fscm_conn",
      "path": "response-_-items[0]"
    },
    "@decorators.getSuppliers": {
      "endpoint": "getSuppliers",
      "service": "fscm",
      "path": "response"
    },
    "defaultLOV": {
      "label": "string",
      "value": "string"
    },
    "CreateActionHistoryType": {
      "ACTION_CODE": "string",
      "ACTION_DATE": "string",
      "ASSIGNMENT_DATE": "string",
      "CORRELATION_ID": "string",
      "EMAIL_MESSAGE_ID": "string",
      "INCOMPLETE_ERROR_MESSAGE": "string",
      "LAST_UPDATED_BY": "string",
      "NOTE": "string",
      "OBJECT_ID": "string",
      "OBJECT_SUB_TYPE_CODE": "string",
      "OBJECT_TYPE_CODE": "string",
      "OBJECT_VERSION_NUMBER": "string",
      "P_PO_NUMBER": "string",
      "PERFORMER_ID": "string",
      "PERFORMER_NAME": "string",
      "PO_VERSION_ID": "string",
      "REQUEST_ID": "string",
      "ROLE_CODE": "string",
      "SEQUENCE_NUM": "string"

    },
    "getBuyerGroupDetails": {
      "ASSOCIATIONS": [
        {
          "ASSOCIATION_ID": "number",
          "BUYER_GROUP_ID": "number",
          "CREATED_BY": "string",
          "CREATION_DATE": "string",
          "DISABLED_DATE": "any",
          "ENABLED_FLAG": "boolean",
          "PROCUREMENT_BU": "string",
          "PROCUREMENT_BU_ID": "number",
          "REQUISITION_BU": "string",
          "REQUISITION_BU_ID": "number",
          "SUPPLIER_SITE": "string",
          "SUPPLIER_ID": "number",
          "SUPPLIER_NAME": "string",
          "SUPPLIER_NUMBER": "string",
          "SUPPLIER_SITE_ID": "number",
          "UPDATED_BY": "any",
          "UPDATED_DATE": "string"
        }
      ],
      "BUYER_GROUP_ID": "number",
      "BUYER_GROUP_NAME": "string",
      "BUYERS": [
        {
          "BUYER_CODE": "string",
          "BUYER_GROUP_ID": "number",
          "CREATED_BY": "any",
          "CREATION_DATE": "string",
          "DISABLED_DATE": "any",
          "DISPLAY_NAME": "string",
          "EMAIL": "string",
          "ENABLED_FLAG": "boolean",
          "JOB": "any",
          "PERSON_ID": "number",
          "PERSON_NUMBER": "any",
          "UPDATED_BY": "any",
          "UPDATED_DATE": "string"
        }
      ],
      "CREATED_BY": "string",
      "CREATION_DATE": "string",
      "DESCRIPTION": "string",
      "DISABLED_DATE": "any",
      "ENABLED_FLAG": "boolean",
      "UPDATED_BY": "any",
      "UPDATED_DATE": "any"
    },
    "getBuyerGroupType": {
      "items": [
        {
          "buyer_group_id": "number",
          "buyer_group_name": "string",
          "buyers": "any",
          "created_by": "string",
          "creation_date": "string",
          "description": "string",
          "disabled_date": "any",
          "enabled_flag": "string",
          "object_version": "number",
          "suppliers": "any",
          "updated_by": "any",
          "updated_date": "any"
        }
      ]
    },
    "getPODetails": {
      "acknowledge_within_days": "any",
      "attribute_category": "any",
      "attribute1": "any",
      "attribute10": "any",
      "attribute2": "any",
      "attribute3": "any",
      "attribute4": "any",
      "attribute5": "any",
      "attribute6": "any",
      "attribute7": "any",
      "attribute8": "any",
      "attribute9": "any",
      "bill_to_bu": "any",
      "bill_to_location": "string",
      "buyer_id": "any",
      "buyer_name": "string",
      "change_order_description": "any",
      "change_order_num": "any",
      "change_type": "any",
      "communication_method": "any",
      "communication_value": "any",
      "created_by": "string",
      "creation_date": "string",
      "currency_code": "any",
      "document_type_code": "any",
      "fob": "string",
      "freight_terms": "string",
      "functional_currency": "any",
      "initiating_party": "any",
      "lines": [
        {
          "amount": "any",
          "attribute_category": "any",
          "attribute1": "string",
          "attribute2": "any",
          "attribute3": "any",
          "attribute4": "any",
          "attribute5": "any",
          "category_name": "any",
          "change_type": "any",
          "cost_type_desc": "any",
          "created_by": "any",
          "creation_date": "string",
          "extended_price": "any",
          "item_cost": "any",
          "item_description": "string",
          "item_number": "string",
          "item_revision": "any",
          "late_rev": "any",
          "line_num": "any",
          "line_type": "any",
          "material_cost": "any",
          "naics_code": "any",
          "need_by_date": "any",
          "note_to_receiver": "any",
          "note_to_supplier": "any",
          "object_version": "any",
          "open_quantity": "any",
          "ordered_quantity": "number",
          "organization_code": "string",
          "po_line_cancel_date": "any",
          "po_line_cancel_flag": "any",
          "po_line_cancel_reason": "any",
          "po_line_cancelled_by": "any",
          "po_line_closed_date": "any",
          "po_line_created_by": "any",
          "po_line_creation_date": "any",
          "po_line_last_update_date": "any",
          "po_line_last_updated_by": "any",
          "po_line_status": "any",
          "price": "number",
          "request_line_id": "number",
          "uom": "string",
          "updated_by": "any",
          "updated_date": "string"

        }
      ],
      "note_to_receiver": "string",
      "note_to_supplier": "string",
      "object_version": "any",
      "payment_terms": "string",
      "po_comments": "any",
      "po_header_id": "any",
      "po_number": "any",
      "po_status": "string",
      "po_style": "string",
      "procurement_bu": "string",
      "rate": "any",
      "rate_date": "any",
      "rate_type": "any",
      "request_id": "number",
      "required_acknowledgment": "any",
      "requisitioning_bu": "string",
      "sequencenumber": "any",
      "ship_address1": "any",
      "ship_address2": "any",
      "ship_address3": "any",
      "ship_city": "any",
      "ship_country": "any",
      "ship_state": "any",
      "ship_to_location": "string",
      "ship_to_tax": "any",
      "ship_zip": "any",
      "shipment_method": "any",
      "shipping_contact": "string",
      "shipping_instruction": "string",
      "shipping_method": "any",
      "sold_to_legal_entity": "string",
      "supplier": "string",
      "supplier_contact": "string",
      "supplier_contact_id": "any",
      "supplier_id": "number",
      "supplier_site": "string",
      "supplier_site_id": "number",
      "updated_by": "string",
      "updated_date": "string"

    },
    "getProcurementPersonsLOV": {
      "Department": "string",
      "DisplayName": "string",
      "Email": "string",
      "Job": "string",
      "LocationId": "number",
      "PersonId": "number",
      "PersonNumber": "string"
    },
    "getSuppliers": {
      "items": [
        {
          "AlternateName": "string",
          "Supplier": "string",
          "SupplierId": "number",
          "SupplierNumber": "string"
        }
      ]
    }

  },
  "variables": {
    "actionApprovalADP": {
      "defaultValue": {
        "itemType": "any"
      },
      "type": "vb/ArrayDataProvider2"
    },
    "actionHistoryADP": {
      "type": "vb/ArrayDataProvider2",
      "defaultValue": {
        "itemType": "any"
      }
    },
    "buyerADP": {
      "type": "vb/ArrayDataProvider2",
      "defaultValue": {
        "itemType": "defaultLOV",
        "keyAttributes": "value"
      }
    },
    "BuyerADP_new": {
      "type": "vb/ArrayDataProvider2",
      "defaultValue": {
        "itemType": "getProcurementPersonsLOV",
        "keyAttributes": "PersonId",
        "textFilterAttributes": [
          "DisplayName",
          "PersonId",
          "Email"
        ]
      }
    },
    "BuyerAssoSDP": {
      "type": "vb/ServiceDataProvider",
      "defaultValue": {
        "endpoint": "ords_conn/getBuyerGroup",
        "responseType": "getBuyerGroupType",
        "itemsPath": "items",
        "filterCriterion": {
          "op": "$co",
          "attribute": "buyer_group_name",
          "value": "{{ $variables.searchFilter.text }}"
        }
      }
    },
    "paymentTermADP": {
      "type": "vb/ArrayDataProvider2",
      "defaultValue": {
        "itemType": "any",
        "keyAttributes": "Name"
      }
    },
    "poStylesADP": {
      "type": "vb/ArrayDataProvider2",
      "defaultValue": {
        "itemType": "any",
         "keyAttributes": "styleName"        
      }
    },
    "procurementBU": {
      "type": "vb/ArrayDataProvider2",
      "defaultValue": {
        "itemType": "any",
        "keyAttributes": "value"
      }
    },

    "searchFilter": {
      "type": {
        "buyer": "string",
        "fromDate": "string",
        "request_id": "string",
        "status": "string",
        "supplier": "string",
        "text": "string",
        "toDate": "string"

      }
    },
    "shippingMethodADP": {
      "type": "vb/ArrayDataProvider2",
      "defaultValue": {
        "itemType": "any",
        "keyAttributes": "ShippingMethod"
      }
    },
    "supplierAssoc": {
      "type": "any"
    },
    "supplierSDP": {
      "type": "vb/ServiceDataProvider",
      "defaultValue": {
        "endpoint": "fscm/getSuppliers",
        "responseType": "getSuppliers",
        "itemsPath": "items",
        "transformsContext": {
          "vb-textFilterAttributes": [
            "SupplierNumber",
            "Supplier"
          ]
        },
        "uriParameters": {
          "q": "{{ $variables.supplierAssoc ? 'Supplier in ' + $application.functions.getInClause($variables.supplierAssoc.supplierList): '' }}"
        },
        "keyAttributes": "SupplierId"
      }
    },
    "transferStatusADP": {
      "defaultValue": {
        "itemType": "any",
        "keyAttributes": "value"
      },
      "type": "vb/ArrayDataProvider2"
    },
    "transferTypeADP": {
      "type": "vb/ArrayDataProvider2",
      "defaultValue": {
        "itemType": "any",
        "keyAttributes": "value"
      }
    },
    "transReqDetails": {
      "type": "getBuyerGroupDetails"
    }

  },
  "eventListeners": {
    "vbEnter": {
      "chains": [
        {
          "parameters": {},
          "chain": "flowLoadChain"
        }
      ]
    }
  }
}